Date,pcf,PEG_trailing,dpr,npm,gpm,roa,roe,capital_ratio,de_ratio,cash_ratio,curr_ratio,inv_turn,pay_turn,sale_nwc,rd_sale,accrual,SPY,NADQ,gdpr1,gdpr2,cpi,bond20yr,bond30yr,fedfunds,cpir,wpir,unemp,employ,SMA,EMA,STOCH_k,STOCK_d,RSI,MFI,SAR,AD
2010-01-29,10.136134375317564,-0.1771171356277241,0.0670134804924509,0.2331496215140562,0.4350482905765051,0.2986141647932329,0.375211762539339,0.0144711191232098,1.1861919455727956,0.7810364627711409,1.0723537708678132,54.194112967451424,4.172481483145118,10.266238995768584,0.0348441433351846,-0.0647540702735637,83.4351,4.9752,15648.991,15456.059,2.1749,4.38,4.51,0.12,1.6366,6.8318,9.8,129790.0,,192.063,,,,,,-464228696.0221
2010-02-26,15.286296815407145,0.6776362795335076,0.052976909904373,0.2225672258682722,0.4168041654005486,0.161237185653146,0.2988277776054491,0.2100303270381605,0.000567963889871,0.4562932679727544,1.09889366703243,34.915006920849024,3.674882041087497,18.99396045983949,0.0345525463796874,-0.0794359211113405,86.0379,5.1521,15648.991,15456.059,2.1728,4.4,4.55,0.13,1.6366,6.8318,9.8,129698.0,,198.3415,,,,,,-573160660.2006236
2010-03-31,17.811,0.015,0.0,0.2,0.426,0.311,0.341,0.0,0.639,1.772,2.434,62.233,5.155,2.368,0.03,-0.056,91.278,5.8408,15648.991,15456.059,2.1735,4.55,4.72,0.09,1.6366,6.8318,9.9,129879.0,210.561,216.67075,23495.97183993225,,100.0,100.0,190.25,-315234034.5571052
2010-04-30,19.795,0.016,0.0,0.2,0.426,0.311,0.341,0.0,0.639,1.772,2.434,62.233,5.155,2.368,0.03,-0.056,92.6901,5.8076,15648.991,15605.628,2.174,4.36,4.53,0.2,1.6366,6.8318,9.9,130110.0,233.57,238.880375,26106.661438549192,,100.0,100.0,190.25,131445144.70011234
2010-05-28,9.638055399994233,0.1693510623725554,0.0734489005315026,0.1970396398666,0.4232231274710663,0.2541942250491098,0.3350134643346225,-0.0531778747778765,0.9498383837340192,0.4523007063987431,1.2838775631138704,37.40744839129867,4.739630600753364,2.9880932971499137,0.0266995700858605,-0.0474865715983264,85.3254,5.1411,15648.991,15605.628,2.1729,4.05,4.22,0.19,1.6366,6.8318,9.6,130650.0,250.99,247.8801875,25685.278377270864,25095.970551917435,93.06196440342784,57.505342617749925,191.8942,-754022878.1094875
2010-06-30,17.031,0.014,0.0,0.211,0.429,0.328,0.348,0.0,0.558,1.788,2.475,56.982,5.217,2.592,0.03,-0.054,80.9104,4.9171,15648.991,15605.628,2.172,3.74,3.91,0.09,1.6366,6.8318,9.4,130511.0,256.5,249.70509375,25150.501880641925,25647.48056548733,73.18373071528755,63.05450144957047,193.413916,-1346266778.6696992
2010-07-30,8.366786133633381,0.6121667151300689,0.1056268810287068,0.1893787073001068,0.4288608026277733,0.3691594813572098,0.3694283788317058,0.0605465094620839,1.3420143803076676,0.6920788915358312,0.9082343163469316,62.44711803446037,3.3984244850776246,28.489889952371065,0.0305470751459694,-0.0095409723444839,86.4367,5.3845,15648.991,15726.282,2.1761,3.74,3.98,0.18,1.6366,6.8318,9.4,130427.0,255.22000000000003,253.477546875,25722.501880641925,25519.42737951824,37.43455497382205,33.93882962881,195.12583768,-565075405.8472673
2010-08-31,13.861,0.012,0.0,0.214,0.424,0.339,0.345,0.0,0.489,1.825,2.541,50.419,5.101,2.826,0.029,-0.07,82.5487,4.953,15648.991,15726.282,2.1792,3.23,3.52,0.21,1.6366,6.8318,9.5,130422.0,250.6266666666667,248.2887734375,24304.578596087456,25059.194119123767,22.68041237113401,40.27925116454848,196.5431209264,-1183618042.4580002
2010-09-30,16.222,0.014,0.0,0.214,0.424,0.339,0.345,0.0,0.489,1.825,2.541,50.419,5.101,2.826,0.029,-0.07,89.9412,5.3734,15648.991,15726.282,2.1828,3.38,3.69,0.15,1.6366,6.8318,9.5,130357.0,261.3666666666667,266.01938671875,28371.01892851107,26132.69980174681,76.61929940515532,33.87526797317098,197.897858507872,-333684900.4602708
2010-10-29,10.008738394836842,0.4939163823941987,0.0789781860146637,0.2252805968622525,0.4388101776085528,0.2946879506590471,0.3043157066997312,-0.0653765150852192,0.3846272287235157,0.9461002352284614,0.9294300191998108,63.80327113837684,2.996392625699162,19.606110113256065,0.0329913769481604,-0.074037838911979,93.3772,5.838,15648.991,15807.995,2.1904,3.64,3.99,0.2,1.6366,6.8318,9.4,130625.0,275.9433333333333,283.499693359375,30095.176893576223,27590.25813939158,80.35540746911009,74.44810873497781,199.83450133771453,571251063.4632415
2010-11-30,15.349,0.357,0.0,0.215,0.408,0.315,0.326,0.0,0.573,1.236,2.011,51.274,4.451,3.112,0.027,-0.075,93.3772,5.9376,15648.991,15807.995,2.1959,3.8,4.12,0.2,1.6366,6.8318,9.8,130750.0,298.62666666666667,297.3248466796875,31111.71714209544,29859.304321394244,100.0,100.0,202.21781131096023,1522925403.7673817
2010-12-31,15.977,0.37,0.0,0.215,0.408,0.315,0.326,0.0,0.573,1.236,2.011,51.274,4.451,3.112,0.027,-0.075,99.6189,6.5626,15648.991,15807.995,2.2047,4.13,4.34,0.13,1.6366,6.8318,9.3,130822.0,311.56333333333333,309.94242333984374,32250.31847003477,31152.404168568813,100.0,100.0,204.59945508474104,2550138183.9185905
2011-01-31,16.811,0.389,0.0,0.215,0.408,0.315,0.326,0.0,0.573,1.236,2.011,51.274,4.451,3.112,0.027,-0.075,101.94,6.77,15891.534,15769.911,2.2119,4.33,4.58,0.17,3.1397,8.8003,9.1,130841.0,324.3433333333333,324.63121166992187,33926.14319433517,32429.39293548846,100.0,100.0,207.0406659830462,3662135748.800583
2011-02-28,14.407,0.012,0.0,0.218,0.403,0.361,0.369,0.0,0.534,1.383,2.128,51.807,4.534,3.739,0.026,-0.088,105.4812,7.9121,15891.534,15769.911,2.219,4.25,4.49,0.16,3.1397,8.8003,9.0,131053.0,338.3633333333333,338.9206058349609,35314.70345930814,33830.38837455936,100.0,100.0,209.87185266338528,4820549544.734819
2011-03-31,14.267,0.012,0.0,0.218,0.403,0.361,0.369,0.0,0.534,1.383,2.128,51.807,4.534,3.739,0.026,-0.088,105.4924,7.1461,15891.534,15769.911,2.2305,4.29,4.51,0.1,3.1397,8.8003,9.0,131288.0,347.0125,343.71405291748044,34842.64195901506,34694.49620421946,86.69825330598971,63.957924402818136,212.9724156101176,3558533882.7034354
2011-04-29,12.45448992082962,0.0951506310718057,0.0150254364606436,0.2368506201423353,0.4311397185974676,0.348755369881794,0.353196749990323,0.1974616496148174,-0.0283404726799934,0.7511731500673233,1.432249773348667,51.44931179182916,3.198489296858965,7.239962564996066,0.0346895456067134,-0.0685663117962021,108.5477,7.5001,15891.534,15876.839,2.2409,4.15,4.4,0.09,3.1397,8.8003,9.1,131602.0,350.6158333333333,346.9220264587402,35005.84398748323,35054.39646860214,76.7375711105615,31.63820081852019,215.9463672979152,5056535609.44743
2011-05-31,12.149,0.009,0.0,0.224,0.407,0.377,0.388,0.0,0.553,1.257,1.997,54.512,4.304,4.155,0.024,-0.091,107.3304,7.0576,15891.534,15876.839,2.2481,3.91,4.22,0.1,3.1397,8.8003,9.0,131703.0,348.8225,347.3760132293701,34775.28715972055,34874.59103540628,18.811594202898576,25.11624938442468,218.7300399519569,3399799277.036322
2011-06-30,11.752,0.009,0.0,0.224,0.407,0.377,0.388,0.0,0.553,1.257,1.997,54.512,4.304,4.155,0.024,-0.091,105.5178,6.9967,15891.534,15876.839,2.2481,4.09,4.38,0.07,3.1397,8.8003,9.1,131939.0,344.5433333333333,341.5230066146851,33560.04279632534,34447.05798117638,10.0886056272346,27.51642433690222,221.39203915291776,1673859988.3800185
2011-07-29,12.367983132395477,0.8162150526357796,0.1250041964156592,0.2384068305044218,0.4250646030825687,0.2941564185549209,0.291490098588573,0.3681006522336913,0.910235930811503,0.5867191778178552,1.2592905326350912,52.08489568357771,3.971619568632239,14.578825482074128,0.0410519522108806,-0.0518557890990788,103.407,6.6566,15891.534,15870.684,2.254,3.77,4.12,0.11,3.1397,8.8003,9.0,131999.0,357.99333333333334,366.00150330734255,39044.69680851064,35793.34225485218,79.12516240796884,67.42634017948373,224.0068383698594,3628531136.296636
2011-08-31,10.883,0.008,0.0,0.235,0.414,0.4,0.416,0.0,0.559,1.152,1.876,62.607,4.247,4.789,0.023,-0.107,97.7221,6.5515,15891.534,15870.684,2.2611,3.19,3.6,0.08,3.1397,8.8003,9.0,132125.0,370.32666666666665,375.4157516536712,38479.69680851064,37028.14547111554,75.47507573671164,76.66862548327265,227.6167016024622,1461261520.3077295
2011-09-30,10.809,0.008,0.0,0.235,0.414,0.4,0.416,0.0,0.559,1.152,1.876,62.607,4.247,4.789,0.023,-0.107,90.9354,6.3994,15891.534,15870.684,2.266,2.66,2.9,0.06,3.1397,8.8003,9.0,132358.0,385.54333333333335,378.3678758268357,38128.2305436499,38550.87472022372,85.6807878693137,100.0,231.05436757041292,-503430014.8014312
2011-10-31,11.476,0.008,0.0,0.235,0.414,0.4,0.416,0.0,0.559,1.152,1.876,62.607,4.247,4.789,0.023,-0.107,100.8608,6.9276,15891.534,16048.702,2.2675,2.89,3.16,0.09,3.1397,8.8003,8.8,132562.0,390.31,391.5739379134178,40473.20874049946,39027.04536422,71.91906805640704,100.0,234.8904802190047,1646638505.5961642
2011-11-30,9.465,0.189,0.0,0.239,0.422,0.372,0.379,0.0,0.519,0.928,1.608,68.537,4.679,6.361,0.022,-0.121,100.4509,7.2595,15891.534,16048.702,2.2717,2.77,3.06,0.1,3.1397,8.8003,8.6,132694.0,389.4333333333333,386.88696895670887,38215.11123378416,38938.8501726445,47.34611503531786,74.11383667785911,238.7266706146246,-453848214.8014312
2011-12-30,13.37373753938198,0.1268220087304734,0.1292363267180383,0.2525783084225361,0.4462712497316706,0.1740694590997333,0.2519887683774799,0.1380475046582287,0.5417154223212081,0.7366141005635586,1.2919453294048144,55.06816836355719,3.3979823183213056,12.928461691796054,0.0289124036898684,-0.0984565838358294,101.4996,6.7783,15891.534,16048.702,2.2722,2.57,2.89,0.04,3.1397,8.8003,8.5,132896.0,397.32666666666665,395.9434844783544,40495.11123378416,39727.81040268925,67.19930273097037,69.07748277438247,242.1121372023321,1813215059.5280333
2012-01-31,11.341,0.226,0.0,0.239,0.422,0.372,0.379,0.0,0.519,0.928,1.608,68.537,4.679,6.361,0.022,-0.121,106.2066,6.8474,16253.97,16179.968,2.2784,2.59,2.94,0.11,2.0732,0.5444,8.3,133246.0,414.56,426.2117422391772,45644.17235566793,41451.464941078746,76.68800330373737,61.61380757398558,245.45169445828543,4307759289.503314
2012-02-29,11.162,0.007,0.0,0.258,0.441,0.449,0.456,0.0,0.535,1.0,1.702,74.59,4.644,6.401,0.02,-0.113,110.8165,7.2844,16253.97,16179.968,2.2833,2.73,3.08,0.1,2.0732,0.5444,8.3,133518.0,467.97333333333336,484.3258711195887,54241.7774377685,46793.68700907353,100.0,100.0,249.70746056911972,7163484648.838842
2012-03-30,11.880387584095,-0.1673304003669197,0.0542943227349564,0.2253990151093766,0.4440535203066266,0.3851161233962836,0.2442848793257734,0.2839125140272032,0.6659281296159576,0.6135542925205925,1.0791925480233633,52.92412871977638,4.127507778854837,-4.565039210424038,0.0252215458108677,-0.0444957889224564,114.38,7.1627,16253.97,16179.968,2.2881,3.0,3.35,0.09,2.0732,0.5444,8.2,133744.0,532.8233333333334,541.9379355597944,59953.07484113908,53279.67487819184,100.0,100.0,255.66551135773736,10344123937.04854
2012-04-30,12.052,0.007,0.0,0.258,0.441,0.449,0.456,0.0,0.535,1.0,1.702,74.59,4.644,6.401,0.02,-0.113,113.6165,6.7949,16253.97,16253.726,2.2919,2.73,3.12,0.16,2.0732,0.5444,8.2,133827.0,575.3233333333334,562.9589677798972,58395.61088306494,57530.154387324175,90.1853252647504,100.0,262.98120113058263,7357783469.87255
2012-05-31,10.18,0.006,0.0,0.271,0.457,0.467,0.47,0.0,0.515,0.931,1.625,77.248,4.758,7.503,0.02,-0.119,106.7931,6.0509,16253.97,16253.726,2.2871,2.27,2.67,0.16,2.0732,0.5444,8.2,133935.0,587.0866666666667,570.3444838899486,57768.96004820823,58705.881924137415,72.35525148866085,74.44212512904276,270.60157710797097,4177210662.8735504
2012-06-29,7.216787921687117,0.8363914625513519,0.1423331163324546,0.2220311076452006,0.4588893651506807,0.2695124632903832,0.3423590033057236,0.1938712720465341,0.7315066862760373,0.0734863110683402,0.7885159466849565,46.08829270161471,3.0051372650478045,9.279010781001896,0.0207998954990505,-0.0674092734801857,111.1213,6.3076,16253.97,16253.726,2.2852,2.38,2.76,0.09,2.0732,0.5444,8.2,134007.0,581.9033333333333,577.1722419449743,58395.71351173863,58186.76148100393,22.32111071555714,68.69183865766732,277.1247455658116,7557221383.125563
2012-07-31,10.789,0.006,0.0,0.271,0.457,0.467,0.47,0.0,0.515,0.931,1.625,77.248,4.758,7.503,0.02,-0.119,112.4358,6.316,16253.97,16282.151,2.2859,2.21,2.56,0.13,2.0732,0.5444,8.2,134153.0,590.83,593.9661209724871,61070.654724127344,59078.44276135807,84.08859470468431,61.08135506108974,283.3822506544953,11139178904.46039
2012-08-31,11.958,0.007,0.0,0.27,0.46,0.436,0.428,0.0,0.493,0.88,1.585,75.856,4.834,7.964,0.021,-0.089,115.2527,6.3633,16253.97,16282.151,2.2992,2.29,2.68,0.13,2.0732,0.5444,8.1,134330.0,620.0,629.6030604862435,66519.85631185315,61995.40818257304,100.0,100.0,290.11200564140546,14902106030.955229
2012-09-28,9.65938773869806,-0.3924879808630985,0.1247068627432658,0.2254758158410605,0.4362887978634373,0.3507719413352378,0.2931964895763023,0.1793924754298892,1.6036045474352023,0.9601607429649036,1.1456827690250515,31.978443036213992,3.743976139018028,-0.1088403635937442,0.0283057371470792,-0.0467034737072994,118.175,6.5155,16253.97,16282.151,2.3102,2.42,2.82,0.09,2.0732,0.5444,7.8,134512.0,647.7016666666667,648.3540302431218,66706.27996594358,64765.59700064136,100.0,100.0,297.92716552857735,18485198752.02924
2012-10-31,10.739,0.006,0.0,0.27,0.46,0.436,0.428,0.0,0.493,0.88,1.585,75.856,4.834,7.964,0.021,-0.089,116.0245,6.6526,16253.97,16300.035,2.3164,2.46,2.85,0.18,2.0732,0.5444,7.8,134671.0,642.555,621.8370151215609,59526.992757944965,64251.0430119139,43.97486927339423,60.62171628446135,306.0700222180058,15261559902.095036
2012-11-30,10.826,0.19,0.06,0.267,0.459,0.4,0.385,0.0,0.489,0.756,1.496,108.029,4.728,8.189,0.022,-0.062,116.6811,6.7785,16253.97,16300.035,2.3125,2.37,2.81,0.16,2.0732,0.5444,7.7,134834.0,615.9016666666666,603.5585075607804,58525.4626211432,61586.24511501058,2.2284621818616586,29.547232548484843,313.4836217736457,11744423574.570011
2012-12-31,9.826,0.173,0.06,0.267,0.459,0.4,0.385,0.0,0.489,0.756,1.496,108.029,4.728,8.189,0.022,-0.062,117.7311,7.0285,16253.97,16300.035,2.3122,2.54,2.95,0.09,2.0732,0.5444,7.9,135075.0,570.9243,567.8657037803903,53214.43431403829,57088.963231042144,0.0,0.0,319.2739493381728,8373368731.994858
2013-01-31,8.411,0.148,0.06,0.267,0.459,0.4,0.385,0.0,0.489,0.756,1.496,108.029,4.728,8.189,0.022,-0.062,123.7577,7.9651,16553.3475,16441.485,2.3168,2.79,3.17,0.15,1.466,0.6098,8.0,135265.0,524.3143,511.6778518901952,45546.41071428572,52428.76921648907,0.0,0.0,324.7802703514094,5310948690.869703
2013-02-28,7.307,0.005,0.119,0.253,0.444,0.377,0.355,0.0,0.492,0.831,1.546,81.901,4.509,8.02,0.022,-0.091,125.3368,8.9044,16553.3475,16441.485,2.3294,2.71,3.1,0.14,1.466,0.6098,7.7,135544.0,476.3543,476.5389259450976,44137.27426530484,47632.70643120961,0.0,0.0,329.3846649443812,2529448211.927291
2013-03-28,8.25534143648376,-0.3237896947639214,-0.0510472020931813,0.2168719982133423,0.4237600582089562,0.2140441914178581,0.416696208272809,0.1386058324387342,0.0499586507898073,0.8477788352771399,0.7879333937877441,63.32903904109558,3.9666460936093793,4.010937404240239,0.0202064688406439,-0.0745546931843275,130.0965,9.1212,16553.3475,16441.485,2.3228,2.71,3.1,0.09,1.466,0.6098,7.5,135689.0,446.51666666666665,459.5994629725488,44262.919117647056,44648.86803241254,1.3690756240432052,0.0,332.4957716454936,5287598022.999243
2013-04-30,7.326,0.005,0.119,0.253,0.444,0.377,0.355,0.0,0.492,0.831,1.546,81.901,4.509,8.02,0.022,-0.091,132.5959,8.3249,16553.3475,16464.402,2.318,2.49,2.88,0.14,1.466,0.6098,7.6,135876.0,442.28,451.1897314862744,44274.14282852564,44224.778737159184,8.920491273432404,0.0,335.24485621258367,8405143547.653904
2013-05-31,7.64,0.007,0.188,0.235,0.425,0.335,0.309,0.0,0.481,0.881,1.593,84.287,4.911,7.409,0.023,-0.088,135.7265,8.884,16553.3475,16464.402,2.3189,2.95,3.3,0.09,1.466,0.6098,7.5,136091.0,445.0583333333333,450.4623657431372,44968.96140247495,44502.00778288255,100.0,32.50423927379214,337.444959088332,11629422111.28402
2013-06-28,13.967164687760205,0.5465220964568387,0.2047527950180187,0.2349770060370565,0.4295943844854606,0.1486546565845815,0.381827065090379,0.2593117240196788,-0.1957299036182229,1.010701226476737,1.4784561059066512,37.48699712998005,4.141297600547808,12.057474296413911,0.0113204631402766,-0.0620283346638674,133.9131,9.298,16553.3475,16464.402,2.3245,3.22,3.52,0.07,1.466,0.6098,7.5,136269.0,429.6816666666666,423.4961828715686,39648.22504649721,42963.7764258326,11.736894492368918,35.74691303528775,340.0110599065653,8597231083.956528
2013-07-31,7.44,0.007,0.188,0.235,0.425,0.335,0.309,0.0,0.481,0.881,1.593,84.287,4.911,7.409,0.023,-0.088,140.8333,9.1874,16553.3475,16594.743,2.329,3.34,3.64,0.09,1.466,0.6098,7.3,136391.0,432.9316666666666,438.0130914357843,45247.94185744016,43288.37610213744,54.19679752066116,70.87803326665839,342.299438708434,11822880294.539398
2013-08-30,8.547122123294542,0.1391866184090927,0.1688332899610585,0.2138568390763822,0.4354837040533371,0.180565827247758,0.2734105255650235,0.2827177244915444,0.1426810793587384,0.7959988421679967,1.7672847801268288,56.76356036760274,2.977417727938823,4.465386616249564,0.0330488039823233,-0.0800874476021908,136.6094,8.4672,16553.3475,16594.743,2.3346,3.46,3.7,0.07,1.466,0.6098,7.2,136635.0,445.42533333333336,462.61454571789216,48718.48580123328,44538.21756839022,63.02409462718307,69.98598714089927,344.60029993426537,15083895134.249252
2013-09-30,8.105,0.008,0.272,0.223,0.418,0.306,0.274,0.033,0.52,0.958,1.663,76.033,5.087,6.496,0.025,-0.081,140.9374,9.1434,16553.3475,16594.743,2.3354,3.41,3.69,0.06,1.466,0.6098,7.2,136819.0,472.16533333333336,469.6822728589461,47671.43423391397,47212.62063086248,89.65319519139513,62.14743456993814,347.9830939355801,11831208573.88042
2013-10-31,8.891,0.009,0.272,0.223,0.418,0.306,0.274,0.033,0.52,0.958,1.663,76.033,5.087,6.496,0.025,-0.081,147.4637,10.0887,16553.3475,16712.76,2.3367,3.33,3.63,0.07,1.466,0.6098,7.2,137039.0,495.556,496.19213642947307,52265.340497663805,49551.753510937015,88.51203020723568,65.81221677519447,351.1818320568685,15211867287.865786
2013-11-29,11.511841277366674,0.1522085095894465,0.1699631448780677,0.2196453856687927,0.4141300139126192,0.3005649145207134,0.3939658238107963,0.2033701177957073,0.3055418655887242,0.8603581823745534,1.3311455021400282,36.41047810760071,3.167145903093906,-3.524568520192957,0.0460261652920391,-0.0576997326429455,151.8342,11.1879,16553.3475,16712.76,2.341,3.54,3.82,0.07,1.466,0.6098,6.9,137314.0,518.5073333333333,526.1310682147366,55602.97497974981,51846.5832371092,88.34339429309692,62.47096961243852,354.9431954157311,18760782022.76519
2013-12-31,9.33,0.32,0.288,0.217,0.416,0.291,0.272,0.121,0.675,0.929,1.679,78.16,4.631,5.769,0.026,-0.087,155.7661,11.3712,16553.3475,16712.76,2.3472,3.72,3.96,0.07,1.466,0.6098,6.7,137368.0,546.5973333333333,543.5755341073683,56097.06193743689,54655.12580495016,100.0,100.0,359.0109315074165,22365913018.20048
2014-01-31,8.321,0.286,0.288,0.217,0.416,0.291,0.272,0.121,0.675,0.929,1.679,78.16,4.631,5.769,0.026,-0.087,150.2756,10.8997,16932.0518,16654.247,2.3529,3.35,3.61,0.07,1.6155,0.9371,6.6,137552.0,539.23,522.0877670536842,50053.95054041267,53917.995819199794,38.80775385363285,59.86209442885429,363.33342887726815,19007621002.36009
2014-02-28,8.872,0.012,0.293,0.213,0.416,0.284,0.258,0.09,0.615,0.963,1.685,59.513,4.965,6.003,0.028,-0.078,157.1155,10.9683,16932.0518,16654.247,2.3555,3.31,3.59,0.06,1.6155,0.9371,6.7,137707.0,529.2866666666666,524.163883526842,52617.95054041267,52922.98767275408,33.611691022964465,60.75411994922731,367.2707602997228,22373967095.460068
2014-03-31,8.742,0.013,0.293,0.213,0.416,0.284,0.258,0.09,0.615,0.963,1.685,59.513,4.965,6.003,0.028,-0.078,158.4213,10.5889,16932.0518,16654.247,2.3603,3.31,3.56,0.06,1.6155,0.9371,6.7,137986.0,521.1933333333334,530.451941763421,53666.59489872468,52112.83199318333,37.42750621375311,55.96567963814317,370.9491450937283,25751703627.92622
2014-04-30,9.607,0.014,0.293,0.213,0.416,0.284,0.258,0.09,0.615,0.963,1.685,59.513,4.965,6.003,0.028,-0.078,159.5225,10.5774,16932.0518,16868.109,2.3647,3.22,3.47,0.09,1.6155,0.9371,6.2,138298.0,551.0233333333334,560.2709708817106,59004.01348247279,55096.18630720338,100.0,100.0,374.51016219185374,29310533852.923588
2014-05-30,10.577634277633368,-0.2412536716714071,0.1148048021726102,0.2152701338742194,0.4505316923208008,0.3833370872579743,0.3569088687163909,0.001111726060794,0.8903185912772792,0.8684774421638274,1.8831073207462867,56.57305835125976,4.592472048359253,7.756905235851418,0.0453682011332478,-0.0745182727918612,163.2245,10.8641,16932.0518,16868.109,2.3692,3.05,3.33,0.08,1.6155,0.9371,6.3,138501.0,586.61,596.6354854408553,63296.15078289672,58655.58638803139,100.0,100.0,379.0085589480167,33002526357.8395
2014-06-30,10.318,0.017,0.292,0.214,0.421,0.28,0.26,0.12,0.687,0.934,1.652,54.959,4.743,6.1,0.029,-0.079,166.5923,11.116,16932.0518,16868.109,2.3723,3.08,3.34,0.09,1.6155,0.9371,6.1,138833.0,438.67333333333335,344.7827427204277,9292.840369651538,43864.33487834034,15.1273710181824,52.02208566785111,89.65,30153762437.81319
2014-07-31,10.612,0.018,0.292,0.214,0.421,0.28,0.26,0.12,0.687,0.934,1.652,54.959,4.743,6.1,0.029,-0.079,164.3537,12.1435,16932.0518,17064.616,2.375,3.07,3.32,0.08,1.6155,0.9371,6.2,139076.0,273.8433333333333,220.19137136021385,9559.840369651538,27382.943840733264,7.782805429864254,27.38082181862947,92.57,32880473187.970505
2014-08-29,13.41491502511488,-0.7010057833846195,0.0031126031292354,0.195808342528031,0.4258024481103526,0.2077037385139026,0.3852429566433805,0.1666667144645146,-0.0657228938602569,0.4981346084710913,0.8914891292606865,69.33139377769939,4.516685413447567,21.90037612137145,0.036441016029499,-0.059263424223962,170.8397,12.5119,16932.0518,17064.616,2.3746,2.83,3.09,0.07,1.6155,0.9371,6.1,139258.0,97.01,161.34568568010693,10249.840369651538,9700.840369651538,1.7411396550469362,21.60103344603874,92.7074,36460699097.17148
2014-09-30,10.484,0.5114454753933366,0.287,0.216,0.428,0.282,0.272,0.139,0.741,0.859,1.563,55.813,4.459,6.768,0.031,-0.084,168.4836,12.252,16932.0518,17064.616,2.3748,2.98,3.21,0.07,1.6155,0.9371,5.9,139563.0,99.61666666666667,131.04784284005348,10066.712623097585,9958.797787466889,84.54063604240281,71.20242385972546,92.911252,32555666880.93103
2014-10-31,11.236,0.3762131121068351,0.287,0.216,0.428,0.282,0.272,0.139,0.741,0.859,1.563,55.813,4.459,6.768,0.031,-0.084,172.4516,12.4946,16932.0518,17141.235,2.3743,2.81,3.07,0.07,1.6155,0.9371,5.7,139805.0,103.75,119.52392142002674,10793.680216802168,10370.077736517096,88.9937106918239,100.0,93.12782696,37812517134.4312
2014-11-28,10.731362392497651,0.0259853586420092,-0.0005701557123086,0.2484104977741836,0.4192314921723777,0.2692454446433085,0.302218430380287,0.1904055175680947,0.8064824451692307,0.625044281571532,1.850108113274792,34.213851927363805,3.686889720194941,12.090026158863813,0.0486342910166517,-0.0591515066712401,177.1892,12.9711,16932.0518,17141.235,2.3698,2.62,2.89,0.08,1.6155,0.9371,5.8,140089.0,109.22666666666667,119.22696071001336,11889.12617012617,10916.506336675307,91.21926743602609,100.0,93.4260704208,43777987609.40352
2014-12-31,10.77,0.813,0.284,0.216,0.429,0.275,0.291,0.206,1.078,0.395,1.08,53.838,3.982,35.962,0.033,-0.092,176.7355,13.8974,16932.0518,17141.235,2.3625,2.47,2.75,0.06,1.6155,0.9371,5.6,140366.0,112.43666666666668,114.80348035500668,11034.12617012617,11238.977519018168,68.013468013468,66.23656630654534,93.95254901238398,38205160348.01858
2015-01-30,6.063856053925896,0.2068069161180803,0.1038884775317552,0.2214075050954236,0.4273064023529167,0.2880838474834478,0.1661279143285369,-0.1267210124367105,1.1677332146841235,0.4038209806731109,1.984893836253344,32.20773451951421,4.711381259961652,25.23412462045489,0.028149066476912,-0.0238950094760316,171.499,13.2136,17390.2953,17280.647,2.3475,2.04,2.25,0.06,0.1211,-7.2393,5.7,140562.0,115.49,115.98174017750334,11709.192582953809,11544.148307735382,67.44097486671743,66.93754712753558,94.4584980321363,44600647290.77307
2015-02-27,9.2079048843536,-0.1346242792218437,0.1758149003004789,0.2321896989932731,0.4533314780493835,0.4030743871222717,0.2949291084928072,-0.1872477748709936,1.030424020862582,0.953999480816191,1.0953943430623716,51.64019480685668,4.355152441730256,9.830013293760064,0.0395627353786976,-0.0873280000932697,181.138,14.5349,17390.2953,17280.647,2.3534,2.38,2.6,0.06,0.1211,-7.2393,5.5,140829.0,118.66666666666669,122.22087008875168,12842.388332758026,11861.902361946,67.89335336087119,70.8297934271553,94.96932807149358,51465798444.1052
2015-03-31,10.242,-0.1143327840131365,0.251,0.223,0.434,0.306,0.317,0.184,0.938,0.604,1.282,57.818,4.205,12.497,0.033,-0.115,178.286,14.8058,17390.2953,17280.647,2.3598,2.31,2.54,0.06,0.1211,-7.2393,5.4,140924.0,123.35,123.32543504437584,12439.388332758026,12330.323082823286,81.77295341474446,67.14537740661157,95.74194151006373,45002133744.5881
2015-04-30,10.191,-0.1879327596685708,0.251,0.223,0.434,0.306,0.317,0.184,0.938,0.604,1.282,57.818,4.205,12.497,0.033,-0.115,180.0393,14.1344,17390.2953,17380.875,2.3622,2.49,2.75,0.08,0.1211,-7.2393,5.4,141202.0,126.01333333333334,124.23771752218792,12508.711809317443,12596.829491611164,74.89096573208724,65.430975849976,96.43270267986244,50826669541.06848
2015-05-29,8.729329291315697,0.5210367705672523,0.0559511001245602,0.2343112399248378,0.4460566623715012,0.2475558469065853,0.2659999687004666,0.0731924819349736,0.5968086243480227,0.4228124263936357,1.3032110950848923,44.07133366291285,4.000362338753985,14.160083859200196,0.0380556873960057,-0.022745297161373,182.3539,15.0413,17390.2953,17380.875,2.37,2.63,2.88,0.08,0.1211,-7.2393,5.6,141540.0,126.62,127.25885876109396,13018.578621223858,12655.559587766444,59.21052631578944,63.64535949506292,97.19484862626518,57071191132.86416
2015-06-30,9.378,0.9071497522138146,0.235,0.225,0.439,0.316,0.342,0.212,1.016,0.531,1.189,56.801,4.276,18.537,0.033,-0.12,178.6885,14.2566,17390.2953,17380.875,2.3766,2.83,3.11,0.08,0.1211,-7.2393,5.3,141695.0,126.95166666666668,126.341929380547,12531.739510489511,12686.343313676938,54.64736104624003,69.12945047108616,97.91035165373988,51464962788.7993
2015-07-31,9.065,0.4645967358208697,0.235,0.225,0.439,0.316,0.342,0.212,1.016,0.531,1.189,56.801,4.276,18.537,0.033,-0.12,182.6461,14.905,17390.2953,17437.08,2.3803,2.61,2.92,0.08,0.1211,-7.2393,5.2,141989.0,125.66833333333334,123.82096469027348,12121.329454545454,12557.215862086276,36.35719347980152,33.56089860739836,98.57994462066507,46596837127.2239
2015-08-31,7.935,0.6017563323001525,0.225,0.226,0.442,0.319,0.355,0.233,1.1,0.48,1.114,56.677,4.263,30.209,0.034,-0.121,171.4417,14.9518,17390.2953,17437.08,2.3803,2.64,2.95,0.08,0.1211,-7.2393,5.1,142130.0,119.82833333333332,118.29048234513677,11273.754454478889,11975.607806504617,0.0,0.0,92.0,41153322773.81828
2015-09-30,7.762,0.5298916846167635,0.225,0.226,0.442,0.319,0.355,0.233,1.1,0.48,1.114,56.677,4.263,30.209,0.034,-0.121,167.1574,15.6533,17390.2953,17437.08,2.375,2.51,2.87,0.07,0.1211,-7.2393,5.0,142265.0,114.67,114.12024117256836,10992.754454478889,11462.612787834409,0.0,30.400067071051552,92.6114,36259281922.186
2015-10-30,10.813667422724976,0.7048562517677275,0.1678078394039783,0.212293440700324,0.4278752496746458,0.4290092012418763,0.2822280068114239,0.1641880865987,1.6199708825671195,1.0102733179636172,1.7875952660339205,48.14695031776168,4.381187227222103,5.148636182123356,0.0289808274974133,-0.0866710047339922,181.4136,16.9917,17390.2953,17462.579,2.3773,2.57,2.93,0.07,0.1211,-7.2393,5.0,142585.0,114.07,116.8101205862842,11946.990513575402,11404.499807511058,45.69377990430623,60.03631046481731,93.096972,41991603082.202896
2015-11-30,8.116,0.827,0.218,0.228,0.446,0.313,0.388,0.309,1.434,0.516,1.109,58.112,3.953,26.655,0.035,-0.107,182.0767,17.206,17390.2953,17462.579,2.3802,2.63,2.98,0.08,0.1211,-7.2393,5.1,142810.0,115.91666666666669,117.55506029314208,11823.50030284676,11587.748423633682,70.42772861356929,100.0,93.65943256,36155063514.36229
2015-12-31,7.182,0.736,0.218,0.228,0.446,0.313,0.388,0.309,1.434,0.516,1.109,58.112,3.953,26.655,0.035,-0.107,178.9488,17.1502,17390.2953,17462.579,2.3776,2.67,3.01,0.2,0.1211,-7.2393,5.0,143083.0,114.35333333333334,111.40753014657103,10520.483157894736,11430.324658105632,40.14291719209752,68.19334267367843,94.26264390880002,31187166754.19721
2016-01-29,13.12013619847319,0.014347274452287,0.1161877140574725,0.2326282340102665,0.4185789875459242,0.3549587736445442,0.2956195918246998,0.3522969745850662,0.3952168572754035,0.1245389297097454,1.3699810495040123,59.63224602532227,3.0527972390971003,0.2772549247360771,0.0250163884244375,-0.0791167469651535,170.0395,18.2794,17680.2738,17565.465,2.3765,2.36,2.75,0.29,1.2674,-2.6501,4.8,143198.0,106.96666666666664,104.37376507328553,9731.060451797646,10691.681304179714,0.0,28.03624861834234,92.39,26555657749.5834
2016-02-29,7.147,0.1028035125487713,0.218,0.229,0.45,0.303,0.362,0.279,1.226,0.525,1.085,55.875,4.364,39.526,0.037,-0.077,169.8991,18.6597,17680.2738,17565.465,2.3734,2.19,2.61,0.29,1.2674,-2.6501,4.9,143410.0,99.76333333333332,100.53188253664275,9665.636694575902,9972.393434756092,0.0,0.0,92.59,21679602897.461647
2016-03-31,7.961,0.222038936228503,0.218,0.229,0.45,0.303,0.362,0.279,1.226,0.525,1.085,55.875,4.364,39.526,0.037,-0.077,181.3235,19.646,17680.2738,17565.465,2.3808,2.2,2.61,0.25,1.2674,-2.6501,5.0,143666.0,101.00666666666666,104.76094126832136,10893.87576261786,10096.85763633047,58.93627216099662,27.93290891931214,92.716,27137348030.9634
2016-04-29,11.935634575742371,-0.2206040621845097,0.1922563814517733,0.2150758547918403,0.424251275089895,0.3046241406803637,0.3294732572747219,0.2046818089179779,0.8880444873150558,1.146223337282621,1.4440265364248714,54.16012234381378,4.911867356024287,20.653374909927077,0.017034957571071,-0.0690502609402779,182.0381,18.2639,17680.2738,17618.581,2.3899,2.26,2.66,0.3,1.2674,-2.6501,5.1,143856.0,99.80666666666666,99.25047063416068,9369.346579476862,9976.286345556877,43.61702127659573,32.34590604783327,92.51,22444035629.4868
2016-05-31,8.1,0.5506225520684693,0.235,0.223,0.448,0.279,0.34,0.307,1.307,0.585,1.117,54.95,4.161,26.791,0.04,-0.059,185.1349,19.5365,17680.2738,17618.581,2.3956,2.23,2.64,0.29,1.2674,-2.6501,4.8,143901.0,100.86333333333332,99.55523531708032,9982.096422338567,10081.772921477765,54.70745470745472,31.163328547666367,89.47,27899239522.203182
2016-06-30,7.635,1.1000622710290826,0.235,0.223,0.448,0.279,0.34,0.307,1.307,0.585,1.117,54.95,4.161,26.791,0.04,-0.059,185.7824,19.2338,17680.2738,17618.581,2.4022,1.86,2.3,0.3,1.2674,-2.6501,4.9,144152.0,96.4,97.57761765854016,9556.096422338567,9635.846474718,23.87826765509169,0.0,89.6952,22608576554.862164
2016-07-29,10.559523765317469,-0.4090408260265592,0.1863764668913305,0.2005218092799335,0.4111286758276229,0.2368469504815859,0.3091980949601918,0.0016045967563348,0.8501205837124574,0.3924214309746318,1.380346494773677,36.21972179144128,3.5459927647762357,-7.79184523450016,0.0316057749669165,-0.0470943047526724,192.5581,21.0451,17680.2738,17724.489,2.401,1.78,2.18,0.3,1.2674,-2.6501,4.8,144515.0,99.89,100.89380882927009,10415.06697612732,9984.419940268152,77.56714060031594,29.916839015928677,89.939096,28539210673.824013
2016-08-31,9.05,-0.0294992075618754,0.252,0.218,0.444,0.253,0.32,0.327,1.367,0.664,1.17,54.854,4.059,17.406,0.044,-0.052,192.7887,21.1789,17680.2738,17724.489,2.4055,1.9,2.23,0.3,1.2674,-2.6501,4.9,144664.0,101.96999999999998,103.49690441463504,10605.114789108382,10192.092729191423,71.1382113821138,64.49143959084435,90.23131408,34264522001.29148
2016-09-30,9.643,-0.7117408396400268,0.252,0.218,0.444,0.253,0.32,0.327,1.367,0.664,1.17,54.854,4.059,17.406,0.044,-0.052,192.8037,20.181,17680.2738,17724.489,2.4118,1.99,2.32,0.29,1.2674,-2.6501,5.0,144961.0,107.78666666666668,108.27345220731752,11300.673085740484,10773.61828365873,100.0,100.0,90.6312877984,40515035885.08275
2016-10-31,9.584,-0.0953161762933301,0.252,0.218,0.444,0.253,0.32,0.327,1.367,0.664,1.17,54.854,4.059,17.406,0.044,-0.052,189.4611,19.1143,17680.2738,17812.56,2.4174,2.25,2.58,0.31,1.2674,-2.6501,4.9,145069.0,110.89666666666666,110.90672610365876,11347.655321782178,11084.48106554368,100.0,100.0,91.142262042432,46348686066.63377
2016-11-30,8.953,0.855,0.267,0.212,0.435,0.226,0.307,0.37,1.508,0.85,1.353,54.263,3.335,7.72,0.047,-0.066,196.4405,19.1501,17680.2738,17812.56,2.4203,2.73,3.02,0.31,1.2674,-2.6501,4.7,145189.0,112.37,110.7133630518294,11045.655321782178,11231.32790976828,71.12810707456975,70.21253173122507,91.69321680158338,40277496117.82475
2016-12-30,10.714979524678936,-0.0450365446362036,0.2452092109405876,0.2128504522912122,0.4346225828311549,0.2162137528879968,0.3782406428714597,0.1125069941543247,1.0922889715453024,0.9081741104691838,1.4673513525524706,41.99388540378927,4.8561605543916695,9.15721005299853,0.0209927847398055,-0.0594955390227672,200.4249,20.1495,17680.2738,17812.56,2.4264,2.79,3.06,0.55,1.2674,-2.6501,4.7,145408.0,113.29333333333334,113.26668152591468,11574.876112251884,11322.728918605411,65.7207718501702,65.2502721296511,92.13475246555171,46683620799.01178
2017-01-31,9.672,0.939,0.267,0.212,0.435,0.226,0.307,0.37,1.508,0.85,1.353,54.263,3.335,7.72,0.047,-0.066,204.0115,21.1762,18076.6515,17889.094,2.4362,2.78,3.05,0.56,2.1314,4.4122,4.7,145639.0,115.89666666666666,117.30834076295734,12129.331154684096,11583.28752957272,78.1949458483754,63.38886735911184,92.65238941624068,53493172743.21964
2017-02-28,10.987,0.5047884745003148,0.272,0.207,0.433,0.228,0.297,0.357,1.441,0.808,1.293,55.187,3.893,9.84,0.048,-0.065,212.0274,21.3473,18076.6515,17889.094,2.4401,2.7,2.97,0.57,2.1314,4.4122,4.6,145845.0,124.72,127.14917038147868,13695.296613068766,12466.501293334915,100.0,100.0,93.24814162791589,60823875739.1018
2017-03-31,11.432,-0.1902369781825778,0.272,0.207,0.433,0.228,0.297,0.357,1.441,0.808,1.293,55.187,3.893,9.84,0.048,-0.065,212.2941,20.9432,18076.6515,17889.094,2.4389,2.76,3.02,0.82,2.1314,4.4122,4.4,145975.0,134.0,135.40458519073934,14362.14122394082,13395.589663897894,100.0,100.0,94.13277879535757,68589916494.01484
2017-04-28,11.245061445928616,0.5389355267879348,-0.0059833726743552,0.2140575761967492,0.4225847021606657,0.3257666805311204,0.3051186865675717,0.1563330935598471,1.0676637894322225,1.0430770613227285,1.054048354642803,25.703537354215843,3.8917936871735215,14.382647935563185,0.0244320323986347,-0.0376490689508977,214.4014,20.7683,18076.6515,17979.218,2.4419,2.67,2.96,0.83,2.1314,4.4122,4.4,146172.0,141.43333333333334,139.52729259536966,14358.11598915989,14138.517942056493,99.95519713261652,100.0,95.1401232194504,60701490790.87958
2017-05-31,12.006,0.7136430776915252,0.271,0.207,0.431,0.221,0.296,0.367,1.48,0.833,1.318,52.323,3.857,8.999,0.049,-0.064,217.4272,20.4004,18076.6515,17979.218,2.44,2.6,2.87,0.83,2.1314,4.4122,4.4,146389.0,146.69,146.14364629768482,15269.007653061224,14663.088288720646,99.93666877770748,100.0,96.1465207550614,68825970431.76929
2017-06-30,11.223,0.2161937299978484,0.271,0.207,0.431,0.221,0.296,0.367,1.48,0.833,1.318,52.323,3.857,8.999,0.049,-0.064,218.8132,21.6737,18076.6515,17979.218,2.4416,2.61,2.84,1.06,2.1314,4.4122,4.3,146588.0,146.80999999999997,145.08182314884243,14393.557564798071,14673.56040233973,51.00783874580071,60.34931978635848,97.35659033996016,61190820410.389015
2017-07-31,11.58,-0.0873342757105993,0.271,0.207,0.431,0.221,0.296,0.367,1.48,0.833,1.318,52.323,3.857,8.999,0.049,-0.064,223.3107,22.5468,18076.6515,18127.994,2.4424,2.66,2.89,1.07,2.1314,4.4122,4.3,146772.0,148.50333333333333,146.90591157442122,14863.159169550172,14841.908129136493,61.25886524822695,61.58091771443036,98.52905853316096,68863626723.88846
2017-08-31,13.222,0.338,0.27,0.209,0.431,0.217,0.298,0.38,1.528,0.854,1.338,46.686,3.772,8.333,0.05,-0.053,223.9623,22.853,18076.6515,18127.994,2.4518,2.47,2.73,1.07,2.1314,4.4122,4.4,146907.0,152.25,155.4529557872106,16393.629032258064,15216.7819222021,69.56824512534823,62.375642155393976,99.63827736249776,77133453080.60764
2017-09-29,9.944438445178507,-0.8147398797806484,0.0659524132629065,0.2244763853740708,0.4267161471683749,0.2513967332760335,0.3898133644781857,0.1376640639165066,0.8152953514933395,0.780587034040602,1.3629929844660305,56.60570811913062,4.114857147948546,2.5960223470324166,0.0409928008635738,-0.0436816790412541,228.4731,23.6366,18076.6515,18127.994,2.4644,2.63,2.86,1.06,2.1314,4.4122,4.3,146999.0,155.61666666666667,154.7864778936053,15405.679094540612,15554.155765449616,66.91225720026792,60.86026260516926,100.9359118152478,69112284577.73889
2017-10-31,13.547,0.349,0.27,0.209,0.431,0.217,0.298,0.38,1.528,0.854,1.338,46.686,3.772,8.333,0.05,-0.053,233.8568,22.1374,18076.6515,18310.3,2.4663,2.66,2.88,1.07,2.1314,4.4122,4.2,147147.0,162.38666666666666,161.91323894680266,16897.012678967414,16232.106935255362,75.34314948839531,63.61139182323125,102.21599357894284,77594382488.82877
2017-11-30,13.874,1.275,0.265,0.211,0.426,0.203,0.302,0.42,1.8,0.736,1.276,37.684,3.112,8.237,0.051,-0.044,241.0049,24.1211,18076.6515,18310.3,2.4728,2.65,2.83,1.07,2.1314,4.4122,4.2,147377.0,165.00333333333333,166.88161947340132,17179.49187592319,16494.061216477072,64.21586381745743,63.35935269412428,103.56467170736396,86192118779.97704
2017-12-29,9.498710043167296,0.2818047815902478,0.1531211093453828,0.209023443626748,0.4302693009827074,0.2225807456500147,0.289219404501675,0.279832093478051,0.5094597420807058,0.4333790886678588,1.1469901644244316,42.925928273791214,3.9129266937639646,11.529067080604992,0.0334891548919856,-0.1225713855738918,243.9178,23.5259,18076.6515,18310.3,2.4781,2.58,2.74,1.33,2.1314,4.4122,4.1,147521.0,170.04,168.05580973670067,16916.83751010509,16997.7806883319,87.1253071253071,67.08776084364996,105.01817827321668,77845454373.52151
2018-01-31,13.358,1.242,0.265,0.211,0.426,0.203,0.302,0.42,1.8,0.736,1.276,37.684,3.112,8.237,0.051,-0.044,257.6648,24.7752,18609.0783,18437.127,2.4886,2.83,2.95,1.34,2.439,4.3487,4.0,147670.0,169.50333333333333,167.74290486835034,16732.305194805194,16942.87819361116,38.86583679114808,33.46472771812688,106.46181470775235,69911393902.64781
2018-02-28,13.94,0.427,0.257,0.211,0.426,0.214,0.311,0.41,1.703,0.795,1.313,35.831,3.224,8.242,0.051,-0.04,248.296,24.7263,18609.0783,18437.127,2.4953,3.02,3.13,1.35,2.439,4.3487,4.1,148058.0,171.59333333333333,172.93145243417518,17807.05464121132,17152.065782040532,70.74784910655201,0.0,107.93457841359732,78587621533.16339
2018-03-29,14.8124647124919,-0.675398706197869,0.2066835748165964,0.2164338500909716,0.429724028609507,0.3503495155345839,0.4365870102379323,0.3013060221659839,1.9572296217792124,0.7808430662328214,2.3463813037686383,31.281461031533837,3.951773634985628,7.838623923061087,0.0283124025532409,-0.0417475627942193,241.4889,26.5205,18609.0783,18437.127,2.4958,2.85,2.97,1.67,2.439,4.3487,4.0,148281.0,171.11,170.35572621708758,16773.482862297053,17104.280899437854,46.82435392028036,31.713862899945056,109.38828684532535,70398132351.79436
2018-04-30,12.528,0.397,0.257,0.211,0.426,0.214,0.311,0.41,1.703,0.795,1.313,35.831,3.224,8.242,0.051,-0.04,242.7369,27.1665,18609.0783,18565.697,2.5023,3.01,3.11,1.69,2.439,4.3487,4.0,148426.0,170.38666666666668,167.80786310854378,16521.482862297053,17034.006788601808,45.39278131634816,31.466966154241305,110.87052110841886,62538001954.16919
2018-05-31,13.619,0.491,0.247,0.215,0.425,0.209,0.338,0.424,1.802,0.816,1.331,28.349,3.301,7.722,0.051,-0.039,248.6376,28.2553,18609.0783,18565.697,2.5079,2.91,3.0,1.7,2.439,4.3487,3.8,148755.0,173.3033333333333,177.33893155427188,18681.598856758574,17325.52152711756,62.69219611256164,67.50884702243434,112.23191068625049,70845927942.57524
2018-06-29,11.009958819938223,-0.0173602388533777,0.1618356760420924,0.1991971859655658,0.4433044134729855,0.2609960695312426,0.2664648219847917,0.1578820911269131,1.8344565463034308,0.552333204993765,1.5008031163862523,52.68945805751712,3.838561172306109,8.322551847705942,0.0220073511924764,-0.0571642199207436,250.0686,28.2042,18609.0783,18565.697,2.5102,2.91,2.98,1.91,2.439,4.3487,4.0,148966.0,179.08,181.22446577713595,18506.215072981828,17903.09893067915,83.46852066434917,65.27588521158897,113.79467247252546,62722494215.42754
2018-07-31,13.628,0.5,0.247,0.215,0.425,0.209,0.338,0.424,1.802,0.816,1.331,28.349,3.301,7.722,0.051,-0.039,259.3328,28.2444,18609.0783,18699.748,2.5121,3.03,3.08,1.91,2.439,4.3487,3.8,149022.0,187.4233333333333,185.757232888568,19023.614858260014,18737.14292933347,93.83537653239932,100.0,115.40277902307496,70883616352.24031
2018-08-31,14.945,0.568,0.24,0.22,0.424,0.21,0.376,0.436,1.904,0.786,1.314,25.698,3.241,8.24,0.053,-0.047,267.6106,29.4928,18609.0783,18699.748,2.5166,2.95,3.02,1.91,2.439,4.3487,3.8,149272.0,201.01,206.693616444284,22759.24574158704,20096.358557609627,96.0252935862692,100.0,117.01392344261346,79690025934.55244
2018-09-28,13.642481240304996,0.7753785585394819,0.1139681125998156,0.2291492969953264,0.4247438762649951,0.210566299202319,0.4327237482876875,0.3190040104125219,0.4445946417558605,0.6856010983971088,1.405094235911727,58.871201964528446,4.216073344861636,-2.3681129971179704,0.0307984030423784,-0.0122048477086303,269.2025,26.6409,18609.0783,18699.748,2.5218,3.13,3.19,2.18,2.439,4.3487,3.7,149361.0,214.5533333333333,216.216808222142,22570.034162162163,21450.96492066974,95.7442017563612,100.0,119.2510449737612,70576023590.90419
2018-10-31,14.117,0.546,0.24,0.22,0.424,0.21,0.376,0.436,1.904,0.786,1.314,25.698,3.241,8.24,0.053,-0.047,250.5994,26.9234,18609.0783,18733.741,2.5277,3.3,3.39,2.2,2.439,4.3487,3.8,149526.0,224.07666666666668,217.538404111071,21880.54341814159,22403.274440630263,80.98026458468883,63.71992248494208,121.45942407428598,61515094163.44001
2018-11-30,10.944,1.486,0.231,0.224,0.418,0.216,0.436,0.467,2.413,0.567,1.124,35.06,2.927,18.335,0.054,-0.048,255.2479,28.3548,18609.0783,18733.741,2.5259,3.19,3.3,2.2,2.439,4.3487,3.8,149622.0,207.7266666666667,198.0592020555355,17855.30643885461,20768.62800638612,0.0,29.871919493007358,123.69963559280026,53108454107.19695
2018-12-31,9.635,1.312,0.231,0.224,0.418,0.216,0.436,0.467,2.413,0.567,1.124,35.06,2.927,18.335,0.054,-0.048,232.8023,25.4555,18609.0783,18733.741,2.5277,2.87,3.02,2.4,2.439,4.3487,3.9,149805.0,185.06000000000003,177.89960102776774,15772.31273020258,18502.720862399598,0.0,0.0,125.67284288094426,45078023124.28764
2019-01-31,10.135,1.385,0.231,0.224,0.418,0.216,0.436,0.467,2.413,0.567,1.124,35.06,2.927,18.335,0.054,-0.048,251.4418,27.4746,19036.0523,18835.411,2.5272,2.83,2.99,2.4,1.8129,-1.044,4.0,150114.0,167.58666666666667,172.16980051388387,16642.232951717273,16756.61737359149,12.460613004869645,0.0,126.85818602332536,53779521145.58657
2019-02-28,10.767,0.354,0.235,0.227,0.426,0.213,0.484,0.452,2.119,0.773,1.285,26.635,3.484,9.094,0.056,-0.044,259.5925,28.5762,19036.0523,18835.411,2.5332,2.94,3.09,2.4,1.8129,-1.044,3.8,150092.0,165.77666666666667,172.65990025694194,17311.69306008384,16575.412914001226,42.5103448275862,22.562013565726133,127.70102230285886,62694946053.55552
2019-03-29,5.624855688919695,0.5505482448507255,0.0397807760080447,0.2445457722354057,0.438370538301896,0.2931885588678719,0.2790789096838323,0.191133619291185,0.111510292784638,1.193658837122534,1.387041150497781,66.30077421409379,3.9202692157650887,3.6029425876169943,0.0407030162507036,-0.0728138763121576,264.2856,27.446,19036.0523,18835.411,2.542,2.63,2.81,2.43,1.8129,-1.044,3.8,150320.0,176.51333333333332,181.30495012847095,18992.45017058718,17648.792060796095,100.0,60.51812388214004,128.66440185680167,71903878353.88489
2019-04-30,12.176,0.411,0.235,0.227,0.426,0.213,0.484,0.452,2.119,0.773,1.285,26.635,3.484,9.094,0.056,-0.044,275.0823,28.9236,19036.0523,18962.175,2.5521,2.75,2.93,2.45,1.8129,-1.044,3.6,150563.0,187.9233333333333,190.98747506423547,20063.10035252644,18789.081194399158,100.0,100.0,130.04491381966565,81225617012.31177
2019-05-31,11.21,0.354,0.248,0.221,0.426,0.212,0.488,0.456,2.209,0.746,1.255,30.01,3.442,9.952,0.059,-0.041,257.54,28.4342,19036.0523,18962.175,2.5529,2.39,2.58,2.4,1.8129,-1.044,3.7,150630.0,188.56333333333336,183.02873753211773,17503.299934512117,18852.95015254191,51.80722891566264,61.40359604784976,131.61361554327237,72640400575.40474
2019-06-28,11.3714785559203,0.5145942801172376,0.1325018539525079,0.2105174226150203,0.4535102041815549,0.4212698630449444,0.3188462015155138,0.2159551678697759,-0.2889517384817477,0.647022728686402,1.726483635048135,58.61320589355957,3.235321877175269,5.270381037269609,0.0441052199005554,-0.0621531936374512,275.4629,30.3175,19036.0523,18962.175,2.5516,2.31,2.52,2.4,1.8129,-1.044,3.6,150797.0,191.22,190.4743687660589,19788.21958259325,19118.2066232106,56.7348318404597,58.7721084652462,133.2875432324069,81620672936.65681
2019-07-31,13.399,0.431,0.248,0.221,0.426,0.212,0.488,0.456,2.209,0.746,1.255,30.01,3.442,9.952,0.059,-0.041,279.6277,30.3806,19036.0523,19130.932,2.5569,2.31,2.53,2.4,1.8129,-1.044,3.7,150879.0,195.34333333333333,201.75718438302945,21300.667906066537,19530.729141057294,59.729432122070165,58.67058017039311,134.65319236775878,90730994500.53084
2019-08-30,12.77039366979734,0.1379107182687912,0.1083015437054992,0.2367015282761774,0.4353445853879664,0.330040439457567,0.3321370605458212,-0.0992207745856421,0.5920153447994904,0.8758910306281786,1.276251209780013,71.34189894244261,4.213124587255057,2.097443642546539,0.0454116870991489,-0.0808897021562722,274.9458,31.4745,19036.0523,19130.932,2.5606,1.78,1.96,2.13,1.8129,-1.044,3.7,151111.0,206.5666666666667,205.24859219151472,20870.667906066537,20653.18513157544,89.8273006860658,58.36656227385021,136.3875285204036,81436163971.03717
2019-09-30,14.422,0.412,0.254,0.215,0.426,0.214,0.499,0.459,2.285,0.802,1.298,34.627,3.66,8.503,0.061,-0.038,280.3014,31.4687,19036.0523,19130.932,2.5651,1.94,2.12,1.9,1.8129,-1.044,3.5,151318.0,215.25,214.60929609575737,22391.30910165485,21520.881637929306,87.59018759018764,60.86040291995181,138.02037794999552,91157578592.53084
2019-10-31,16.018,0.458,0.254,0.215,0.426,0.214,0.499,0.459,2.285,0.802,1.298,34.627,3.66,8.503,0.061,-0.038,286.4974,31.6018,19036.0523,19215.691,2.5724,2.0,2.17,1.58,1.8129,-1.044,3.6,151447.0,227.15666666666667,231.68464804787868,24872.63145006122,22711.5361525942,90.29783393501808,65.44726672082265,139.78837039099562,101464928135.67442
2019-11-29,17.53363147691423,0.167650916024879,-0.0730602315896352,0.2266483987416732,0.4228940753163253,0.3507316753080782,0.3227374901418579,0.2457944002701652,-0.2018197532815437,0.8639824874601788,0.8862009882282906,63.62394816758561,3.474034935632846,6.029974307522127,0.0238648346051003,-0.0760340560553776,296.8681,33.195,19036.0523,19215.691,2.578,2.07,2.21,1.56,1.8129,-1.044,3.6,151662.0,246.66,249.4673240239393,26721.79805581687,24661.91286917765,100.0,100.0,141.98760298317572,112185457714.22247
2019-12-31,18.556,1.853,0.256,0.212,0.422,0.214,0.541,0.504,2.741,0.951,1.54,37.331,2.95,4.556,0.062,-0.04,305.4872,34.0766,19036.0523,19215.691,2.5862,2.25,2.39,1.55,1.8129,-1.044,3.6,151764.0,269.88666666666666,271.55866201196966,29362.27130898021,26985.566938286094,100.0,100.0,144.5078509235122,123494686744.9892
2020-01-31,19.516,1.953,0.256,0.212,0.422,0.214,0.541,0.504,2.741,0.951,1.54,37.331,2.95,4.556,0.062,-0.04,305.3638,37.0548,18509.1428,18989.877,2.5904,1.83,1.99,1.59,1.2513,-2.7317,3.5,152098.0,290.13666666666666,290.5343310059848,30947.83365103571,29010.634338610933,100.0,100.0,147.49709390504196,134770873334.65222
