Date,pcf,PEG_trailing,dpr,npm,gpm,roa,roe,capital_ratio,de_ratio,cash_ratio,curr_ratio,inv_turn,pay_turn,sale_nwc,rd_sale,accrual,gdpr1,gdpr2,cpi,bond20yr,bond30yr,fedfunds,cpir,wpir,unemp,employ,SMA,EMA,STOCH_k,STOCK_d,RSI,MFI,SAR,AD,MACD,MACD_Signal,MACD_Histo,VWAP,SPY,NDAQ,PC1,PC2
2010-07-30,-73.86778632184505,-0.8803310303206717,,-0.5747401966794391,0.3239386658806795,-0.2446437124836493,-0.0430779677269228,0.6858985193252369,2.7871926761392265,0.1006293709916551,1.7651174271174734,3.296776192767763,-1.048390927246568,2.148577113118467,0.4226036456017626,-0.0317427498013183,15648.991,15726.282,2.1761,3.74,3.98,0.18,1.6366,6.8318,9.4,130427.0,,19.94,,,,,,-6020778.427787931,0.0,0.0,0.0,,86.4367,5.3845,-4.491798547406713,-1.4849445465942095
2010-08-31,-20.541,-0.8541482217139809,,-0.855,0.248,-0.552,-1.1242312666339818,0.402,2.682,0.964,1.572,3.144,15.549,3.208,0.336,-0.06,15648.991,15726.282,2.1792,3.23,3.52,0.21,1.6366,6.8318,9.5,130422.0,,19.878666666666668,,,,,,1915094.3632567832,-0.0366951566951563,-0.0073390313390312,-0.029356125356125,,82.5487,4.953,-4.495606799122569,-1.3110071416289448
2010-09-30,-21.529,-2.040806500621001,,-0.855,0.248,-0.552,0.3469127317361591,0.402,2.682,0.964,1.572,3.144,15.549,3.208,0.336,-0.06,15648.991,15726.282,2.1828,3.38,3.69,0.15,1.6366,6.8318,9.5,130357.0,,19.948844444444447,,,,,,-15142339.903197758,0.0087624288763876,-0.0041187392959474,0.0128811681723351,,89.9412,5.3734,-4.405587697392151,-1.6558961900964266
2010-10-29,-68.196403750346,-4.15142264151485,,0.4446667660836966,0.2772407057060317,0.1512521571291421,-0.2369849999029712,0.5213247890104602,2.454356304002869,0.6674146967615975,0.6671859120513864,2.98044582537808,7.750629930247512,-1.185146567676238,0.8123850061295008,-0.0535932245905316,15648.991,15807.995,2.1904,3.64,3.99,0.2,1.6366,6.8318,9.4,130625.0,,20.20099851851852,,,,,,-25862064.009224497,0.1587504240805728,0.0284550933793565,0.1302953307012162,,93.3772,5.838,-4.152376300237141,-2.3288105320601318
2010-11-30,-28.034,0.2250008769887959,,-1.284,0.312,-0.768,0.2212639322474802,0.287,1.344,1.427,2.091,2.257,15.549,1.426,0.641,-0.049,15648.991,15807.995,2.1959,3.8,4.12,0.2,1.6366,6.8318,9.8,130750.0,,22.218198716049383,,,,,,-10804630.18882984,1.3505786206185455,0.2928797988271944,1.0576988217913512,,93.3772,5.9376,-4.364795584140335,-1.4221064152676255
2010-12-31,-21.502,0.0892990767052854,,-1.284,0.312,-0.768,-0.1461468643828977,0.287,1.344,1.427,2.091,2.257,15.549,1.426,0.641,-0.049,15648.991,15807.995,2.2047,4.13,4.34,0.13,1.6366,6.8318,9.3,130822.0,,22.8064388872428,,,,,,499237.5669576451,1.574938847300796,0.5492916085219148,1.0256472387788813,,99.6189,6.5626,-4.47893226546353,-0.8516781420813113
2011-01-31,-19.459,0.0771397935612872,,-1.284,0.312,-0.768,-0.5717345071892751,0.287,1.344,1.427,2.091,2.257,15.549,1.426,0.641,-0.049,15891.534,15769.911,2.2119,4.33,4.58,0.17,3.1397,8.8003,9.1,130841.0,,22.978913702277094,,,,,,24713182.29435396,1.5309482688062523,0.7456229405787824,0.7853253282274699,,101.94,6.77,-4.411791744114808,-1.1260791393973522
2011-02-28,-17.819,-1.9087418322088177,,-1.322,0.354,-0.527,-0.424284319717433,0.259,0.865,2.024,2.757,2.204,4.421,0.777,0.797,-0.103,15891.534,15769.911,2.219,4.25,4.49,0.16,3.1397,8.8003,9.0,131053.0,,23.100391875306816,,,,,,41032576.79343975,1.4622838751845286,0.8889551274999317,0.573328747684597,,105.4812,7.9121,-4.306148547039847,-1.7540514431201897
2011-03-31,-20.746,1.0135822936732743,,-1.322,0.354,-0.527,0.8052926202570853,0.259,0.865,2.024,2.757,2.204,4.421,0.777,0.797,-0.103,15891.534,15769.911,2.2305,4.29,4.51,0.1,3.1397,8.8003,9.0,131288.0,,23.720339625265908,,,,,,48267615.43556433,1.699743009809282,1.0511127039618018,0.6486303058474803,,105.4924,7.1461,-4.293839692229643,-1.665332579240583
2011-04-29,52.25959413402125,7.348895816070883,,-0.048434472913321,0.3228733132402046,-0.0313015752632327,-0.2431997289542573,0.6505516841316168,5.519316421110499,-0.1788453200445239,0.8453075315759726,3.416925087331858,2.949364507498509,6.8039360927548245,0.9539478651730068,-0.0323019114492901,15891.534,15876.839,2.2409,4.15,4.4,0.09,3.1397,8.8003,9.1,131602.0,,24.237627675230453,,,,,,19850763.225600533,1.8544503886770016,1.2117802409048417,0.6426701477721599,,108.5477,7.5001,-4.138194223849911,-2.2282337215352617
2011-05-31,-20.046,0.3015702527353514,,-1.199,0.393,-0.6,-0.484,0.315,1.157,1.631,2.359,2.134,3.362,1.268,0.834,-0.103,15891.534,15876.839,2.2481,3.91,4.22,0.1,3.1397,8.8003,9.0,131703.0,,25.02461065186639,,,,,,76831191.90615256,2.1571476184032576,1.400853716404525,0.7562939019987327,,107.3304,7.0576,-4.067107431534369,-2.407500081491052
2011-06-30,-21.066,-1.1179059172690615,,-1.199,0.393,-0.6,-0.484,0.315,1.157,1.631,2.359,2.134,3.362,1.268,0.834,-0.103,15891.534,15876.839,2.2481,4.09,4.38,0.07,3.1397,8.8003,9.1,131939.0,,25.571995898284204,,,,,,11508030.225600548,2.28915088820698,1.578513150765016,0.7106377374419632,,105.5178,6.9967,-4.133895480709113,-2.1094082810722528
2011-07-29,-217.17867625285743,0.962600392878985,,0.1299579253572145,0.3707834324210314,-0.1730548861625383,0.908159376515822,0.6011225207218162,1.9054513023766773,0.3643337795696474,1.1825564105888346,3.542576582105869,5.049953027068642,10.700200999338922,0.4334298348192809,-0.1236985211878174,15891.534,15870.684,2.254,3.77,4.12,0.11,3.1397,8.8003,9.0,131999.0,,25.91839644517965,,,,,,-49771946.94051579,2.2899038672474283,1.7207912940614989,0.5691125731859297,,103.407,6.6566,-4.179608831935758,-2.0192163099020486
2011-08-31,-17.34,-1.5872975400794505,,-1.111,0.406,-0.558,-0.811,0.28,0.91,2.046,2.759,2.186,3.158,0.977,0.904,-0.117,15891.534,15870.684,2.2611,3.19,3.6,0.08,3.1397,8.8003,9.0,132125.0,25.653214285714284,25.76127691915569,2473.3013059701493,,56.045340050377824,55.39471948623169,14.98,-106739826.1845542,1.990779803905923,1.7747889960303838,0.2159908078755392,25.53862876643969,97.7221,6.5515,-4.26475386144794,-1.5998127762595171
2011-09-30,-17.123,-1.2185283967901384,,-1.111,0.406,-0.558,-0.811,0.28,0.91,2.046,2.759,2.186,3.158,0.977,0.904,-0.117,15891.534,15870.684,2.266,2.66,2.9,0.06,3.1397,8.8003,9.0,132358.0,25.97107142857143,25.578439996601603,2438.086179716237,,55.55555555555556,52.82839213769945,14.98,-161790524.57752877,1.7058161667704894,1.760994430178405,-0.0551782634079156,25.497089108882232,90.9354,6.3994,-4.195908973522021,-1.7073732399309678
2011-10-31,-20.64,0.6235855567468946,,-1.111,0.406,-0.558,-0.811,0.28,0.91,2.046,2.759,2.186,3.158,0.977,0.904,-0.117,15891.534,16048.702,2.2675,2.89,3.16,0.09,3.1397,8.8003,8.8,132562.0,26.6775,26.083981330388056,2935.8475177304963,2615.745001138961,61.09490688804129,57.26158209314623,15.2202,-88937887.57069279,1.8603795146926352,1.7808714470812512,0.0795080676113839,25.59078216140933,100.8608,6.9276,-4.109705992595622,-1.6152188754572534
2011-11-30,-28.091,-2.569210265271658,,-1.115,0.398,-0.46,-0.951,0.345,1.103,1.996,2.63,2.427,2.761,1.004,0.922,-0.205,15891.534,16048.702,2.2717,2.77,3.06,0.1,3.1397,8.8003,8.6,132694.0,27.55857142857144,26.97145048633632,3272.7819732034104,2882.238556883381,63.11815378070829,59.110803114704666,15.515796,-6928098.563856795,2.2291071574841475,1.8705185891618303,0.3585885683223169,25.935893079375568,100.4509,7.2595,-4.158865752379715,-1.3058671924120515
2011-12-30,-130.25950244746792,-3.625599002837149,,0.009674003827204,0.2752129969265223,-0.2780574251502188,-0.0082834965053283,0.4955086067505525,1.366517166018523,0.8118280286210438,1.6805186181513998,3.173062438189907,-0.2051328621636976,11.647080307996225,0.7185565187433031,-0.1134004332820033,15891.534,16048.702,2.2722,2.57,2.89,0.04,3.1397,8.8003,8.5,132896.0,28.038571428571423,27.18325708815814,2854.6304489264803,3021.086646620129,56.7524115755627,55.12655730561591,15.90548008,-79728028.59633382,2.1591461122924898,1.9282440937879624,0.2309020185045271,26.103649649072302,101.4996,6.7783,-4.188619124537675,-0.9849540758016502
2012-01-31,-25.015,-4.402547365944004,,-1.115,0.398,-0.46,-0.951,0.345,1.103,1.996,2.63,2.427,2.761,1.004,0.922,-0.205,16253.97,16179.968,2.2784,2.59,2.94,0.11,2.0732,0.5444,8.3,133246.0,27.591428571428573,27.434822809737057,2905.621162638798,3011.0111949228963,41.489940184883096,47.81736998580777,16.2873704784,12209734.316577986,2.1204114345805927,1.966677561946489,0.1537338726341039,26.15942255776768,106.2066,6.8474,-4.2780072349527565,-0.3328338263836997
2012-02-29,-30.559,3.2469824689149727,,-1.246,0.384,-0.427,-2.271,0.548,2.184,1.588,1.949,2.64,3.07,1.125,1.023,-0.255,16253.97,16179.968,2.2833,2.73,3.08,0.1,2.0732,0.5444,8.3,133518.0,28.075714285714287,28.23151310177212,3339.4802015838727,3033.243937716384,60.45650832819247,56.67235831920162,16.561623068832,115219818.83752996,2.4121103459506976,2.0557641187473306,0.356346227203367,26.42831926713985,110.8165,7.2844,-4.228046159836475,1.053170038678776
2012-03-30,-79.62207219857933,0.2040376545892213,,-0.4285615326488996,0.2498277509076047,-0.1021230610578936,-0.247208069635225,0.5977248405896296,4.2546595482095215,0.188015508460019,1.5669033290091108,2.400601629786238,7.140564935358666,5.892277954330546,0.2947058547297636,-0.091763892159053,16253.97,16179.968,2.2881,3.0,3.35,0.09,2.0732,0.5444,8.2,133744.0,29.014285714285712,29.4326446882025,3722.879511677282,3322.660291966651,69.48398576512454,63.94512016311141,16.92979060745536,224005112.7718517,2.9186880076116,2.2283488965201848,0.690339111091415,26.82702299297041,114.38,7.1627,-4.137861669630959,1.7612622284974668
2012-04-30,-30.479,-1.8924015671812984,,-1.246,0.384,-0.427,-2.271,0.548,2.184,1.588,1.949,2.64,3.07,1.125,1.023,-0.255,16253.97,16253.726,2.2919,2.73,3.12,0.16,2.0732,0.5444,8.2,133827.0,29.67428571428572,29.92562539644217,3311.834688346884,3458.064800536013,62.280701754385966,63.39795238175249,17.390194795306254,124996474.59419696,2.9544546883133123,2.3735700548788103,0.5808846334345019,27.112138439445296,113.6165,6.7949,-3.920574639895497,2.5957254141972155
2012-05-31,-25.619,-6.137422744110207,,-1.593,0.385,-0.446,-1.142,0.489,1.764,1.737,2.169,2.182,2.052,0.881,1.274,-0.27,16253.97,16253.726,2.2871,2.27,2.67,0.16,2.0732,0.5444,8.2,133935.0,29.79928571428572,29.868875343583216,2948.8346883468835,3327.8496294570164,52.34019791388072,54.31499425963474,17.81178289940013,36918422.78596901,2.659235367628746,2.4307031174287976,0.2285322501999482,27.289201169233507,106.7931,6.0509,-3.696219949722944,3.4012078903733647
2012-06-29,-51.92361646245362,-3.779614264230284,,-0.4881975392529833,0.2436442666967703,-0.0087140880848091,-0.4509755744517239,0.6282834812996931,2.274360481513249,0.4362826978687412,1.3266582861800562,3.266279230624786,4.797303048192404,6.564122644494631,0.6306472383011984,-0.0563199758758684,16253.97,16253.726,2.2852,2.38,2.76,0.09,2.0732,0.5444,8.2,134007.0,30.062857142857144,30.058358631105456,3127.8346883468835,3129.5013550135504,54.72713297463489,54.36666636184617,18.149147241412127,128425877.4358749,2.540425525296065,2.452647599002251,0.087777926293814,27.43731896172415,111.1213,6.3076,-3.3928370045528022,4.268172731546654
2012-07-31,-23.862,-4.132613987970099,,-1.593,0.385,-0.446,-1.142,0.489,1.764,1.737,2.169,2.182,2.052,0.881,1.274,-0.27,16253.97,16282.151,2.2859,2.21,2.56,0.13,2.0732,0.5444,8.2,134153.0,29.868571428571425,29.7065774802914,2740.8346883468835,2939.1680216802174,46.63032705649157,45.73317164464271,18.476164296583885,67906848.0419417,2.109672224034896,2.38405252400878,-0.2743802999738847,27.56977486016766,112.4358,6.316,-2.825049195081915,2.9682408842917702
2012-08-31,-18.835,-2.4027024399746697,,-2.223,0.375,-0.458,-1.341,0.628,3.02,1.328,1.684,1.739,1.719,1.037,1.68,-0.253,16253.97,16282.151,2.2992,2.29,2.68,0.13,2.0732,0.5444,8.1,134330.0,29.825,29.548367149585875,2850.8346883468835,2906.50135501355,49.2459826946848,36.66875308592461,18.826641010652207,129357722.0725531,1.8358948828868584,2.274420995784396,-0.4385261128975375,27.60019556482662,115.2527,6.3633,-2.4815788462810704,1.7828435099345816
2012-09-28,-200.8326653366104,-4.172987500515904,,-0.6126086271581739,0.2633353531504971,-0.0022372137662444,-0.7058990825610187,0.442937318506153,5.084742546822574,0.6951662656195101,1.274486828275318,2.6162713069260235,4.430783263681118,-5.031382345190634,-0.0149267329338421,-0.0942322496150423,16253.97,16282.151,2.3102,2.42,2.82,0.09,2.0732,0.5444,7.8,134512.0,29.90428571428572,29.512584862974425,2926.8346883468835,2839.50135501355,51.37888198757764,44.56788654851385,19.07610819043916,181612228.464149,1.661101867652505,2.151757170158018,-0.4906553025055129,27.698629824559745,118.175,6.5155,-2.399991629566365,2.148579207056084
2012-10-31,-20.049,-2.845440933896212,,-2.223,0.375,-0.458,-1.341,0.628,3.02,1.328,1.684,1.739,1.719,1.037,1.68,-0.253,16253.97,16300.035,2.3164,2.46,2.85,0.18,2.0732,0.5444,7.8,134671.0,30.14652857142857,29.3284268812445,2811.877825594564,2863.182400762777,54.46605879595245,45.34769643248804,19.35018602663038,133149478.70218274,1.413599626455763,2.004125661417567,-0.5905260349618038,27.71412085821688,116.0245,6.6526,-2.305690281254719,2.728095821348508
2012-11-30,-16.507,-1.7028277568135002,,-2.651,0.238,-0.493,-2.112,0.777,6.424,0.844,1.213,1.346,2.451,2.501,1.821,-0.206,16253.97,16300.035,2.3125,2.37,2.81,0.16,2.0732,0.5444,7.7,134834.0,30.8201,29.92730329707857,3380.692085499711,3039.8015331470524,60.88733513134074,51.02921393207411,19.56518230609777,201705600.38533127,1.6573696696610971,1.934774463066273,-0.277404793405176,27.84776203773648,116.6811,6.7785,-1.9120694265029607,3.8432906633808672
2012-12-31,-16.595,1.925076309873424,,-2.651,0.238,-0.493,-2.112,0.777,6.424,0.844,1.213,1.346,2.451,2.501,1.821,-0.206,16253.97,16300.035,2.3122,2.54,2.95,0.09,2.0732,0.5444,7.9,135075.0,31.14152857142857,30.45299619080143,3385.69208549971,3192.7539988646618,55.86285607079202,51.682852117672105,19.859678659975817,264494973.5438896,1.8334587955950603,1.9145113295720304,-0.0810525339769703,28.01810436020555,117.7311,7.0285,-1.6166034710391868,3.1817821009629443
2013-01-31,-18.427,-0.8708023354610255,,-2.651,0.238,-0.493,-2.112,0.777,6.424,0.844,1.213,1.346,2.451,2.501,1.821,-0.206,16553.3475,16441.485,2.3168,2.79,3.17,0.15,1.466,0.6098,8.0,135265.0,31.482242857142857,31.393930032027903,3749.692085499711,3505.3587521663776,56.17121033347822,52.55703974965768,20.178485086776305,345398183.06608427,2.2408966145393947,1.979788386565504,0.2611082279738912,28.29542490588328,123.7577,7.9651,-1.3496864887786868,2.8165899478096854
2013-02-28,-14.99,-3.081965851684946,,-0.959,0.143,-0.4,-2.272,0.767,7.935,0.41,0.973,2.225,3.186,-0.3109221823455161,0.663,-0.142,16553.3475,16441.485,2.3294,2.71,3.1,0.14,1.466,0.6098,7.7,135544.0,31.930100000000003,31.852072694424187,3481.695852534562,3539.026674511328,58.43939785502002,61.51325239822679,20.54911538504077,294046560.64066374,2.3207878218087217,2.0479882736141475,0.2727995481945742,28.69581272876124,125.3368,8.9044,-1.143820912089838,2.388332427904372
2013-03-28,-49.71116963413629,-5.862683695763587,,-0.2457205233746295,0.3103170755443372,-0.7491490147748628,-0.0998561539279189,0.6326598064533843,2.547897877207946,0.5653157005625269,0.2118753513629685,3.260995664319803,7.477662777297089,8.327993089070832,0.3285831805420003,0.0024649196368687,16553.3475,16441.485,2.3228,2.71,3.1,0.09,1.466,0.6098,7.5,135689.0,32.5601,32.657129668500964,3787.2375690607737,3672.875169031682,61.109095855627096,68.29050383772923,20.93813307733996,356943259.4019621,2.601035487654393,2.158597716422197,0.4424377712321963,28.97496705792109,130.0965,9.1212,-0.923836517481532,2.9204047683212724
2013-04-30,-23.447,2.59038034771058,,-0.959,0.143,-0.4,-2.272,0.767,7.935,0.41,0.973,2.225,3.186,10.82592924103957,0.663,-0.142,16553.3475,16464.402,2.318,2.49,2.88,0.14,1.466,0.6098,7.6,135876.0,34.0301,35.501512379367504,5398.218616044091,4222.384012546475,69.99720155779949,75.01306409707536,21.30917041579316,463358448.1017674,4.0752918014918365,2.541936533436125,1.5333552680557117,30.779447281986688,132.5959,8.3249,-0.6500065779143909,2.2088441310642346
2013-05-31,-74.36,-2.672795115404953,,-0.312,0.168,-0.31,-2.598,0.833,10.733,0.454,0.946,4.297,4.567,16.45567543193919,0.276,-0.155,16553.3475,16464.402,2.3189,2.95,3.3,0.09,1.466,0.6098,7.5,136091.0,38.352957142857136,43.8026440621185,9775.714477511749,6320.390220872204,83.10823526322469,91.02465208902754,22.0465870074773,717565579.580248,8.675517781831807,3.768652783115261,4.9068649987165465,45.30668196556134,135.7265,8.884,-0.3558917458107877,2.9031863716823456
2013-06-28,109.6130784867403,-1.9816539379096336,,0.0043962708056691,0.2544918494337512,-0.4377780117799905,-0.5720827903717713,0.5400712706320706,2.021037998824691,0.2895078854151236,0.7811546257514321,3.18110325680263,8.359712075045906,1.9336299347984536,0.9572457795026316,-0.1443185969523393,16553.3475,16464.402,2.3245,3.22,3.52,0.07,1.466,0.6098,7.5,136269.0,43.6551,52.27695818716937,10735.714477511749,8636.549190355861,88.30743379930476,94.81130995141608,23.90365526732776,1103829094.422365,12.946629102248233,5.604248046941856,7.342381055306375,52.08730565792441,133.9131,9.298,-0.2267548614832214,2.339464116480095
2013-07-31,-107.35,4.198538226346968,,-0.312,0.168,-0.31,-2.598,0.833,10.733,0.454,0.946,4.297,4.567,15.063576771569023,0.276,-0.155,16553.3475,16594.743,2.329,3.34,3.64,0.09,1.466,0.6098,7.3,136391.0,51.13938571428571,63.21069709554679,13427.772081807629,11313.06701227704,93.59395958634416,97.57147870382438,25.6305821619812,1674953605.7482648,18.292865844999007,8.141971606553287,10.15089423844572,61.84036799721319,140.8333,9.1874,0.0770966099225331,1.653444193517288
2013-08-30,201.04588031590552,-2.3348900148811707,,-0.356569009421866,0.2425013539514189,-0.5741696463020822,-0.0918904122041475,0.6675963100510068,1.161279798852791,1.1468255763712654,1.5625768995826514,3.58335927891092,2.1061569616225717,-8.769909136892789,-0.3829594990208715,-0.0428980659471216,16553.3475,16594.743,2.3346,3.46,3.7,0.07,1.466,0.6098,7.2,136635.0,60.975814285714286,77.31593748280721,16899.82695958774,13687.771172969036,94.97175834970533,98.32261778829888,27.867770518741576,2454307984.7907,25.04273376772398,11.522124038787426,13.520609728936554,74.4147547178668,136.6094,8.4672,0.1830617096425233,1.6847339514899515
2013-09-30,-170.05,-0.163,,-0.166,0.206,-0.163,-1.856,0.67,4.537,0.672,1.266,4.57,4.804,9.487,0.18,-0.079,16553.3475,16594.743,2.3354,3.41,3.69,0.06,1.466,0.6098,7.2,136819.0,72.82938571428572,92.7898124850996,19336.848976210204,16554.81600586852,97.7946767184771,99.25294231251806,30.770415108366745,3394121756.3866224,31.98975013148033,15.615649257326009,16.374100874154326,82.96684369535701,140.9374,9.1434,0.2175611582395061,1.2428983831415077
2013-10-31,-151.85,-0.135,,-0.166,0.206,-0.163,-1.856,0.67,4.537,0.672,1.266,4.57,4.804,9.487,0.18,-0.079,16553.3475,16712.76,2.3367,3.33,3.63,0.07,1.466,0.6098,7.2,137039.0,82.21652857142855,101.74317082041964,15993.839775709854,17410.171903835933,81.90778548023377,78.243036662156,34.04500680619941,2625754474.725213,34.40123303605887,19.37276601307258,15.028467022986288,92.18091945584362,147.4637,10.0887,0.1131739209544087,0.7880953066583698
2013-11-29,70.81993591465302,-0.0184719717847108,,0.0781795294281564,0.3036835014325184,-0.178094562056551,-0.3031027119800037,0.6358759375745551,2.6971798226654227,0.4936256010283209,-0.0813494981849185,0.3902093740874446,6.430818935536978,11.551168090544262,0.3457985885092597,-0.0471055334368175,16553.3475,16712.76,2.341,3.54,3.82,0.07,1.466,0.6098,6.9,137314.0,89.21652857142858,105.14808137769704,12727.839775709854,16019.509509209973,70.6023279789705,64.25457900907878,37.24870667007542,2060225917.1568704,33.29317852499011,22.15684851545609,11.13633000953402,97.77773953033748,151.8342,11.1879,0.2953139232413229,0.1437966779111499
2013-12-31,185.435,-0.373,,-0.087,0.237,-0.046,-0.48,0.5,3.245,0.731,1.245,4.69,5.078,11.823,0.136,-0.152,16553.3475,16712.76,2.3472,3.72,3.96,0.07,1.466,0.6098,6.7,137368.0,97.95207142857144,111.1855371940041,15042.730426939266,14588.136659452992,73.53346859730847,68.09071794039738,40.13233253667392,2735552018.923752,33.89227908156029,24.50393462867693,9.38834445288336,100.91347074697693,155.7661,11.3712,0.3955301119500995,-0.8471770253577602
2014-01-31,184.793,-0.45,,-0.087,0.237,-0.046,-0.48,0.5,3.245,0.731,1.245,4.69,5.078,11.823,0.136,-0.152,16932.0518,16654.247,2.3529,3.35,3.61,0.07,1.6155,0.9371,6.6,137552.0,108.49421428571428,120.54879890147022,18140.802266149392,15303.790822932837,75.88117700697927,71.25541544442865,42.48968588594044,3560581092.8307533,36.44684186426842,26.89251607579523,9.554325788473191,104.88938973269047,150.2756,10.8997,0.5508515768332842,-0.8120771882083403
2014-02-28,116.897,-15.232,,-0.037,0.279,0.025,-0.185,0.473,2.623,1.257,1.875,4.767,5.015,3.408,0.115,-0.188,16932.0518,16654.247,2.3555,3.31,3.59,0.06,1.6155,0.9371,6.7,137707.0,123.56135714285712,137.11695904794087,24480.862123749408,19221.46493894602,80.26572543617998,75.34496064796365,45.35989216822163,4516164574.579662,43.09048117420481,30.132109095477148,12.958372078727663,113.13189024553589,157.1155,10.9683,0.5049345665942685,0.2315526361151877
2014-03-31,100.221,-14.81,,-0.037,0.279,0.025,-0.185,0.473,2.623,1.257,1.875,4.767,5.015,3.408,0.115,-0.188,16932.0518,16654.247,2.3603,3.31,3.56,0.06,1.6155,0.9371,6.7,137986.0,135.77135714285714,146.6280311748821,20844.853806228373,21155.506065375725,72.42130115424973,68.08406007248124,49.7526943248572,3695391727.216719,44.90403925265405,33.086495126912524,11.81754412574152,118.40708467502084,158.4213,10.5889,0.4791131800060616,1.0448431444655724
2014-04-30,99.991,-12.709,,-0.037,0.279,0.025,-0.185,0.473,2.623,1.257,1.875,4.767,5.015,3.408,0.115,-0.188,16932.0518,16868.109,2.3647,3.22,3.47,0.09,1.6155,0.9371,6.2,138298.0,148.13278571428572,154.79629368489782,20788.85157096425,22038.18916698068,72.82631634483486,62.40528058840342,53.95764043836005,2888340671.4507403,45.76851878132332,35.622899857794685,10.145618923528636,122.50753702732732,159.5225,10.5774,0.5984607331979396,1.0567308377188198
2014-05-30,-64.44200869227136,0.0527034458930462,,-0.1511455864665694,0.2859330401798268,-0.2302253361446354,-0.7569058292218588,0.603833965218622,-0.6799036162254133,0.964044330678112,0.4158615710491877,2.275851057760077,1.8036347446256404,2.271760980294929,0.2430662165005894,-0.0937591481685176,16932.0518,16868.109,2.3692,3.05,3.33,0.08,1.6155,0.9371,6.3,138501.0,160.26707142857143,161.85945452691143,20776.82111931385,20803.508832168824,72.5820173339714,58.54802640818568,57.59308762959285,2017330974.915064,45.9146663461631,37.68125315546837,8.233413190694733,125.3017299460729,163.2245,10.8641,0.7280871146371645,0.1561637006549127
2014-06-30,117.494,-3.581194110243216,,-0.065,0.312,0.017,-0.265,0.509,2.957,1.329,1.808,4.089,5.264,2.74,0.125,-0.161,16932.0518,16868.109,2.3723,3.08,3.34,0.09,1.6155,0.9371,6.1,138833.0,173.55778571428573,172.28619392332325,24005.75,21857.140896759363,73.7134555093926,60.644233662786526,60.81441787700099,2987442828.3905487,48.08176581894455,39.7613556881636,8.320410130780942,128.5277507244299,166.5923,11.116,0.6941323635861077,0.0880804369277607
2014-07-31,109.328,0.1948166491380634,,-0.065,0.312,0.017,-0.265,0.509,2.957,1.329,1.808,4.089,5.264,2.74,0.125,-0.161,16932.0518,17064.616,2.375,3.07,3.32,0.08,1.6155,0.9371,6.2,139076.0,182.52492857142852,179.08803473354683,22329.500707213578,22370.69060884248,67.18219643052666,55.01613570453469,64.48792951946098,2055071609.9016583,47.894715368058826,41.38802762414265,6.506687743916174,131.1586350369391,164.3537,12.1435,0.9691007315989916,-1.4246009558135952
2014-08-29,48.389140132637365,-0.2319081039369452,,0.1718629699429357,0.2871435384670903,-0.2048002125827191,-0.91903533514529,0.3052572101399526,1.6533899753069363,0.3791752179314563,1.762672985102515,3.209373781029921,4.904511609166216,4.50408017651775,0.5068648322326261,-0.0592560415279327,16932.0518,17064.616,2.3746,2.83,3.09,0.07,1.6155,0.9371,6.1,139258.0,194.12064285714283,191.16963010240727,26969.376119402987,24434.87560887219,70.18551676116583,56.05618783990601,68.06697092907176,3090682188.3905487,50.903781648783024,43.291178429070726,7.612603219712298,134.6122310051386,170.8397,12.5119,0.8936114811860606,-0.956938778607834
2014-09-30,105.211,1.341656883521472,,-0.068,0.325,0.018,-0.239,0.573,3.567,1.431,1.879,3.789,5.572,2.294,0.129,-0.142,16932.0518,17064.616,2.3748,2.98,3.21,0.07,1.6155,0.9371,5.9,139563.0,201.8635,198.0376794220863,24267.337782340863,24522.071536319145,63.47521257023519,56.55217962054994,72.14563151049032,2174617330.909137,50.52577053939277,44.73809685113514,5.787673688257627,138.44581663549798,168.4836,12.252,0.7475098838442341,-0.3795337961142861
2014-10-31,104.8,1.6450287621953623,,-0.068,0.325,0.018,-0.239,0.573,3.567,1.431,1.879,3.789,5.572,2.294,0.129,-0.142,16932.0518,17141.235,2.3743,2.81,3.07,0.07,1.6155,0.9371,5.7,139805.0,207.0563571428572,203.85932216580807,24169.337782340863,25135.35056136157,59.86485019539731,48.52909622389564,76.53111888028052,1256848615.7504125,49.575639094264886,45.705605299761096,3.87003379450379,141.98735279547677,172.4516,12.4946,0.7705572702841182,-1.5676830069932262
2014-11-28,16.458740335791365,-4.522148379379118,,-0.6403707582252114,0.2605291366876441,-0.2454568454211512,-0.6437649572944035,0.6437420575261958,2.6394262246866718,0.4849813008258936,0.938663151504904,4.515710457627195,5.793795026046206,6.147211146328699,-0.4014359206410542,-0.0408946028738555,16932.0518,17141.235,2.3698,2.62,2.89,0.08,1.6155,0.9371,5.8,140089.0,210.7099285714286,209.28074587703367,24451.337782340863,24296.004449007527,57.37180411033927,48.00381977771312,80.3112965026749,2176498946.5807786,48.491226832762834,46.26272960636145,2.228497226401388,144.41822190251827,177.1892,12.9711,0.6327337305812953,-1.3987835050590622
2014-12-31,176.005,-1.178,,-0.071,0.342,0.022,-0.26,0.63,3.989,1.546,2.04,3.511,5.153,1.997,0.138,-0.092,16932.0518,17141.235,2.3625,2.47,2.75,0.06,1.6155,0.9371,5.6,140366.0,215.17207142857143,211.0313130934292,22240.337782340863,23620.337782340863,59.30693364321684,49.65524505582362,83.9048705726214,1232102062.7817254,45.32524882921834,46.07523345093283,-0.7499846217144892,146.45592427915818,176.7355,13.8974,0.6020713115014025,-0.4466474454111565
2015-01-30,92.4182837984263,-1.6174008121657732,,1.1339792378752502,0.3079120611155877,0.094761146768485,-0.6468257372330967,0.6647070603601457,1.7815242323444809,0.9466050399560946,1.5458986987147991,3.701072995631932,3.885307266373303,6.616681669845665,0.4481858171072042,0.0295233601950938,17390.2953,17280.647,2.3475,2.04,2.25,0.06,0.1211,-7.2393,5.7,140562.0,220.6235,210.04047134763863,20359.26006484008,22350.31187650727,61.85977125808056,52.54169646831158,87.07617316116898,290179097.9003192,40.82774185972656,45.02573513269158,-4.197993272965022,147.5460360283232,171.499,13.2136,0.5578481328894129,0.0913730694314507
2015-02-27,-140.05310322294284,-6.8411113537459,,-0.6350140444920596,0.3798946739426586,-0.1860006908757637,-0.8375324289199766,0.4528862317391486,3.213990268051713,0.625803474310678,0.1061018240345292,2.7320528869010867,0.4453631937678906,-2.840873326116088,1.1098354140261657,-0.0090508555138365,17390.2953,17280.647,2.3534,2.38,2.6,0.06,0.1211,-7.2393,5.5,140829.0,224.4028571428572,209.14707516795352,20333.116821433417,20977.571556204788,58.85181232036564,51.8382737333452,89.7996496979456,-611708181.6692858,36.81803991086858,43.38419608832698,-6.566156177458403,148.8596402991705,181.138,14.5349,0.6718573336231296,-0.2767776052891311
2015-03-31,-232.03,-0.986,,-0.092,0.348,0.011,-0.358,0.666,5.352,0.913,1.518,3.222,4.988,2.93,0.145,-0.057,17390.2953,17280.647,2.3598,2.31,2.54,0.06,0.1211,-7.2393,5.4,140924.0,224.92857142857144,206.4301318122264,18875.61248566279,19855.996457312096,51.30283934008355,45.39947835507852,92.51325670398668,-1463734637.4551072,32.09467753030046,41.12629237672168,-9.03161484642122,149.92742406918572,178.286,14.8058,0.8108365880316082,-1.1895339215067573
2015-04-30,-218.71,-1.181,,-0.092,0.348,0.011,-0.358,0.666,5.352,0.913,1.518,3.222,4.988,2.93,0.145,-0.057,17390.2953,17380.875,2.3622,2.49,2.75,0.08,0.1211,-7.2393,5.4,141202.0,223.58857142857144,209.04611423726288,22603.44816112084,20604.05915607235,46.3407973784817,41.26140116228614,94.78679156990697,-560452025.5364585,31.002189311561324,39.10147176368961,-8.099282452128286,151.23238959933454,180.0393,14.1344,0.9341862196981222,-0.8393062141312124
2015-05-29,-22.709948467467584,-0.2799198640209546,,-0.1090447667799119,0.3705701444873355,-0.1955560114080178,-0.2713822568405399,0.4608659164756284,1.4316146868628277,1.6033215441219917,1.3932157508796286,2.406608897093727,2.8770727316766864,3.384775384538909,0.4071320966225956,-0.084517261445232,17390.2953,17380.875,2.37,2.63,2.88,0.08,0.1211,-7.2393,5.6,141540.0,226.61357142857145,214.61329900562785,25078.44816112084,22185.83626930149,58.65239243247662,48.716838829728594,97.66605573850882,420658399.310168,31.76730892010972,37.63463919497363,-5.867330274863917,152.78493098532903,182.3539,15.0413,1.0168526411680343,-1.6639143356373178
2015-06-30,-136.51,-0.135,,-0.113,0.356,0.004,-0.425,0.665,4.973,1.105,1.675,2.7,4.411,2.701,0.156,-0.028,17390.2953,17380.875,2.3766,2.83,3.11,0.08,0.1211,-7.2393,5.3,141695.0,230.9257142857143,221.7661924715441,26824.44816112084,24835.448161120843,61.537285479493946,55.868245489182215,100.77008862373864,1451210858.2671714,33.397561503216224,36.78722365662215,-3.389662153405929,154.14779336294856,178.6885,14.2566,1.0330062720262712,-2.297622518083524
2015-07-31,-135.48,-0.134,,-0.113,0.356,0.004,-0.425,0.665,4.973,1.105,1.675,2.7,4.411,2.701,0.156,-0.028,17390.2953,17437.08,2.3803,2.61,2.92,0.08,0.1211,-7.2393,5.2,141989.0,235.0957142857143,227.68403347533825,26613.35120887111,26172.082510370925,61.07275624004249,62.84649331228663,104.18288685126387,432133945.2499338,34.125906843220235,36.25496029394177,-2.1290534507215355,155.86024795185727,182.6461,14.905,0.904823802276688,-2.6420186928546103
2015-08-31,-79.706,-0.089,,-0.141,0.348,-0.015,-0.569,0.68,5.679,0.823,1.421,2.431,4.135,4.129,0.169,-0.02,17390.2953,17437.08,2.3803,2.64,2.95,0.08,0.1211,-7.2393,5.1,142130.0,235.73857142857145,230.5341623452932,24904.35120887112,26114.05019295436,51.81144835359472,55.03279227198378,107.8322291142386,-635063350.0888827,32.944343712531435,35.59283697765971,-2.6484932651282733,157.5899073146516,171.4417,14.9518,0.9886755696264844,-3.3283352929476404
2015-09-30,-80.146,-0.089,,-0.141,0.348,-0.015,-0.569,0.68,5.679,0.823,1.421,2.431,4.135,4.129,0.169,-0.02,17390.2953,17437.08,2.375,2.51,2.87,0.07,0.1211,-7.2393,5.0,142265.0,237.5314285714285,232.91627403258744,24838.35120887112,25452.017875537786,55.40203168044077,61.52380133945725,111.09558453195385,-1675041941.9930172,31.590533923957224,34.792376366919214,-3.20184244296199,158.96883055797642,167.1574,15.6533,0.8766227770580322,-2.3461952104132227
2015-10-30,142.35736441789717,-0.2284571830346788,,1.4756972330662357,0.2923122546013103,-0.5699116761508807,-0.5560108971984667,0.5305357644442156,2.8775536595753826,0.4310562620408942,1.4894530042786862,2.2551193711408786,5.5193968852098045,2.52324293445093,-0.0650790708414338,-0.070425143239759,17390.2953,17462.579,2.3773,2.57,2.93,0.07,0.1211,-7.2393,5.0,142585.0,233.0478571428572,229.4514374949092,20691.35120887112,23478.017875537786,36.197721975460674,54.20334349104612,114.30507284131475,-2634952350.6655464,26.86170250642519,33.20624159482041,-6.344539088395223,160.05839035329052,181.4136,16.9917,1.010729066752209,-1.5515719559544152
2015-11-30,-51.893,-0.046,,-0.178,0.347,-0.031,-0.791,0.659,5.533,0.658,1.272,2.193,3.883,6.038,0.176,-0.015,17390.2953,17462.579,2.3802,2.63,2.98,0.08,0.1211,-7.2393,5.1,142810.0,232.16071428571428,229.5592458289213,23024.27648456057,22851.3263007676,47.22396066160035,51.83784877307026,117.01577138448846,-1620136644.3190804,24.711743959852527,31.50734206782684,-6.79559810797431,160.93418965032984,182.0767,17.206,1.1832572882650227,-1.6243255990779628
2015-12-31,-54.287,-0.048,,-0.178,0.347,-0.031,-0.791,0.659,5.533,0.658,1.272,2.193,3.883,6.038,0.176,-0.015,17390.2953,17462.579,2.3776,2.67,3.01,0.2,0.1211,-7.2393,5.0,143083.0,232.04,230.95267971839843,23999.27648456057,22571.634725997417,49.63651223813825,60.39946588068374,119.36714195679868,-560550401.9371535,23.52346596513204,29.91056684728788,-6.3871008821558455,161.68267875495923,178.9488,17.1502,1.0790157687618849,-0.2097460591384795
2016-01-29,-121.59355912272298,-3.433009383713091,,-0.8550239838319884,0.2251479853316073,-0.1096285470219995,-1.030632230746833,0.6405464420426107,0.3021544199002464,0.6701628282578646,1.231688891201986,3.5243615314911985,3.5847398315976755,-7.297325016176144,-0.4519403026505829,-0.0651920946327391,17680.2738,17565.465,2.3765,2.36,2.75,0.29,1.2674,-2.6501,4.8,143198.0,228.23142857142847,225.652322422612,19118.27648456057,22047.27648456057,40.42591395532572,53.489476922173225,121.85247911766272,-1569338847.6827724,18.43073003234383,27.61459948429907,-9.18386945195524,162.2262321184047,170.0395,18.2794,1.1474881392472087,1.0239072660823585
2016-02-29,-48.323,-0.212,,-0.22,0.333,-0.042,-0.846,0.652,6.393,0.433,0.991,2.42,3.57,11.606707984678817,0.177,-0.052,17680.2738,17565.465,2.3734,2.19,2.61,0.29,1.2674,-2.6501,4.9,143410.0,226.05428571428573,221.15601276626373,19192.03125,20769.861406373715,44.07188423836938,54.25977055077998,124.04302953530946,-461557420.5256605,14.288891566115524,24.949457900662363,-10.66056633454684,162.5687279918668,169.8991,18.6597,1.3464041460342515,1.9691351539135584
2016-03-31,-58.64,-0.254,,-0.22,0.333,-0.042,-0.846,0.652,6.393,0.433,0.991,2.42,3.57,0.306366044010522,0.177,-0.052,17680.2738,17565.465,2.3808,2.2,2.61,0.25,1.2674,-2.6501,5.0,143666.0,227.92357142857145,222.30454439742857,22976.03125,20428.77966152019,54.73905327586832,61.20758601121195,125.55256894460328,713373019.9757473,13.899600556208838,22.73948643177166,-8.839885875562821,163.491476185151,181.3235,19.646,1.581556772060187,2.9382803988132
2016-04-29,-64.22915183173723,-3.216830145973274,,-0.6001315554173823,0.2343432518472086,-0.0719570686144313,-1.1075048695948952,0.6474256443176499,4.773083410136662,0.4540073581660295,1.6186986947693198,2.355045138508504,2.570634617749487,8.56746562976883,0.0067862390148657,-0.0822386536625375,17680.2738,17618.581,2.3899,2.26,2.66,0.3,1.2674,-2.6501,5.1,143856.0,230.59642857142856,224.76527181110475,24075.03125,22081.03125,56.52280016734068,62.67900221982933,127.8391175657112,1809191849.1587844,14.312895627578712,21.054168270933072,-6.74127264335436,165.33349055080132,182.0381,18.2639,1.8463632097203044,2.1870155744634667
2016-05-31,-51.277,-0.021,,-0.239,0.333,-0.051,-1.031,0.666,6.328,0.485,1.065,2.23,3.497,23.748,0.172,-0.05,17680.2738,17618.581,2.3956,2.23,2.64,0.29,1.2674,-2.6501,4.8,143901.0,233.0578571428572,224.56056890295747,22322.03125,23124.36458333333,55.94547964113181,62.794042475496695,130.669135214397,714384912.0450366,13.075187827340528,19.458372182214564,-6.383184354874036,166.28441174481216,185.1349,19.5365,1.9181534850970223,3.208282809574267
2016-06-30,-48.918,-0.02,,-0.239,0.333,-0.051,-1.031,0.666,6.328,0.485,1.065,2.23,3.497,23.748,0.172,-0.05,17680.2738,17618.581,2.4022,1.86,2.3,0.3,1.2674,-2.6501,4.9,144152.0,232.0742857142857,222.92315971589647,21227.03125,22541.36458333333,47.38679925608229,54.84235244920329,132.91955251010904,-370877661.9041054,11.082964475845188,17.783290640940688,-6.7003261650955,167.18166049454723,185.7824,19.2338,2.1439353976905204,2.667406801753122
2016-07-29,-16.608819860612712,0.571777505909671,,0.2899715518284356,0.2155165177649775,-0.2078214508672785,0.1872969843976423,0.7185794131274194,2.9223943486246515,0.5637808301321612,1.559032283346002,4.472876653334203,2.6774220058631863,2.804724338110124,-0.0951076787295197,-0.071716042125015,17680.2738,17724.489,2.401,1.78,2.18,0.3,1.2674,-2.6501,4.8,144515.0,230.9307142857143,224.50540508711023,23478.03125,22342.36458333333,46.93565057612066,54.11982748522275,135.07806145990685,785974492.243124,11.191473650874826,16.464927242927516,-5.2734535920526895,167.84457743486882,192.5581,21.0451,2.2823587677091863,2.198677592985235
2016-08-31,-95.17,-0.018,,-0.246,0.344,-0.043,-1.101,0.601,5.054,0.601,1.155,2.186,3.509,9.57,0.163,-0.092,17680.2738,17724.489,2.4055,1.9,2.23,0.3,1.2674,-2.6501,4.9,144664.0,226.91285714285712,222.8393510754956,21200.03125,21968.36458333333,39.448508722566125,48.99304967968033,137.0821002307087,-323546930.4123256,9.331741823323966,15.038290159006806,-5.70654833568284,168.33108018642935,192.7887,21.1789,2.526940113174643,1.3138844692324985
2016-09-30,-91.948,-0.017,,-0.246,0.344,-0.043,-1.101,0.601,5.054,0.601,1.155,2.186,3.509,9.57,0.163,-0.092,17680.2738,17724.489,2.4118,1.99,2.32,0.29,1.2674,-2.6501,5.0,144961.0,222.4757142857143,220.3314375987628,20401.919322709164,21693.327274236388,38.59848762939578,42.807313830198005,139.07305822609453,-1447117684.8810546,7.1317611399342695,13.4569843551923,-6.325223215258029,168.69883363744725,192.8037,20.181,2.4754265237160675,1.6317969349773815
2016-10-31,-89.148,-0.017,,-0.246,0.344,-0.043,-1.101,0.601,5.054,0.601,1.155,2.186,3.509,9.57,0.163,-0.092,17680.2738,17812.56,2.4174,2.25,2.58,0.31,1.2674,-2.6501,4.9,145069.0,218.8092857142857,217.31791258559448,19771.919322709164,20457.956631806108,40.19034514390551,44.10554737856776,140.51359506157263,-2523164248.2800207,4.824291816595547,11.73044584747295,-6.906154030877403,169.1523164169511,189.4611,19.1143,2.6942036120822497,2.4722517186585797
2016-11-30,96.435,-0.022,,-0.147,0.362,0.011,-0.593,0.565,4.646,0.654,1.184,2.612,3.521,9.286,0.131,-0.119,17680.2738,17812.56,2.4203,2.73,3.02,0.31,1.2674,-2.6501,4.7,145189.0,214.595,213.59552424084853,18938.900537843947,19704.24639442076,39.04567396955069,37.12754252167749,142.01669916034118,-3605099114.241369,2.296966371625359,9.843749952303432,-7.546783580678072,169.43964083452678,196.4405,19.1501,2.8774362765768107,1.7816214886247994
2016-12-30,-116.96137069473605,3.492199596845107,,-0.429667436015494,0.3470342411849534,0.0492998232047988,-0.3874551472921165,0.5361364175216453,4.350050309352856,0.6495443417699223,1.0889494214310966,2.874953148757068,4.474300796670451,15.536964378477297,0.6502694587471224,-0.0876450490129297,17680.2738,17812.56,2.4264,2.79,3.06,0.55,1.2674,-2.6501,4.7,145408.0,215.0778571428571,213.6081210087354,21367.900537843947,20026.24013279902,51.34063144534348,44.22717417295894,143.16336517713435,-2475792488.5745416,2.228355651245579,8.320671092091862,-6.092315440846283,169.90291399534513,200.4249,20.1495,2.993752429951818,0.0132311837691353
2017-01-31,138.286,-0.029,,-0.147,0.362,0.011,-0.593,0.565,4.646,0.654,1.184,2.612,3.521,9.286,0.131,-0.119,18076.6515,17889.094,2.4362,2.78,3.05,0.56,2.1314,4.4122,4.7,145639.0,216.6257142857143,218.7177048742373,25191.900537843947,21832.900537843947,54.05759652473505,45.54098114474089,144.77609787359165,-1273485229.2908716,5.199690777429566,7.696475029159403,-2.496784251729837,170.91579071229904,204.0115,21.1762,3.041902973642652,0.0863040476317778
2017-02-28,-223.03,-0.363,,-0.096,0.364,0.02,-0.229,0.56,3.524,0.6,1.074,2.663,3.777,16.174,0.119,-0.036,18076.6515,17889.094,2.4401,2.7,2.97,0.57,2.1314,4.4122,4.6,145845.0,217.3385714285714,222.88734422433905,24998.03614869482,23852.61240812757,51.92500578659055,48.64891405281049,147.0497759161198,-2398294126.193757,7.313646323272508,7.619909287982025,-0.3062629647095169,172.40550260518236,212.0274,21.3473,3.140972949188062,-0.6546057020351669
2017-03-31,-220.6,-0.404,,-0.096,0.364,0.02,-0.229,0.56,3.524,0.6,1.074,2.663,3.777,16.174,0.119,-0.036,18076.6515,17889.094,2.4389,2.76,3.02,0.82,2.1314,4.4122,4.4,145975.0,223.56,230.2756983277605,27829.03614869482,26006.3242784112,68.24313002680965,55.84186286405887,149.85658039779742,-1186635050.1412244,11.144880482285942,8.324903526842808,2.819976955443133,173.81456186305525,212.2941,20.9432,3.3005279981507707,0.1926424213436477
2017-04-28,-75.91314732502973,7.732775777380279,,0.0555029993404299,0.3236723583614632,-0.0186498261625109,-0.0694765048293595,0.3814385815450452,0.8412982324632767,-0.3697915005586422,2.0510834609147017,2.7784362867909165,1.336553263415034,4.743064500219886,0.2686472386647257,-0.0708846008102672,18076.6515,17979.218,2.4419,2.67,2.96,0.83,2.1314,4.4122,4.4,146172.0,232.2842857142857,241.4482718840591,31405.695629895323,28077.589309094987,72.30786090005844,64.74730673410278,152.49944878984147,135657296.3242798,16.872999775162157,10.034522776506678,6.838476998655478,175.87972363909262,214.4014,20.7683,3.458092313104092,-0.8753953190872581
2017-05-31,179.625,-0.049,,-0.085,0.372,0.041,-0.265,0.55,3.655,0.701,1.188,2.862,3.777,9.137,0.114,-0.048,18076.6515,17979.218,2.44,2.6,2.87,0.83,2.1314,4.4122,4.4,146389.0,240.23,254.7231689661845,34099.91809350334,31111.54995736449,71.15955261355855,67.26590300105863,155.74545981404464,1592900118.8820918,23.31761745732834,12.69114171267101,10.626475744657329,178.76894003163684,217.4272,20.4004,3.5581097696452124,-0.713899787646787
2017-06-30,184.746,-0.052,,-0.085,0.372,0.041,-0.265,0.55,3.655,0.701,1.188,2.862,3.777,9.137,0.114,-0.048,18076.6515,17979.218,2.4416,2.61,2.84,1.06,2.1314,4.4122,4.3,146588.0,248.86214285714289,268.97474643735995,36160.146599616855,33888.5867743385,72.17675340404449,70.07290734406305,159.48835061776376,3057177067.3421392,29.744396354098622,16.101792640956532,13.642603713142094,183.12580191571865,218.8132,21.6737,3.2940284888810165,-1.3386498263081044
2017-07-31,179.832,-0.046,,-0.085,0.372,0.041,-0.265,0.55,3.655,0.701,1.188,2.862,3.777,9.137,0.114,-0.048,18076.6515,18127.994,2.4424,2.66,2.89,1.07,2.1314,4.4122,4.3,146772.0,256.02214285714285,276.240780245712,32346.146599616863,34202.070430912354,67.10113279650608,63.90837040661143,164.03838360540848,1665626572.9031997,31.39814738314547,19.16106358939432,12.23708379375115,186.5508146195823,223.3107,22.5468,3.300268782950932,-0.4145982109817817
2017-08-31,-198.37,-0.057,,-0.076,0.375,0.043,-0.205,0.567,3.702,0.61,1.093,3.02,3.603,19.013,0.114,-0.024,18076.6515,18127.994,2.4518,2.47,2.73,1.07,2.1314,4.4122,4.4,146907.0,266.2807142857143,286.86200954628373,35589.146599616855,34698.47993295019,72.82871312309257,71.46687803991729,168.1846159333003,3126166438.521792,34.92301616791838,22.313454105099133,12.609562062819244,189.18985354738248,223.9623,22.853,3.398144130204717,0.276525205080645
2017-09-29,-55.72716232259978,0.0439552390335518,,-1.3612445522421464,0.2871922479754583,0.0429011136077146,-0.8536651888179707,0.6044054212516189,4.131621646190477,0.2823789225609504,2.21579046220926,4.429128547727729,5.928299034528025,0.9432655487390492,0.2621800476614941,-0.0655743844582353,18076.6515,18127.994,2.4644,2.63,2.86,1.06,2.1314,4.4122,4.3,146999.0,273.8742857142857,294.09374160677925,34109.15717529089,34014.8167915082,67.32279615447288,72.86578251107923,172.2209236146343,1752984205.6115558,36.10605562985825,25.07197441005096,11.034081219807293,191.45709143364456,228.4731,23.6366,3.253278032601171,-0.0182753278983832
2017-10-31,-189.17,-0.053,,-0.076,0.375,0.043,-0.205,0.567,3.702,0.61,1.093,3.02,3.603,19.013,0.114,-0.024,18076.6515,18310.3,2.4663,2.66,2.88,1.07,2.1314,4.4122,4.2,147147.0,282.4114285714286,299.08524272587533,33152.15717529089,34283.48698339955,70.35145075602779,68.79307922146069,176.56870514234163,423334623.7155626,35.858054574342646,27.229190442909296,8.62886413143335,193.60722294836765,233.8568,22.1374,3.429645798526758,-0.5660879871758191
2017-11-30,-50.952,-0.026,,-0.131,0.345,0.013,-0.321,0.607,3.935,0.575,1.065,3.063,3.645,26.423,0.118,-0.017,18076.6515,18310.3,2.4728,2.65,2.83,1.07,2.1314,4.4122,4.2,147377.0,289.8985714285714,300.3872103624253,30884.157175290893,32715.157175290893,66.99747032496595,64.64524074675958,180.2973310394948,-878646108.6287298,33.44588218527093,28.472528791381624,4.973353393889308,195.6699561418465,241.0049,24.1211,3.522158984859483,-0.3740507120350902
2017-12-29,38.74287654574569,-2.106873018819125,,0.4622093892785474,0.2322474401631037,0.0973050971443822,-0.2093346645998667,0.5891769451238725,1.8686288347536812,0.0651980488379732,1.306106264055196,1.5687522790816508,3.566603586499296,1.7151597149368785,0.2272605274121809,-0.0397928964034966,18076.6515,18310.3,2.4781,2.58,2.74,1.33,2.1314,4.4122,4.1,147521.0,298.0142857142857,301.84891564743526,31134.157175290893,31723.490508624225,68.65436395875749,69.18456550755526,183.3435624187049,366449952.1455796,31.37428407776156,29.05287984865761,2.321404229103948,197.26301990885813,243.9178,23.5259,3.5328563134562354,-1.5401092666368814
2018-01-31,-58.706,-0.029,,-0.131,0.345,0.013,-0.321,0.607,3.935,0.575,1.065,3.063,3.645,26.423,0.118,-0.017,18609.0783,18437.127,2.4886,2.83,2.95,1.34,2.439,4.3487,4.0,147670.0,309.79357142857145,308.8437268944439,35430.141262344354,32482.818537642044,74.31081758410238,73.79907505442856,186.6254911703308,1706715096.999422,32.82070397555032,29.80644467403616,3.014259301514162,199.3036961536812,257.6648,24.7752,3.5233120106615363,-2.4981799476757143
2018-02-28,-293.15,-0.277,,-0.167,0.328,0.003,-0.436,0.691,5.433,0.459,0.856,3.648,3.81,5.1745391831436285,0.117,-0.074,18609.0783,18437.127,2.4953,3.02,3.13,1.35,2.439,4.3487,4.1,148058.0,319.03428571428566,313.40589664185137,34304.819143576824,33623.03919373736,69.83411523012296,68.44060136661004,190.1029813469242,315195521.4688971,32.68247792423898,30.38165132407672,2.30082660016226,200.9338581348949,248.296,24.7263,2.841643886575722,-3.422580557273621
2018-03-29,25.02268582171333,-2.7404276226677107,,-0.5232443198494662,0.2901663380070183,0.1277532108325779,-0.308325844511,0.4751584412669795,3.716266759049919,0.4385301860795416,2.0367978870304446,5.389479663800794,0.6748473376929103,0.2673904164865748,0.7236544061338186,-0.1083160664444513,18609.0783,18437.127,2.4958,2.85,2.97,1.67,2.439,4.3487,4.0,148281.0,320.04857142857145,307.1024437562712,26611.36036585366,32115.44025725828,51.94616523216929,62.01010090369843,193.5007217199857,-975748885.2744488,26.064865172650457,29.518294093791468,-3.453428921141011,202.46259192210604,241.4889,26.5205,2.8561334264523857,-3.1356569659027778
2018-04-30,-294.4,-0.237,,-0.167,0.328,0.003,-0.436,0.691,5.433,0.459,0.856,3.648,3.81,-4.965614929866053,0.117,-0.074,18609.0783,18565.697,2.5023,3.01,3.11,1.69,2.439,4.3487,4.0,148426.0,323.185,305.3421179221017,29388.3465051182,30101.50867151623,55.62012031230001,54.72921102406712,196.604107285586,414048393.051858,22.798360992087908,28.17430747345076,-5.375946481362853,204.14726434946743,242.7369,27.1665,2.797563792554816,-2.7822395633296155
2018-05-31,-124.21,-0.014,,-0.188,0.296,-0.011,-0.492,0.655,4.645,0.448,0.899,3.608,3.75,5.64927697015663,0.114,-0.072,18609.0783,18565.697,2.5079,2.91,3.0,1.7,2.439,4.3487,3.8,148755.0,323.64428571428573,302.59383553248813,28471.31340504758,28157.006758673146,50.865387203574606,55.90367134397092,198.86202513987428,-909106313.6899152,19.2478137168086,26.38900872212233,-7.141195005313737,205.60279754526584,248.6376,28.2553,2.918363499517944,-3.5911907727846137
2018-06-29,1.3213640175564976,2.011576740031184,,-0.8913174607564346,0.337171653874093,0.0856023185558216,-1.1229863752091205,0.7598131587965066,1.5710737874363965,0.9045873921064108,2.028331766219238,3.9268874142750665,0.779071278861605,5.218885057847363,0.825978188478944,0.0432988568816698,18609.0783,18565.697,2.5102,2.91,2.98,1.91,2.439,4.3487,4.0,148966.0,325.70714285714286,307.97465746148976,34293.31340504758,30717.657771737784,53.66534673570921,58.24967312894502,201.1445846370768,481312038.8055568,20.8910280884067,25.289412595379204,-4.398384506972505,208.4974022542199,250.0686,28.2042,2.7935814850944127,-2.9034620521262378
2018-07-31,-130.67,-0.014,,-0.188,0.296,-0.011,-0.492,0.655,4.645,0.448,0.899,3.608,3.75,10.767424839019496,0.114,-0.072,18609.0783,18699.748,2.5121,3.03,3.08,1.91,2.439,4.3487,3.8,149022.0,322.645,306.6633697999578,29812.31340504758,30858.98007171425,44.79518247820703,50.676232797090776,204.5962929443353,-789387618.6404555,18.36578546685644,23.90468716967465,-5.538901702818215,210.43317699984195,259.3328,28.2444,2.970849300843381,-1.7402721720830825
2018-08-31,-161.47,-0.012,,-0.199,0.272,-0.018,-0.588,0.684,5.151,0.387,0.837,3.75,4.169,-6.768239204968043,0.106,-0.087,18609.0783,18699.748,2.5166,2.95,3.02,1.91,2.439,4.3487,3.8,149272.0,318.36285714285714,305.9962538266301,30164.313405047586,31423.31340504758,42.40658644711844,52.35935611092604,207.7999670854485,279173878.8480716,16.45882004579164,22.41551374489805,-5.95669369910641,213.6710024045167,267.6106,29.4928,3.1039077659806105,-0.5613270722774174
2018-09-28,60.91089265293036,1.7413406471926869,,-1.557334041010287,0.2440195458237956,-0.3989663362894872,-0.5140825072893793,0.4755894543192673,0.1082840921700993,0.9714656322429466,1.1965922802839373,1.4145507850045251,2.912042302440314,3.51324574322612,-0.0530201184600385,-0.0977117035086225,18609.0783,18699.748,2.5218,3.13,3.19,2.18,2.439,4.3487,3.7,149361.0,314.17,300.49941998307946,26475.31340504758,28817.31340504758,42.54129606099109,52.775543597814256,211.3931677437396,-671604756.3548551,11.834401894862935,20.29929137489103,-8.464889480028095,214.9096705377006,269.2025,26.6409,3.624927465719608,0.868736663118699
2018-10-31,-181.76,-0.014,,-0.199,0.272,-0.018,-0.588,0.684,5.151,0.387,0.837,3.75,4.169,11.598205431513003,0.106,-0.087,18609.0783,18733.741,2.5277,3.3,3.39,2.2,2.439,4.3487,3.8,149526.0,312.8428571428572,305.4088306520022,33730.31340504758,30123.31340504758,47.857571145242375,55.52332184190144,213.4645043888648,508832934.57973456,13.863881669549926,19.01220943382281,-5.148327764272885,217.55808717826065,250.5994,26.9234,4.667162581884959,4.5230905380058335
2018-11-30,43.833,-0.086,,-0.102,0.28,0.021,-0.414,0.687,5.299,0.335,0.782,4.404,4.636,0.6100516971979006,0.084,-0.112,18609.0783,18733.741,2.5259,3.19,3.3,2.2,2.439,4.3487,3.8,149622.0,313.5128571428572,311.41831989840193,35046.28802407783,31750.638278057664,51.08569841196352,55.93345880695711,216.1384143010875,1718614472.3902524,16.345737542372547,18.47891505553276,-2.133177513160213,219.2037754055227,255.2479,28.3548,,
2018-12-31,41.833,-0.081,,-0.102,0.28,0.021,-0.414,0.687,5.299,0.335,0.782,4.404,4.636,0.9796347417579998,0.084,-0.112,18609.0783,18733.741,2.5277,2.87,3.02,2.4,2.439,4.3487,3.9,149805.0,313.6035714285714,314.269210578615,33278.28802407783,34018.29648440108,50.14428866822696,55.329632422245616,219.1506460150657,522517717.253505,16.693564935126687,18.121845031451542,-1.4282800963248583,220.80361500536588,232.8023,25.4555,,
2019-01-31,38.592,-0.075,,-0.102,0.28,0.021,-0.414,0.687,5.299,0.335,0.782,4.404,4.636,4.550159316776881,0.084,-0.112,19036.0523,18835.411,2.5272,2.83,2.99,2.4,1.8129,-1.044,4.0,150114.0,313.47285714285715,313.302649168133,30700.288024077832,33008.28802407783,49.793542273065725,54.660941254873016,222.3574330947644,-631934516.348589,14.719315001414143,17.441339025444066,-2.7220240240299205,222.2969087867172,251.4418,27.4746,,
2019-02-28,26.337,-2.443,,-0.045,0.276,0.056,-0.213,0.658,4.758,0.388,0.831,5.777,5.654,5.029246081124577,0.069,-0.105,19036.0523,18835.411,2.5332,2.94,3.09,2.4,1.8129,-1.044,3.8,150092.0,314.08214285714286,314.1796292790486,31986.288024077832,31988.288024077832,50.94035938705765,49.776266986957815,224.95028443286915,619464976.7544916,14.030665452193093,16.759204310793873,-2.728538858600782,223.3381687799184,259.5925,28.5762,,
2019-03-29,-52.04431261144525,-5.628841987637081,,0.1231370457489361,0.2253412132721785,-0.2001336806569192,-1.1982097413329067,0.4447127865048417,3.5113799321039045,0.3746609196168082,1.9486827157712237,4.204422730112251,5.510857267181767,11.311650499243177,0.0925435702713935,-0.1576147009149857,19036.0523,18835.411,2.542,2.63,2.81,2.43,1.8129,-1.044,3.8,150320.0,308.7642857142857,309.6036787085088,27984.288024077832,30223.621357411164,41.73897605468143,43.33178065919346,226.93607874421176,-624343965.4066865,10.138752951211416,15.435114038877382,-5.296361087665966,224.4328840018087,264.2856,27.446,,
2019-04-30,19.766,-1.823,,-0.045,0.276,0.056,-0.213,0.658,4.758,0.388,0.831,5.777,5.654,-6.859925031644735,0.069,-0.105,19036.0523,18962.175,2.5521,2.75,2.93,2.45,1.8129,-1.044,3.6,150563.0,301.3092857142857,300.1485215473743,23867.52152497921,27946.03252437829,39.1401161217822,42.080050882695794,228.53995716932752,-1691039853.7523663,3.689775886895632,13.086046408481032,-9.3962705215854,225.0587954402598,275.0823,28.9236,,
2019-05-31,17.68,-0.067,,-0.043,0.27,0.063,-0.218,0.688,5.147,0.307,0.802,4.858,5.354,4.995985573885106,0.064,-0.099,19036.0523,18962.175,2.5529,2.39,2.58,2.4,1.8129,-1.044,3.7,150630.0,295.5257142857143,284.81671867439104,18515.09470889064,23455.634752649228,41.14365716535777,41.36020457665245,184.1,-2483205720.3766994,-5.675089629441686,9.333819200896489,-15.008908830338177,224.6749602641347,257.54,28.4342,,
2019-06-28,-36.683806064430165,0.2359836394628205,,-1.2570892684446235,0.2236574454506537,-0.2487512428330177,-0.8534752647435119,0.6351914519296874,4.954624753130601,1.574555136402239,1.2250193421915434,2.7459730874280424,3.302872539887364,9.019690680460116,-0.1695906321645196,-0.1501603375622065,19036.0523,18962.175,2.5516,2.31,2.52,2.4,1.8129,-1.044,3.6,150797.0,290.4942857142857,276.6358228511389,22345.15907255191,21575.925102140583,42.46888765342344,47.34076895740044,176.99,-1560047404.643795,-9.8922909356383,5.488597173589532,-15.380888109227833,224.44088777871303,275.4629,30.3175,,
2019-07-31,23.311,-0.088,,-0.043,0.27,0.063,-0.218,0.688,5.147,0.307,0.802,4.858,5.354,13.574142737052458,0.064,-0.099,19036.0523,19130.932,2.5569,2.31,2.53,2.4,1.8129,-1.044,3.7,150879.0,287.4142857142857,271.9657131376537,24160.15907255191,21673.470951331485,45.47667002349781,47.554193059401705,178.145,-659940693.4972073,-11.635770124987346,2.0637237138741567,-13.699493838861503,224.7519390461478,279.6277,30.3806,,
2019-08-30,-57.61666629210394,3.748512931244342,,-1.1361488437153595,0.2167300028333358,0.0586031788479676,-0.3265135974075669,0.4449835819143141,6.321777080029302,0.3009957036948998,0.8252706329064393,3.24027645356586,-1.5696238473636042,0.6445081060686624,0.5916483497526637,-0.1434471759576053,19036.0523,19130.932,2.5606,1.78,1.96,2.13,1.8129,-1.044,3.7,151111.0,279.03285714285715,265.78495138596656,22560.15907255191,23021.825739218573,36.49463652686341,40.92050328576591,179.9035,-1542881232.4719062,-14.14549575624386,-1.178120180149447,-12.967375576094414,224.77704143955967,274.9458,31.4745,,
2019-09-30,15.214,-0.102,,-0.026,0.261,0.082,-0.147,0.682,4.781,0.373,0.883,5.406,5.529,5.889405907891022,0.053,-0.119,19036.0523,19130.932,2.5651,1.94,2.12,1.9,1.8129,-1.044,3.5,151318.0,274.94214285714287,262.4629578678377,24086.15907255191,23602.15907255191,42.92735939931337,46.38634923042972,181.19563,-621544463.0851413,-14.733280843339458,-3.8891523127874494,-10.844128530552007,224.9184780714896,280.3014,31.4687,,
2019-10-31,19.918,-0.133,,-0.026,0.261,0.082,-0.147,0.682,4.781,0.373,0.883,5.406,5.529,1.0004467987607617,0.053,-0.119,19036.0523,19215.691,2.5724,2.0,2.17,1.58,1.8129,-1.044,3.6,151447.0,275.8892857142857,269.45723015212604,31491.12597530864,26045.814706804154,51.39461506100127,44.826186005310255,182.6417174,430201800.35241306,-9.118773081453185,-4.935076466520597,-4.183696614932588,226.19465392990745,286.4974,31.6018,,
2019-11-29,193.0472913682685,-1.4956240493945696,,-0.5805580754423273,0.2885099650971065,-0.0357317438053042,-0.99675663317218,0.3881783841761559,2.0520620780034697,0.5787030798153934,1.730337586385703,2.4829561092990877,1.2890358135096358,12.920452486730769,0.4323683784734859,-0.0584128610749178,19036.0523,19215.691,2.578,2.07,2.21,1.56,1.8129,-1.044,3.6,151662.0,280.5442857142857,277.52159946517594,32993.12597530864,29523.4703410564,57.18475073313783,52.08792395162181,185.805683052,1449785926.4749887,-3.417847933748021,-4.631630759966082,1.2137828262180612,227.5229401442424,296.8681,33.195,,
2019-12-31,34.203,-6.488,,-0.034,0.254,0.074,-0.168,0.679,4.526,0.433,0.952,5.24,5.58,-1.514519032741088,0.054,-0.1,19036.0523,19215.691,2.5862,2.25,2.39,1.55,1.8129,-1.044,3.6,151764.0,286.3307142857143,296.2960528698192,41832.31484205637,35438.855597557886,58.62965251294288,51.60433446320764,189.31356939096,2611583936.9673586,8.138692827944055,-2.077566042384055,10.21625887032811,230.1813030796063,305.4872,34.0766,,
2020-01-31,53.19,-9.945,,-0.034,0.254,0.074,-0.168,0.679,4.526,0.433,0.952,5.24,5.58,12.789832947756716,0.054,-0.1,18509.1428,18989.877,2.5904,1.83,1.99,1.59,1.2513,-2.7317,3.5,152098.0,307.7657142857143,343.53257915384324,65056.62818008026,46627.35633248176,71.7946110828673,61.54195410276725,194.2334980031408,4172438402.526269,35.62648182553255,5.463243531199267,30.163238294333283,240.69977285453555,305.3638,37.0548,,
