Date,pcf,PEG_trailing,dpr,npm,gpm,roa,roe,capital_ratio,de_ratio,cash_ratio,curr_ratio,inv_turn,pay_turn,sale_nwc,rd_sale,accrual,gdpr1,gdpr2,cpi,bond20yr,bond30yr,fedfunds,cpir,wpir,unemp,employ,SMA,EMA,STOCH_k,STOCK_d,RSI,MFI,SAR,AD,MACD,MACD_Signal,MACD_Histo,VWAP,SPY,NDAQ
2010-01-29,31.390576960966804,2.2702322196552065,0.1656748548436565,0.3591563737387776,0.6376960204188908,0.1452251050572398,0.15773324673379,0.1370778847172215,0.1502516502603278,1.19144001356671,2.0381544160078886,,4.290999451074989,2.751927333626077,0.0,-0.0024652214405039,15648.991,15456.059,2.1749,4.38,4.51,0.12,1.6366,6.8318,9.8,129790.0,67.21142857142857,72.95733807099806,8202.127948236277,8348.738778130812,73.0775254502741,65.33252248884213,46.42188033074748,2338942989.1921377,0.9739761200812752,-2.347974291222876,3.3219504113041505,68.16120456582306,83.4351,4.9752
2010-02-26,24.445416008350925,-1.5757946878091962,0.287806805589018,0.4269461199281078,0.6232346861215947,0.193274585497035,0.1795096461457087,0.2544545172315631,0.4506602308199287,1.4992527970038807,1.6429195644141714,,2.5618720839817466,1.8245810298713463,0.0,-0.0172645137243817,15648.991,15456.059,2.1728,4.4,4.55,0.13,1.6366,6.8318,9.8,129698.0,69.55642857142857,74.60035966153166,8527.127948236277,8491.461281569611,74.50365726227795,65.57118247039233,47.268842724132526,3551670440.5614223,1.8325226395615744,-1.5118749050659854,3.34439754462756,68.51890865312585,86.0379,5.1521
2010-03-31,124.182,-0.6688488378319288,0.13,0.356,0.564,0.125,0.097,0.002,0.404,1.441,2.135,,3.633,1.5,0.0,0.069,15648.991,15456.059,2.1735,4.55,4.72,0.09,1.6366,6.8318,9.9,129879.0,72.53357142857142,76.79097837332743,9101.968539813408,8610.408145428655,79.9253302699598,71.56799852303067,48.07866586964988,4808868347.020528,2.9429790563673777,-0.6209041127793128,3.5638831691466906,69.06047362764797,91.278,5.8408
2010-04-30,129.574,-0.3744586648641048,0.13,0.356,0.564,0.125,0.097,0.002,0.404,1.441,2.135,,3.633,1.5,0.0,0.069,15648.991,15605.628,2.174,4.36,4.53,0.2,1.6366,6.8318,9.9,130110.0,74.92785714285715,78.58284792355045,9021.994055972922,8883.696848007536,76.569435637286,71.09245818139988,48.98969255225688,3629439980.327178,3.715638880857768,0.2464044859481033,3.469234394909664,69.46742861583125,92.6901,5.8076
2010-05-28,46.32577095300637,-1.8520200753777696,0.1778345288020801,0.3072517806722555,0.6520519622544629,0.1749136855561763,0.1441159388853828,0.2914137307926799,0.4460570212958932,0.9179178696614604,1.3993776754802223,,3.984317017027599,2.2864601801103994,0.0,0.0040904278943836,15648.991,15605.628,2.1729,4.05,4.22,0.19,1.6366,6.8318,9.6,130650.0,76.13214285714285,77.76646820041039,7244.768881134933,8456.243825640422,60.57185854025583,65.25924291175755,49.95373870121174,2660059937.3936195,2.8611058216310568,0.7693447530846941,2.091761068546363,69.97800664046008,85.3254,5.1411
2010-06-30,48.64,0.2706310136601522,0.126,0.365,0.573,0.133,0.102,0.002,0.377,1.611,2.285,,3.865,1.444,0.0,0.062,15648.991,15605.628,2.172,3.74,3.91,0.09,1.6366,6.8318,9.4,130511.0,76.54571428571428,76.83093910702235,7073.520106144111,7780.094347750655,54.01581356637537,56.20766721343682,50.78006392718751,1867032668.388892,2.0225844125887,1.0199926849854952,1.002591727603204,70.16012162116192,80.9104,4.9171
2010-07-30,1.7612545586987487,2.205746426862763,0.170136867447332,0.2310339193654515,0.6659657663770477,0.1681652545175269,0.2013642895491678,-0.1753322491482218,0.3275154233095945,1.2222988783165298,1.8554487604604135,,3.151684482388526,2.976369164139942,0.0,-0.0245422659189163,15648.991,15726.282,2.1761,3.74,3.98,0.18,1.6366,6.8318,9.4,130427.0,76.94857142857143,76.3668138927527,7333.52010614411,7217.269697807718,53.91993327773145,49.34042663228168,51.44026264864375,2641501243.765531,1.5499812070701608,1.1259903894024283,0.4239908176677325,70.23862024041152,86.4367,5.3845
2010-08-31,21.561,0.6360491882658603,0.132,0.346,0.586,0.143,0.1,0.002,0.351,1.877,2.448,,4.729,1.432,0.0,0.035,15648.991,15726.282,2.1792,3.23,3.52,0.21,1.6366,6.8318,9.5,130422.0,77.42857142857143,75.38190537371901,6896.520106144111,7101.186772810778,54.74174428450467,50.50549334621935,51.96745739567088,1960892830.5650575,0.8134404482500059,1.063480401171944,-0.2500399529219379,70.25378024176865,82.5487,4.953
2010-09-30,23.211,3.9245887164042186,0.132,0.346,0.586,0.143,0.1,0.002,0.351,1.877,2.448,,4.729,1.432,0.0,0.035,15648.991,15726.282,2.1828,3.38,3.69,0.15,1.6366,6.8318,9.5,130357.0,78.05714285714285,75.23231799055648,7423.990214294563,7218.010142194263,56.03235536057034,57.440395137780186,52.44270824775746,2778057256.1786394,0.6483052047498887,0.980445361887533,-0.3321401571376442,70.28518971069941,89.9412,5.3734
2010-10-29,17.392149621247395,3.163483401434862,0.1765894349535738,0.3149638500911393,0.6044682335795594,0.1496623563001034,0.1031281618229294,-0.2544968752366274,0.2592814815740734,1.8828504336055225,2.069484502698533,,2.758492537167077,3.069589151373449,0.0,-0.0372194059990139,15648.991,15807.995,2.1904,3.64,3.99,0.2,1.6366,6.8318,9.4,130625.0,78.56142857142856,75.62267559181562,7813.990214294562,7378.166844911079,54.95786516853933,57.820848022302215,52.89325408280231,3630500963.223719,0.8226487580788557,0.9488860411257976,-0.1262372830469418,70.40770652601995,93.3772,5.838
2010-11-30,13.63,1.6533781352173966,0.124,0.368,0.598,0.147,0.106,0.001,0.336,1.949,2.497,,4.866,1.54,0.0,0.008,15648.991,15807.995,2.1959,3.8,4.12,0.2,1.6366,6.8318,9.8,130750.0,78.9,75.3863188462402,7382.990214294561,7540.323547627896,53.22361262241567,53.62741120018202,53.45298900114626,2837798638.695196,0.6060501316775486,0.8803188592361478,-0.2742687275585992,70.47986733491533,93.3772,5.9376
2010-12-31,12.993,1.354697142581729,0.124,0.368,0.598,0.147,0.106,0.001,0.336,1.949,2.497,,4.866,1.54,0.0,0.008,15648.991,15807.995,2.2047,4.13,4.34,0.13,1.6366,6.8318,9.3,130822.0,78.51571428571428,74.7188096667415,7035.990214294562,7410.990214294562,46.17571794142734,44.72875286648748,53.99332922112334,2153264340.19946,0.1526346821417519,0.7347820238172686,-0.5821473416755167,70.56661222591428,99.6189,6.5626
2011-01-31,12.895,2.415337664558738,0.124,0.368,0.598,0.147,0.106,0.001,0.336,1.949,2.497,,4.866,1.54,0.0,0.008,15891.534,15769.911,2.2119,4.33,4.58,0.17,3.1397,8.8003,9.1,130841.0,77.7192857142857,74.06963504450931,6982.990214294561,7133.990214294562,41.50540911168672,39.52123937899043,54.54846263670088,1500142731.7699494,-0.2466239712796465,0.5385008247978856,-0.7851247960775322,70.56071157012137,101.94,6.77
2011-02-28,9.698,2.751455103599591,0.124,0.37,0.602,0.155,0.11,0.001,0.332,2.052,2.61,,5.771,1.46,0.0,-0.019,15891.534,15769.911,2.219,4.25,4.49,0.16,3.1397,8.8003,9.0,131053.0,76.69000000000001,73.9336837052414,7302.990214294562,7107.323547627896,38.44797178130512,35.891245376775515,54.92849338396686,2133459882.1208577,-0.3013522727205782,0.3705302052941929,-0.6718824780147711,70.6127637340167,105.4812,7.9121
2011-03-31,9.774,2.679750154801521,0.124,0.37,0.602,0.155,0.11,0.001,0.332,2.052,2.61,,5.771,1.46,0.0,-0.019,15891.534,15769.911,2.2305,4.29,4.51,0.1,3.1397,8.8003,9.0,131288.0,76.08928571428571,73.89185921120922,7359.990214294562,7215.323547627896,42.68822813423753,35.33223814181552,55.371523516287525,2787227041.579234,-0.2953262721660792,0.2373589098021385,-0.5326851819682177,70.66836169573277,105.4924,7.1461
2011-04-29,6.290110014688732,2.5172127254004604,0.1613291205965069,0.366863673272781,0.6702978861275259,0.2199059536337537,0.2688476539806705,0.1245611771053522,0.4269863167659748,1.8253267873602697,2.127252584783187,,3.3595668382089587,3.508501383811641,0.0,-0.0805575881818655,15891.534,15876.839,2.2409,4.15,4.4,0.09,3.1397,8.8003,9.1,131602.0,75.57785714285714,74.45561131638132,7809.990214294562,7490.990214294562,43.90742001361471,34.369325090468934,55.78289304596177,3496584699.6435184,0.0717348538770892,0.2042340986171286,-0.1324992447400394,70.74333234083451,108.5477,7.5001
2011-05-31,11.402,0.5522652036328449,0.123,0.377,0.613,0.16,0.113,0.001,0.327,2.113,2.658,,6.611,1.474,0.0,-0.014,15891.534,15876.839,2.2481,3.91,4.22,0.1,3.1397,8.8003,9.0,131703.0,74.86571428571428,75.33619647419715,8103.990214294562,7757.990214294562,41.09025915996425,33.200069192440026,56.24723518504253,4295623553.026952,0.593030780504904,0.2819934349946837,0.3110373455102202,70.8771351825063,107.3304,7.0576
2011-06-30,11.852,1.2055307976562146,0.123,0.377,0.613,0.16,0.113,0.001,0.327,2.113,2.658,,6.611,1.474,0.0,-0.014,15891.534,15876.839,2.2481,4.09,4.38,0.07,3.1397,8.8003,9.1,131939.0,74.43928571428572,76.52603694430421,8423.538869927948,8112.506432839024,44.88431876606684,36.76734395079355,56.74829048134168,5205700152.02442,1.2499659847801894,0.4755879449517849,0.7743780398284045,71.1842542512745,105.5178,6.9967
2011-07-29,42.26158995230918,0.2644907659728743,0.1597547870009492,0.2832852382736643,0.6445365939418615,0.2217089326210999,0.3828521005657615,-0.0552421603916335,-0.0302280809804681,1.0445536233434067,2.469283111461259,,4.168612063680542,2.276779793888545,0.0,-0.0048038919847933,15891.534,15870.684,2.254,3.77,4.12,0.11,3.1397,8.8003,9.0,131999.0,75.37357142857142,77.72789868506365,8551.497107597377,8359.675397273297,65.62350692785478,47.77568679250779,57.36052467171485,6063328261.395332,1.8525224441436732,0.7509748447901627,1.1015475993535109,71.43585771341,103.407,6.6566
2011-08-31,11.755,-0.44124821388196,0.116,0.397,0.618,0.164,0.12,0.001,0.326,2.079,2.625,,6.698,1.549,0.0,-0.01,15891.534,15870.684,2.2611,3.19,3.6,0.08,3.1397,8.8003,9.0,132125.0,76.59714285714286,79.08151219372182,8785.497107597377,8586.844361707566,70.15768416097906,48.18478669347345,58.02991417828055,7057396399.023702,2.49016613801372,1.0988131034348745,1.3913530345788456,71.72612453190366,97.7221,6.5515
2011-09-30,11.466,-0.5110237472808441,0.116,0.397,0.618,0.164,0.12,0.001,0.326,2.079,2.625,,6.698,1.549,0.0,-0.01,15891.534,15870.684,2.266,2.66,2.9,0.06,3.1397,8.8003,9.0,132358.0,77.48071428571428,79.96664390122558,8569.82579564489,8635.606670279882,64.70868014268729,54.99226768913418,58.64631589471494,6132068847.134462,2.78905887665249,1.4368622580783974,1.3521966185740926,71.99535123105649,90.9354,6.3994
2011-10-31,12.444,0.9373393172079384,0.116,0.397,0.618,0.164,0.12,0.001,0.326,2.079,2.625,,6.698,1.549,0.0,-0.01,15891.534,16048.702,2.2675,2.89,3.16,0.09,3.1397,8.8003,8.8,132562.0,79.215,81.73909138106218,9323.904423635777,8893.075775626015,76.84652808491818,61.39774568369916,59.36838957682064,7123541665.972854,3.592931433971728,1.868076093257064,1.7248553407146645,72.2560815584964,100.8608,6.9276
2011-11-30,13.061,0.22,0.116,0.397,0.626,0.169,0.122,0.0,0.315,2.082,2.663,,5.921,1.601,0.0,-0.007,15891.534,16048.702,2.2717,2.77,3.06,0.1,3.1397,8.8003,8.6,132694.0,80.83714285714287,83.76987919692056,9694.821814608582,9196.184011296416,76.01374570446735,60.45241781668427,60.09842178528423,8197963642.993063,4.477755444019891,2.3900119634096293,2.087743480610262,72.50531629947625,100.4509,7.2595
2011-12-30,10.764856476510664,2.023490190955138,0.1568551769336708,0.4980421329099381,0.6429593143744895,0.2128142119477633,0.1131515828566209,-0.03557234985798,0.4818000372376433,1.347304087897876,1.799177121229608,,1.5441099761634067,2.6486774496491807,0.0,0.0367940203551583,15891.534,16048.702,2.2722,2.57,2.89,0.04,3.1397,8.8003,8.5,132896.0,82.50642857142857,86.13789530399782,10151.200270635994,9723.30883629345,76.37102234258633,60.43257326529013,60.83705334957855,9314923308.584702,5.48372576022264,3.008754722772232,2.474971037450408,72.79231025915287,101.4996,6.7783
2012-01-31,13.557,0.228,0.116,0.397,0.626,0.169,0.122,0.0,0.315,2.082,2.663,,5.921,1.601,0.0,-0.007,16253.97,16179.968,2.2784,2.59,2.94,0.11,2.0732,0.5444,8.3,133246.0,84.42,88.07150926346478,10062.236074270557,9969.419386505046,82.75862068965517,65.17109455398248,61.689312282586975,8214221330.386589,6.138389389609728,3.634681656139732,2.503707733469996,73.07676346651388,106.2066,6.8474
2012-02-29,14.723,0.07,0.123,0.4,0.633,0.175,0.125,0.0,0.316,2.174,2.738,,6.63,1.563,0.0,-0.01,16253.97,16179.968,2.2833,2.73,3.08,0.1,2.0732,0.5444,8.3,133518.0,87.705,91.84464136166947,11635.697974927676,10616.37810661141,93.26434619002822,75.51742700245626,62.53952603693524,9376172134.774223,7.836164148934529,4.474978154698691,3.361185994235837,73.53399725739447,110.8165,7.2844
2012-03-30,34.32655201510326,-1.281010032133569,0.1418931058853006,0.2304081405405864,0.6197137077571155,0.1624905380833677,0.2227543295557532,0.0585503211712968,0.5412282471475419,1.7097781733692907,2.205357852193661,,1.1493050342084663,2.387057241263712,0.0,0.0245649103484138,16253.97,16179.968,2.2881,3.0,3.35,0.09,2.0732,0.5444,8.2,133744.0,91.14428571428572,95.33202251344689,11798.609317434535,11165.514455544258,94.3778801843318,82.4657803055303,63.67593551619653,10553620132.733688,9.207057032748168,5.421393930308587,3.785663102439581,73.89044580765494,114.38,7.1627
2012-04-30,15.559,0.074,0.123,0.4,0.633,0.175,0.125,0.0,0.316,2.174,2.738,,6.63,1.563,0.0,-0.01,16253.97,16253.726,2.2919,2.73,3.12,0.16,2.0732,0.5444,8.2,133827.0,94.71071428571427,99.01841951165396,12296.689546130952,11910.332279497725,94.55648759593076,82.35923110058579,64.8163368058726,11773790650.3568,10.573459639351457,6.451807072117161,4.121652567234294,74.27064517660152,113.6165,6.7949
2012-05-31,13.092,0.072,0.121,0.428,0.635,0.179,0.137,0.0,0.309,2.195,2.763,,5.818,1.581,0.0,-0.012,16253.97,16253.726,2.2871,2.27,2.67,0.16,2.0732,0.5444,8.2,133935.0,97.68071428571427,101.17596357676678,11518.60049770291,11871.299787089469,82.87476280834915,81.05411169125901,66.00421006975515,10611796226.118902,10.90288094493124,7.342021846679978,3.560859098251263,74.8219355321446,106.7931,6.0509
2012-06-29,46.30629930583012,-2.31223093332075,0.3174300318450974,0.2935003214366205,0.6662234824254578,0.1623139802044011,0.2282623964461206,0.0113452005454307,0.6577831477921972,1.2117815108075665,2.352675772673258,,2.7392112112281417,2.763223035719476,0.0,0.050985174341065,16253.97,16253.726,2.2852,2.38,2.76,0.09,2.0732,0.5444,8.2,134007.0,100.93142857142855,104.16983509986454,12361.60049770291,12058.96351384559,83.87673068334078,81.43011921974413,67.19112586836005,11832618325.710186,11.709203837394796,8.215458244822942,3.493745592571853,75.2416044795751,111.1213,6.3076
2012-07-31,14.652,0.081,0.121,0.428,0.635,0.179,0.137,0.0,0.309,2.195,2.763,,5.818,1.581,0.0,-0.012,16253.97,16282.151,2.2859,2.21,2.56,0.13,2.0732,0.5444,8.2,134153.0,104.3607142857143,107.48985708654928,12905.765867656988,12261.988954354269,84.45528922061145,81.617263826444,68.34630335099284,13090647428.320335,12.641460190893085,9.100658634036972,3.5408015568561133,75.71398411082913,112.4358,6.316
2012-08-31,15.005,0.782,0.406,0.135,0.635,0.18,0.044,0.0,0.348,1.671,2.19,,5.313,1.837,0.0,-0.087,16253.97,16282.151,2.2992,2.29,2.68,0.13,2.0732,0.5444,8.1,134330.0,107.50285714285714,110.25787614167604,12823.652204710466,12697.006190023456,82.68687769356518,80.33472438656575,69.62637728397299,11847851614.041058,13.16238513803971,9.91300393483752,3.2493812032021907,76.07196598869606,115.2527,6.3633
2012-09-28,49.3210128238254,-1.29051570323579,0.1640530728852311,0.4529309380645817,0.6446924343481656,0.1996577389011328,0.1386592033682757,0.0848223427661322,0.1673245144374909,0.9944689873627438,2.2456838622343507,,1.4598320050153917,3.2580954973013965,0.0,-0.0129128788317906,16253.97,16282.151,2.3102,2.42,2.82,0.09,2.0732,0.5444,7.8,134512.0,110.98428571428572,113.46082598945256,13426.742814667989,13052.053629011813,83.82842865074959,80.11507555325292,70.88544973829353,13122971236.980131,13.90154416913134,10.710711981696283,3.1908321874350563,76.50970287948091,118.175,6.5155
2012-10-31,16.235,0.847,0.406,0.135,0.635,0.18,0.044,0.0,0.348,1.671,2.19,,5.313,1.837,0.0,-0.087,16253.97,16300.035,2.3164,2.46,2.85,0.18,2.0732,0.5444,7.8,134671.0,114.61857142857144,116.83404919085888,13874.669001466036,13375.021340281495,84.29495820976005,90.3176975268555,72.20074074352766,14394971173.406446,14.679614131734382,11.504492411703906,3.175121720030477,76.94260862175192,116.0245,6.6526
2012-11-30,16.006,7.374,0.278,0.206,0.631,0.176,0.069,0.0,0.448,1.015,1.482,,5.17,2.719,0.0,-0.077,16253.97,16300.035,2.3125,2.37,2.81,0.16,2.0732,0.5444,7.7,134834.0,119.18928571428572,121.21750929874436,14969.802257402522,14090.404691178848,88.56213089068339,90.19842275843492,73.61872592865711,15726930770.18364,15.995428328853748,12.402679595133876,3.5927487337198727,77.46278099012643,116.6811,6.7785
2012-12-31,16.073,7.466,0.278,0.206,0.631,0.176,0.069,0.0,0.448,1.015,1.482,,5.17,2.719,0.0,-0.077,16253.97,16300.035,2.3122,2.54,2.95,0.09,2.0732,0.5444,7.9,135075.0,123.355,125.26584139224514,15156.60693550918,14667.02606479258,87.72315653298837,90.08732669062655,75.14495141008398,17097243246.836027,16.993226593504488,13.320788994807998,3.67243759869649,77.93309660144948,117.7311,7.0285
2013-01-31,16.744,7.778,0.278,0.206,0.631,0.176,0.069,0.0,0.448,1.015,1.482,,5.17,2.719,0.0,-0.077,16553.3475,16441.485,2.3168,2.79,3.17,0.15,1.466,0.6098,8.0,135265.0,127.70785714285716,129.61839587327913,15789.596426461902,15305.33520645787,88.12562562562563,90.2070236226775,76.6922523818823,18461647011.27122,18.086279631695177,14.273887122185435,3.812392509509742,78.50030429708823,123.7577,7.9651
2013-02-28,93.417,1.75,0.276,0.225,0.631,0.179,0.077,0.0,0.378,1.181,1.744,,4.281,2.489,0.0,0.04,16553.3475,16441.485,2.3294,2.71,3.1,0.14,1.466,0.6098,7.7,135544.0,131.78714285714287,133.48794309017524,15862.474084419611,15602.89248213023,87.5279274543304,82.45758999414441,78.41380733424465,19846577711.908195,18.7947823866116,15.178066175070668,3.6167162115409326,79.074675988228,125.3368,8.9044
2013-03-28,26.52866195766165,0.1606004188303238,0.2922791560993852,0.4550904788415543,0.6481240102483542,0.1830855593341839,0.2061665663608309,0.0738204454862045,0.2891392094106485,0.9590385666569958,2.107959067649803,,3.871526025373492,1.8773273833186668,0.0,-0.0256946153156165,16553.3475,16441.485,2.3228,2.71,3.1,0.09,1.466,0.6098,7.5,135689.0,136.73,138.3348840114852,16982.570124009522,16211.546878297013,90.0462962962963,82.87936848995653,80.06313118755976,21286845291.0792,20.0291388767984,16.148280715416217,3.880858161382182,79.73191586512016,130.0965,9.1212
2013-04-30,99.199,1.859,0.276,0.225,0.631,0.179,0.077,0.0,0.378,1.181,1.744,,4.281,2.489,0.0,0.04,16553.3475,16464.402,2.318,2.49,2.88,0.14,1.466,0.6098,7.6,135876.0,140.45071428571427,142.3515661432872,16844.10431347047,16563.04950729987,86.14850798056906,82.68375472998426,81.88106856380857,19821692880.42672,20.65788953005816,17.050202478344605,3.607687051713551,80.25941990541672,132.5959,8.3249
2013-05-31,63.809,2.075,0.308,0.215,0.634,0.186,0.076,0.0,0.382,0.988,1.602,,4.323,3.196,0.0,0.025,16553.3475,16464.402,2.3189,2.95,3.3,0.09,1.466,0.6098,7.5,136091.0,144.74642857142857,147.12335732418222,17812.46573117562,17213.046722885203,87.54057428214732,83.51682579493486,83.6632471925324,21315244701.78343,21.687276628423405,17.977617308360365,3.70965932006304,81.1153638811392,135.7265,8.884
2013-06-28,1.2169391523810127,-2.036672416426163,0.1691874937693198,0.4114049077950987,0.6493416760705086,0.1833936772599735,0.2381297038695101,-0.0839467907503719,0.7190567984894669,1.323271522685036,1.2551214212412931,,1.666375058788533,1.2171047239872703,0.0,-0.0143267666858261,16553.3475,16464.402,2.3245,3.22,3.52,0.07,1.466,0.6098,7.5,136269.0,149.0157142857143,151.8735763476246,18273.472639476928,17643.34756137434,87.48275429574817,83.96885063842399,85.68798224868175,22838686410.888832,22.614377327958323,18.90496931227996,3.709408015678367,81.82946746694614,133.9131,9.298
2013-07-31,62.993,2.062,0.308,0.215,0.634,0.186,0.076,0.0,0.382,0.988,1.602,,4.323,3.196,0.0,0.025,16553.3475,16594.743,2.329,3.34,3.64,0.09,1.466,0.6098,7.3,136391.0,153.43071428571426,155.22509950127468,17699.66832936989,17928.53556667415,89.77989445231047,92.96434752198462,87.67882260370811,21358810522.095303,22.625132835252515,19.64900201687447,2.9761308183780457,82.7791679272562,140.8333,9.1874
2013-08-30,51.23210666471034,0.0901708460419745,0.2071899264895439,0.4664147690601652,0.6497676928243589,0.1631592783892192,0.1965313902902316,0.2144959896610246,0.4472872717863961,0.7682990472159823,2.1981618007409205,,4.408037217652836,0.6674832393472769,0.0,-0.0001904125683772,16553.3475,16594.743,2.3346,3.46,3.7,0.07,1.466,0.6098,7.2,136635.0,157.0585714285714,157.7844195677714,17440.451235370612,17804.530734739146,85.34446764091858,81.9672678484015,89.84524615163394,19940125218.99397,22.169113556520017,20.15302432480358,2.0160892317164354,83.76668751957739,136.6094,8.4672
2013-09-30,41.917,0.06,0.147,0.472,0.641,0.198,0.175,0.0,0.34,1.034,1.746,,4.308,3.269,0.0,0.084,16553.3475,16594.743,2.3354,3.41,3.69,0.06,1.466,0.6098,7.2,136819.0,161.48928571428573,162.22649695873525,19108.3236508994,18082.814405213303,87.32699482488867,82.46467840699735,91.75114122860128,21376165731.200302,22.88979231470373,20.700377922783613,2.189414391920113,84.60254979859764,140.9374,9.1434
2013-10-31,42.587,0.062,0.147,0.472,0.641,0.198,0.175,0.0,0.34,1.034,1.746,,4.308,3.269,0.0,0.084,16553.3475,16712.76,2.3367,3.33,3.63,0.07,1.466,0.6098,7.2,137039.0,166.37642857142856,166.81896403090386,19665.378671775223,18738.05118601508,88.94581056466302,83.15288494192471,93.93331840402924,22833677363.454376,23.637904819665863,21.28788330216006,2.3500215175058017,85.42176944327292,147.4637,10.0887
2013-11-29,23.817105989143023,4.332559140267582,0.1419984104574458,0.4169057602873445,0.656927351353089,0.2119369290979099,0.1033479200274017,0.059107994348987,8.095402718133471e-05,1.5274429660887598,1.495742222225274,,3.9651004517664568,1.4724083149228986,0.0,0.0197560926141105,16553.3475,16712.76,2.341,3.54,3.82,0.07,1.466,0.6098,6.9,137314.0,171.31785714285712,171.70443549345003,20344.08368854788,19705.928670407506,89.04063205417606,83.3619722654501,96.15965203594868,24326132607.545704,24.496307439568767,21.929568129641805,2.5667393099269624,86.07626863960985,151.8342,11.1879
2013-12-31,37.274,0.676,0.174,0.423,0.649,0.201,0.159,0.0,0.338,1.193,1.804,,3.631,3.378,0.0,0.052,16553.3475,16712.76,2.3472,3.72,3.96,0.07,1.466,0.6098,6.7,137368.0,177.31214285714287,178.5011774276567,22266.354555172824,20758.605638498644,90.603832010838,84.09175902687,98.3378569952297,25888757391.954765,26.42290427921273,22.82823535955599,3.5946689196567405,87.06734204677257,155.7661,11.3712
2014-01-31,35.951,0.654,0.174,0.423,0.649,0.201,0.159,0.0,0.338,1.193,1.804,,3.631,3.378,0.0,0.052,16932.0518,16654.247,2.3529,3.35,3.61,0.07,1.6155,0.9371,6.6,137552.0,182.0064285714286,183.4250204373025,21541.36577181208,21383.934671844265,82.9787234042553,84.79665231343618,100.8254998553251,24399112189.125816,27.05288295096554,23.673164877837905,3.3797180731276377,88.16891905038715,150.2756,10.8997
2014-02-28,15.425,0.189,0.177,0.421,0.656,0.223,0.163,0.0,0.323,1.131,1.848,,3.661,3.578,0.0,-0.064,16932.0518,16654.247,2.3555,3.31,3.59,0.06,1.6155,0.9371,6.7,137707.0,187.31785714285712,189.09368437899548,22592.11290915778,22133.277745380896,84.33690432212781,77.93931459945418,103.5189898582186,25929411140.726696,28.07656558039048,24.55384501834842,3.5227205620420605,89.00179712107857,157.1155,10.9683
2014-03-31,14.737,0.181,0.177,0.421,0.656,0.223,0.163,0.0,0.323,1.131,1.848,,3.661,3.578,0.0,-0.064,16932.0518,16654.247,2.3603,3.31,3.56,0.06,1.6155,0.9371,6.7,137986.0,191.45714285714288,192.6625264617961,21584.10545722714,21905.861379399,75.863607962153,70.52375785830513,106.01821006105423,24433656773.91137,27.75453270509217,25.19398255569717,2.5605501493950023,89.9336453949966,158.4213,10.5889
2014-04-30,13.697,0.17,0.177,0.421,0.656,0.223,0.163,0.0,0.323,1.131,1.848,,3.661,3.578,0.0,-0.064,16932.0518,16868.109,2.3647,3.22,3.47,0.09,1.6155,0.9371,6.2,138298.0,194.59785714285712,193.98885626688997,20259.04961162616,21478.422659337022,67.65154556403051,66.77717761954045,108.55124585983314,22970210720.42103,26.128956717834622,25.380977388124663,0.7479793297099633,91.11477167396484,159.5225,10.5774
2014-05-30,30.569539920913275,1.6961836846230998,0.2638194855128899,0.2148230568729884,0.7192862183160502,0.2329600632507825,0.1487643333336937,0.278781841097047,0.9617430626328988,1.428764759014604,2.299297665982589,,2.6768210885164443,1.5402420449145509,0.0,0.0202074066775662,16932.0518,16868.109,2.3692,3.05,3.33,0.08,1.6155,0.9371,6.3,138501.0,197.8114285714286,196.76767543130464,21480.827428263507,21107.9941657056,67.91431074301187,66.92843411224192,110.74339294263648,24479106623.10056,25.532406223911096,25.41126315528195,0.121143068629145,91.8092668243607,163.2245,10.8641
2014-06-30,13.716,0.144,0.173,0.441,0.661,0.228,0.175,0.0,0.338,1.149,1.789,,3.391,3.593,0.0,-0.063,16932.0518,16868.109,2.3723,3.08,3.34,0.09,1.6155,0.9371,6.1,138833.0,200.8292857142857,198.626652040464,21068.724617524334,20936.20055247133,66.46403242147923,61.79563058066078,112.84752508378376,22979742513.499783,24.445394797345216,25.218089483694605,-0.7726946863493893,92.44096874477054,166.5923,11.116
2014-07-31,13.609,0.144,0.173,0.441,0.661,0.228,0.175,0.0,0.338,1.149,1.789,,3.391,3.593,0.0,-0.063,16932.0518,17064.616,2.375,3.07,3.32,0.08,1.6155,0.9371,6.2,139076.0,203.17714285714283,200.2777651017355,21098.349403193304,21215.96714966038,63.819053224585886,61.45934591739262,114.90437458210808,24423691323.10056,23.33909929451048,24.842291445857786,-1.5031921513473063,93.15086782592964,164.3537,12.1435
2014-08-29,17.96332829116609,-0.2073559652520651,0.2582904596273568,0.3600406586119953,0.7017085597738337,0.2218906709811415,0.2364796646824591,0.1212257678326669,1.0565271177546456,0.791981499249394,1.2280380566888067,,0.2470761743198952,2.6689874020733235,0.0,-0.0093757560200453,16932.0518,17064.616,2.3746,2.83,3.09,0.07,1.6155,0.9371,6.1,139258.0,205.30357142857144,201.9100630881708,21249.349403193304,21138.807807970315,62.85072951739619,56.12519067370801,117.10128709046592,25862269784.89745,22.32682675759426,24.33919850820508,-2.012371750610818,93.7080772198776,170.8397,12.5119
2014-09-30,14.158,0.07,0.175,0.446,0.669,0.23,0.178,0.0,0.357,1.149,1.744,,3.066,3.525,0.0,-0.052,16932.0518,17064.616,2.3748,2.98,3.21,0.07,1.6155,0.9371,5.9,139563.0,207.90071428571423,203.43805467641468,21334.279033022594,21227.325946469737,66.38723634396972,55.10278862125593,119.1192613486566,27295351613.86643,21.347105234282765,23.74077985342062,-2.3936746191378546,94.33668871298867,168.4836,12.252
2014-10-31,16.019,0.079,0.175,0.446,0.669,0.23,0.178,0.0,0.357,1.149,1.744,,3.066,3.525,0.0,-0.052,16932.0518,17141.235,2.3743,2.81,3.07,0.07,1.6155,0.9371,5.7,139805.0,212.68714285714287,208.50364738622605,24140.404744255004,22241.3443934903,74.56198225936515,64.24896659458443,121.10987612168346,28805616375.64708,22.574649850101025,23.5075538527567,-0.9329040026556754,95.42699157037072,172.4516,12.4946
2014-11-28,16.798059180288814,-0.5650656132918959,0.1938687087877572,0.3558120091964423,0.6769126337353599,0.1823120782292126,0.0451948601265147,0.236348519083028,0.5104383826146044,1.5882134782543995,1.891901669861183,,3.54981598582826,3.041775918043046,0.0,0.0053835971214044,16932.0518,17141.235,2.3698,2.62,2.89,0.08,1.6155,0.9371,5.8,140089.0,217.4792857142857,215.1284944013959,25816.73132636352,23763.80503454704,74.57689208000586,64.15417281281205,123.5376785992498,30360694670.194557,24.61612041975806,23.729267166156973,0.8868532536010889,96.24565441495172,177.1892,12.9711
2014-12-31,17.959,0.793,0.186,0.428,0.676,0.23,0.174,0.0,0.407,1.067,1.592,,2.851,3.572,0.0,-0.047,16932.0518,17141.235,2.3625,2.47,2.75,0.06,1.6155,0.9371,5.6,140366.0,222.16000000000005,221.40469514787645,26217.383995703545,25391.506688774025,74.28296153561107,64.16736258760778,126.25692502726478,31923895485.15865,26.254923624819725,24.23439845788953,2.0205251669301987,97.08810287033216,176.7355,13.8974
2015-01-30,38.00789064119797,2.4435206792967903,0.1399081813229664,0.2970675176624269,0.7031879661659051,0.2395715345457758,0.1312185184998174,-0.0575744497696742,0.7442767996563048,1.2173746463801354,2.146929960258693,,3.299788919485926,3.0110388032568736,0.0,-0.0124833900336069,17390.2953,17280.647,2.3475,2.04,2.25,0.06,0.1211,-7.2393,5.7,140562.0,225.835,225.8720691281596,25488.383995703545,25840.83310592353,68.99505279480175,57.47094708443775,129.11818652671948,30366153304.318745,26.65814637949973,24.719148042211568,1.938998337288158,97.98198902037666,171.499,13.2136
2015-02-27,39.061102989093385,-0.1355580117315831,-0.0041610032530254,0.3457333401907114,0.6087547864079368,0.1861308739743095,0.2112743969529887,0.3141060912401134,0.2806335646951304,2.199586489667642,1.6243476351259067,,2.9450778571460923,2.499859220648411,0.0,-0.0166022808783353,17390.2953,17280.647,2.3534,2.38,2.6,0.06,0.1211,-7.2393,5.5,140829.0,229.3085714285714,231.9304599110717,27128.55410494602,26278.10736545104,68.33572128798734,57.00426156275848,131.87082279618508,31960428809.98445,27.978527211462705,25.3710238760618,2.6075033354009065,98.80459354579352,181.138,14.5349
2015-03-31,17.3,0.22,0.188,0.433,0.677,0.234,0.178,0.0,0.386,1.135,1.674,,3.277,3.476,0.0,-0.048,17390.2953,17280.647,2.3598,2.31,2.54,0.06,0.1211,-7.2393,5.4,140924.0,218.5928571428572,209.7277319229288,6540.695641997847,19719.21124754913,27.356155285878145,47.74838099512476,65.02,30502353698.822323,12.26909877825463,22.75063885650037,-10.481540078245736,99.3112058562851,178.286,14.8058
2015-04-30,17.47,0.222,0.188,0.433,0.677,0.234,0.178,0.0,0.386,1.135,1.674,,3.277,3.476,0.0,-0.048,17390.2953,17380.875,2.3622,2.49,2.75,0.08,0.1211,-7.2393,5.4,141202.0,207.1721428571429,190.5707009998716,6604.699720018665,13424.649822320844,25.12523725069229,48.27700893932994,64.35,31896812975.3468,-0.1276226298514586,18.174986559230003,-18.302609189081466,98.80386714832012,180.0393,14.1344
2015-05-29,26.00263659380549,-0.7369689689156425,0.070737781485214,0.3996234791047013,0.6196794625511324,0.1515027092464475,0.1177999571146545,-0.0766505879319111,0.8449437207814832,2.445169710610412,1.9675407478296103,,4.616077407096481,1.252027003376204,0.0,-0.0461679753951771,17390.2953,17380.875,2.37,2.63,2.88,0.08,0.1211,-7.2393,5.6,141540.0,196.6592857142857,174.31860753322206,6867.699720018666,6671.031694011726,26.559215136650323,54.83565946086521,64.4626,33330940941.618565,-9.62889868885364,12.614209509613277,-22.243108198466917,98.37962042989324,182.3539,15.0413
2015-06-30,20.303,4.35,0.197,0.421,0.684,0.237,0.176,0.0,0.389,1.17,1.709,,3.275,3.295,0.0,-0.024,17390.2953,17380.875,2.3766,2.83,3.11,0.08,0.1211,-7.2393,5.3,141695.0,186.98357142857145,160.0294598621258,6714.699720018666,6729.033053351999,27.589173449804772,58.27848532202479,64.587148,31991706533.56001,-17.085238636062172,6.674319880478187,-23.75955851654036,98.00218583187996,178.6885,14.2566
2015-07-31,22.709,4.88,0.197,0.421,0.684,0.237,0.176,0.0,0.389,1.17,1.709,,3.275,3.295,0.0,-0.024,17390.2953,17437.08,2.3803,2.61,2.92,0.08,0.1211,-7.2393,5.2,141989.0,177.01999999999998,148.73753188050904,7533.699720018665,7038.699720018666,26.6105503202656,58.59114113582986,64.69580504,33454298701.29421,-22.079063510529664,0.923643202276617,-23.00270671280628,97.588623121352,182.6461,14.905
2015-08-31,20.944,0.357,0.193,0.435,0.685,0.241,0.185,0.0,0.388,1.182,1.719,,3.408,3.269,0.0,-0.019,17390.2953,17437.08,2.3803,2.64,2.95,0.08,0.1211,-7.2393,5.1,142130.0,167.06214285714285,138.4125276297745,7129.7255888406125,7126.041676292647,26.617691456173887,58.03195443523224,60.0,31920553220.057224,-26.062270309493897,-4.473539500077486,-21.58873080941641,97.12299934671871,171.4417,14.9518
2015-09-30,20.463,0.349,0.193,0.435,0.685,0.241,0.185,0.0,0.388,1.182,1.719,,3.408,3.269,0.0,-0.019,17390.2953,17437.08,2.375,2.51,2.87,0.07,0.1211,-7.2393,5.0,142265.0,156.96571428571428,129.24552394580456,6965.7255888406125,7209.716965899963,26.398397061279013,58.62921209147976,60.3234,30387988980.61419,-29.01683665843176,-9.38219893174834,-19.634637726683412,96.60943376485884,167.1574,15.6533
2015-10-30,21.700270872946888,0.8723425781622681,0.1312008353494915,0.3054212942475728,0.6509202172411713,0.2005772218354667,0.1108276569386698,-0.1203873254617946,0.2135850298088458,1.2718411416469342,2.5349771481455896,,2.511668644224595,2.546967520384257,0.0,0.0270849774912996,17390.2953,17462.579,2.3773,2.57,2.93,0.07,0.1211,-7.2393,5.0,142585.0,147.32714285714286,122.35678741969728,7757.725588840612,7284.392255507279,27.940887987968352,64.66903639068856,60.563332,32053828239.906227,-30.369196770466477,-13.579598499491969,-16.789598270974505,96.26961398617472,181.4136,16.9917
2015-11-30,23.358,0.53,0.186,0.456,0.69,0.243,0.193,0.0,0.348,1.509,2.027,,3.611,2.515,0.0,-0.006,17390.2953,17462.579,2.3802,2.63,2.98,0.08,0.1211,-7.2393,5.1,142810.0,137.73,116.57721576373766,7900.725588840613,7541.392255507279,28.07727450724448,65.3262899558787,60.92986536,33789940058.926662,-30.96857638222625,-17.057394076038825,-13.91118230618742,95.9807238683746,182.0767,17.206
2015-12-31,22.799,0.52,0.186,0.456,0.69,0.243,0.193,0.0,0.348,1.509,2.027,,3.611,2.515,0.0,-0.006,17390.2953,17462.579,2.3776,2.67,3.01,0.2,0.1211,-7.2393,5.0,143083.0,126.02428571428572,111.37358699523932,7754.725588840612,7804.392255507279,20.718982275586043,56.46271460925011,61.3314680528,32089841913.596367,-31.20172478024628,-19.88626021688032,-11.315464563365964,95.67577712670136,178.9488,17.1502
2016-01-29,12.046694289906702,2.8889734128528897,0.2351347033547799,0.4609466102042986,0.6112907804452448,0.2361283768564387,0.0776511722612966,0.3079385702735601,0.5793173760054315,1.2688676830146433,1.3690592439881446,,2.6226598771785885,2.1472342178915405,0.0,0.0317808824646913,17680.2738,17565.465,2.3765,2.36,2.75,0.29,1.2674,-2.6501,4.8,143198.0,112.90285714285712,106.45577539587408,7448.725588840612,7701.392255507279,15.488088975727068,47.85037459798397,61.714638691744,30265096869.97317,-31.27291825698282,-22.16359182490082,-9.109326432082,95.18731265270075,170.0395,18.2794
2016-02-29,20.424,1.23,0.182,0.476,0.692,0.247,0.204,0.12,0.493,2.065,2.574,,4.029,1.627,0.0,-0.002,17680.2738,17565.465,2.3734,2.19,2.61,0.29,1.2674,-2.6501,4.9,143410.0,99.345,101.91367200975752,7238.725588840612,7480.725588840612,14.082428187563863,40.49828347909779,62.01054591790912,28344491678.95044,-31.1398314566256,-23.958839751245776,-7.1809917053798245,94.76366173720386,169.8991,18.6597
2016-03-31,21.578,1.3,0.182,0.476,0.692,0.247,0.204,0.12,0.493,2.065,2.574,,4.029,1.627,0.0,-0.002,17680.2738,17565.465,2.3808,2.2,2.61,0.25,1.2674,-2.6501,5.0,143666.0,86.60000000000001,98.52251574178986,7647.725588840612,7445.058922173946,15.82193617591848,47.9960202607742,62.265934999550936,30433153134.40444,-30.354423491028054,-25.237956499202237,-5.116466991825824,94.44095948663444,181.3235,19.646
2016-04-29,24.27826310525431,1.774245662268805,0.1816141271939088,0.3231997854582381,0.6593155003127081,0.2085078441739639,0.160448034314446,0.0183598326460893,0.604356352605446,1.6213505561497927,2.3753852424090263,,4.922826855439542,1.1549214629363624,0.0,0.0202296439174695,17680.2738,17618.581,2.3899,2.26,2.66,0.3,1.2674,-2.6501,5.1,143856.0,72.73785714285715,95.68484697621788,7723.725588840612,7536.725588840612,10.456823831451985,48.1559600294824,62.56061629955992,32432182480.32218,-29.332529233183493,-26.056871045998488,-3.275658187185005,94.21597804801186,182.0381,18.2639
2016-05-31,22.564,0.953,0.184,0.48,0.692,0.228,0.208,0.213,0.614,2.795,3.268,,4.507,1.164,0.0,0.004,17680.2738,17618.581,2.3956,2.23,2.64,0.29,1.2674,-2.6501,4.8,143901.0,73.70428571428572,93.45220071272216,7891.238840312932,7754.230005998052,66.42388929351785,56.17132034549614,62.94400397356872,34503034255.0728,-28.06201345586159,-26.457899527971108,-1.6041139278904808,94.03268774682408,185.1349,19.5365
2016-06-30,21.2,0.896,0.184,0.48,0.692,0.228,0.208,0.213,0.614,2.795,3.268,,4.507,1.164,0.0,0.004,17680.2738,17618.581,2.4022,1.86,2.3,0.3,1.2674,-2.6501,4.9,144152.0,74.28428571428572,90.88124061769255,7414.238840312932,7676.401089822158,58.95851721094439,54.11231410376282,63.28252389409735,32614680101.0905,-27.12731290718078,-26.591782203813047,-0.5355307033677335,93.7138725925819,185.7824,19.2338
2016-07-29,45.43404494563784,3.3373311279607285,0.1303707660987747,0.2637438019159241,0.675072968289887,0.1729351345995216,0.1637350130807997,0.0255968929387337,0.2604416515120586,1.542568939776777,1.6717250643642632,,3.0484238795926157,1.8713346424027717,0.0,0.0156620196083432,17680.2738,17724.489,2.401,1.78,2.18,0.3,1.2674,-2.6501,4.8,144515.0,74.95357142857142,89.17040853533355,7802.238840312932,7702.572173646266,60.06012454369765,55.126716807870935,63.6510734162154,34563953621.77627,-25.776338825938765,-26.428693528238192,0.6523547022994265,93.48412691502462,192.5581,21.0451
2016-08-31,31.428,2.5402142450215184,0.234,0.387,0.699,0.213,0.169,0.282,0.76,2.723,3.174,,3.688,1.12,0.0,0.014,17680.2738,17724.489,2.4055,1.9,2.23,0.3,1.2674,-2.6501,4.9,144664.0,75.9357142857143,88.06768739728908,8087.242647058824,7767.906775894895,64.3558154103153,60.24758082165657,63.98145194789109,36598770296.09231,-24.19678547082391,-25.982311916755336,1.7855264459314242,93.33370536327898,192.7887,21.1789
2016-09-30,32.127,-0.3223565491189759,0.234,0.387,0.699,0.213,0.169,0.282,0.76,2.723,3.174,,3.688,1.12,0.0,0.014,17680.2738,17724.489,2.4118,1.99,2.32,0.29,1.2674,-2.6501,5.0,144961.0,76.46142857142857,87.35199574431721,8267.47793190416,8052.319806425306,58.86746987951807,60.60809564084493,64.33702290893326,38674211918.15303,-22.53990708182141,-25.293830949768555,2.753923867947144,93.18910777862054,192.8037,20.181
2016-10-31,31.791,3.891791122057662,0.234,0.387,0.699,0.213,0.169,0.282,0.76,2.723,3.174,,3.688,1.12,0.0,0.014,17680.2738,17812.56,2.4174,2.25,2.58,0.31,1.2674,-2.6501,4.9,145069.0,77.26214285714286,86.70639631174159,8247.258064516129,8200.659547826372,64.88711819389111,59.91230950293657,64.7260824507546,36584286316.84906,-21.000074645060806,-24.43507968882701,3.4350050437662034,93.0479875523974,189.4611,19.1143
2016-11-30,25.906,3.18,0.228,0.397,0.698,0.202,0.182,0.325,0.946,1.363,1.779,,2.853,2.407,0.0,0.008,17680.2738,17812.56,2.4203,2.73,3.02,0.31,1.2674,-2.6501,4.7,145189.0,77.8092857142857,85.45487680350936,7728.293721973093,8081.009906131127,59.29611650485436,51.780687407058224,65.10556080173951,34726246147.0421,-19.968353224293267,-23.541734395920265,3.5733811716269948,92.81860490632184,196.4405,19.1501
2016-12-30,31.42868254998119,0.1715117528536787,0.0573054611739006,0.3334133171736826,0.644434982605675,0.2426402309993235,0.0176126960573242,0.0742271255831578,0.546050241923781,1.6464924063491204,2.3400366510832837,,3.541376425069698,2.138720021897482,0.0,-0.0144192209756687,17680.2738,17812.56,2.4264,2.79,3.06,0.55,1.2674,-2.6501,4.7,145408.0,77.84071428571428,84.46355989637478,7798.293721973094,7924.615169487439,50.647439670394334,44.20040012504413,65.48264958570472,36606802922.3663,-18.876624439084598,-22.608712404553128,3.7320879654685335,92.55857177000716,200.4249,20.1495
2017-01-31,27.525,3.401,0.228,0.397,0.698,0.202,0.182,0.325,0.946,1.363,1.779,,2.853,2.407,0.0,0.008,18076.6515,17889.094,2.4362,2.78,3.05,0.56,2.1314,4.4122,4.7,145639.0,78.105,84.22975191019148,8267.357024793388,7931.314822913191,54.96777658431792,43.85194079782525,65.78079659399063,38560603527.11957,-17.432032092393058,-21.573376342121115,4.141344249728057,92.4386342752847,204.0115,21.1762
2017-02-28,26.773,1.0167005382958418,0.235,0.383,0.705,0.19,0.189,0.328,0.94,1.768,2.163,,2.547,1.757,0.0,0.0,18076.6515,17889.094,2.4401,2.7,2.97,0.57,2.1314,4.4122,4.6,145845.0,78.84714285714286,84.7244516554993,8791.044255699599,8285.565000822027,62.667642038527184,50.82133745419473,66.15058066211081,40655516820.75145,-15.684365358177274,-20.39557414533235,4.711208787155076,92.3636821945822,212.0274,21.3473
2017-03-31,27.056,-0.3953724146193356,0.235,0.383,0.705,0.19,0.189,0.328,0.94,1.768,2.163,,2.547,1.757,0.0,0.0,18076.6515,17889.094,2.4389,2.76,3.02,0.82,2.1314,4.4122,4.4,145975.0,79.87428571428572,85.27719143476605,8884.450057848053,8647.617112780346,68.49279835390948,59.1736559677552,66.5973690488686,42659453990.32619,-14.062183553783967,-19.12889602702268,5.066712473238709,92.33005252374332,212.2941,20.9432
2017-04-28,31.43308335754447,2.084876247708856,0.1434446199721396,0.3273924714530911,0.6803691754499356,0.1769883604108146,0.1320231712491155,0.2233136891954091,0.7004234198033307,1.710633925364318,1.9582914349202047,,2.659760344263023,2.394889676029531,0.0,-0.0067017374656417,18076.6515,17979.218,2.4419,2.67,2.96,0.83,2.1314,4.4122,4.4,146172.0,81.21928571428573,86.06956591013058,9119.00344530577,8931.499252951142,74.0608228980322,66.27024048148948,67.10642166789123,44713877236.47052,-12.443526202150636,-17.79182206204827,5.3482958598976325,92.3129693037188,214.4014,20.7683
2017-05-31,31.069,1.6443783219403367,0.312,0.288,0.704,0.193,0.152,0.319,0.984,1.191,1.619,,2.08,2.991,0.0,-0.013,18076.6515,17979.218,2.44,2.6,2.87,0.83,2.1314,4.4122,4.4,146389.0,82.55857142857144,87.29095712211317,9519.712298025135,9174.388600392986,74.00768245838668,66.29032845095253,67.6202932345334,46902958887.35745,-10.71365475910858,-16.37618860146033,5.662533842351753,92.33027803214434,217.4272,20.4004
2017-06-30,30.596,0.5372645143161536,0.312,0.288,0.704,0.193,0.152,0.319,0.984,1.191,1.619,,2.08,2.991,0.0,-0.013,18076.6515,17979.218,2.4416,2.61,2.84,1.06,2.1314,4.4122,4.3,146588.0,83.74000000000001,88.15616283916475,9374.86295503212,9337.859566121007,70.8102667337695,67.0771164221753,68.17848736984274,44809388275.56526,-9.351918958900598,-14.971334672948386,5.619415714047788,92.35722871583155,218.8132,21.6737
2017-07-31,32.184,3.114357265926502,0.312,0.288,0.704,0.193,0.152,0.319,0.984,1.191,1.619,,2.08,2.991,0.0,-0.013,18076.6515,18127.994,2.4424,2.66,2.89,1.07,2.1314,4.4122,4.3,146772.0,85.21285714285715,89.67667446060945,9953.377372001432,9615.984208352897,73.52806937471473,67.63987665578084,68.74691762244589,46995099088.92191,-7.717374739832792,-13.520542686325268,5.803167946492476,92.41432392225308,223.3107,22.5468
2017-08-31,21.295,0.7470566054794624,0.243,0.365,0.7,0.195,0.206,0.314,0.999,1.176,1.581,,2.208,3.212,0.0,-0.038,18076.6515,18127.994,2.4518,2.47,2.73,1.07,2.1314,4.4122,4.4,146907.0,87.3092857142857,91.52245119919486,10349.568982548568,9892.60310319404,84.11997209951171,75.5521259131127,69.39557926999697,49287142001.375,-6.032904200792956,-12.023014989218805,5.990110788425849,92.51058942843096,223.9623,22.853
2017-09-29,46.72534129986623,2.347621398312059,0.2213012809201792,0.3853202183374019,0.6835224264193938,0.1886842943186082,0.2266605052302228,-0.0719038237540985,0.3381585225488709,0.9964631999013897,2.1627183895760287,,3.4235696789181214,2.485647200440645,0.0,-0.0126814361639745,18076.6515,18127.994,2.4644,2.63,2.86,1.06,2.1314,4.4122,4.3,146999.0,89.25142857142858,93.35145770596888,10521.626085583452,10274.857480044484,83.28029375764991,75.57213313127947,70.09166768459703,51620795583.79093,-4.507203303245589,-10.519852652024165,6.012649348778574,92.61909268980996,228.4731,23.6366
2017-10-31,22.483,2.6659229439463927,0.243,0.365,0.7,0.195,0.206,0.314,0.999,1.176,1.581,,2.208,3.212,0.0,-0.038,18076.6515,18310.3,2.4663,2.66,2.88,1.07,2.1314,4.4122,4.2,147147.0,91.32857142857142,95.56859667850637,10995.8867022772,10622.360590136406,84.01965372016844,75.94004186545004,70.82653433090509,54058342128.71419,-2.882369798862385,-8.992356081391808,6.109986282529423,92.7616624032091,233.8568,22.1374
2017-11-30,22.174,4.196,0.244,0.365,0.703,0.196,0.205,0.337,1.075,1.558,1.903,,2.438,2.033,0.0,-0.038,18076.6515,18310.3,2.4728,2.65,2.83,1.07,2.1314,4.4122,4.2,147377.0,93.46357142857144,97.8381171213722,11257.04499349805,10924.852593786234,84.31687715269803,75.97765272173157,71.62480364428698,56590234252.81007,-1.3682994487175648,-7.467544754856959,6.0992453061393945,92.9188563860384,241.0049,24.1211
2017-12-29,18.20164923227549,-0.0707646955029457,0.2616950437891882,0.3743806846767818,0.6691771417065725,0.2077987667760875,0.1416077975758179,0.1677760564238954,0.7867030581518464,2.022001096460949,1.8513982924531396,,4.41939243967971,1.9645835257440627,0.0,0.0092033866357531,18076.6515,18310.3,2.4781,2.58,2.74,1.33,2.1314,4.4122,4.1,147521.0,95.71428571428572,99.99570150518925,11400.10893081761,11217.680208864287,85.17526233534268,83.10247259355066,72.46470757140125,59259767459.1271,-0.0523947647155722,-5.984514756828682,5.93211999211311,93.12673110652644,243.9178,23.5259
2018-01-31,24.431,4.63,0.244,0.365,0.703,0.196,0.205,0.337,1.075,1.558,1.903,,2.438,2.033,0.0,-0.038,18609.0783,18437.127,2.4886,2.83,2.95,1.34,2.439,4.3487,4.0,147670.0,99.06499999999998,103.22694130449732,12421.54631599304,11692.900080102898,97.0889379642642,91.42184526826168,73.31381341997323,62014845991.91358,1.7936547143710584,-4.428880862588734,6.2225355769597925,93.38328938355512,257.6648,24.7752
2018-02-28,23.422,-1.088076506700294,0.237,0.381,0.7,0.203,0.225,0.323,1.036,1.351,1.774,,2.302,2.547,0.0,-0.035,18609.0783,18437.127,2.4953,3.02,3.13,1.35,2.439,4.3487,4.1,148058.0,102.27357142857144,105.85534913056436,12292.377970655094,12038.011072488582,94.56349206349203,90.19828711366146,74.38513715157376,59155997105.88563,3.1166432838620466,-2.9197760332985783,6.036419317160625,93.68399863144894,248.296,24.7263
2018-03-29,29.85822215002352,2.874743463862968,0.0891258096523485,0.3557057193323953,0.6578568323836851,0.2001745604643798,0.1898867040499637,-0.0391301627987321,0.5258500705088236,1.782429945470207,1.6772761617765786,,2.30959908441844,3.0203734476448707,0.0,-0.010710330083231,18609.0783,18437.127,2.4958,2.85,2.97,1.67,2.439,4.3487,4.0,148281.0,104.91,107.69063591315576,11960.1997351578,12224.708007268646,87.64022027330206,90.57205640042416,75.42263440854228,56340371840.87043,3.852812182650013,-1.56525839010886,5.4180705727588725,93.97884263994509,241.4889,26.5205
2018-04-30,23.951,0.4582128716572697,0.237,0.381,0.7,0.203,0.225,0.323,1.036,1.351,1.774,,2.302,2.547,0.0,-0.035,18609.0783,18565.697,2.5023,3.01,3.11,1.69,2.439,4.3487,4.0,148426.0,107.69142857142856,110.24921779140168,12685.806491885143,12312.794732566012,88.1316098707403,90.8087510405797,76.42298172037144,59291105682.07866,4.964821295003546,-0.2592424530863789,5.224063748089924,94.2747379816734,242.7369,27.1665
2018-05-31,19.644,1.048,0.192,0.482,0.696,0.205,0.288,0.326,1.028,1.478,1.886,,2.354,2.336,0.0,-0.039,18609.0783,18565.697,2.5079,2.91,3.0,1.7,2.439,4.3487,3.8,148755.0,110.68071428571427,112.9786554192148,13070.013748027946,12572.006658356964,88.77153974430239,90.9319193539046,77.452522085964,62316237213.732574,6.0857991318047056,1.009765863891838,5.076033267912868,94.58394641829128,248.6376,28.2553
2018-06-29,17.265674605989584,1.2951539669224994,0.1169076082552626,0.3995165752721802,0.6681995253018594,0.1720942747172644,0.1457748076424488,0.0965722571971943,0.3184128963985743,1.724385308092487,1.8180737861892349,,4.393708479688706,2.686314844927198,0.0,-0.0098496132080547,18609.0783,18565.697,2.5102,2.91,2.98,1.91,2.439,4.3487,4.0,148966.0,113.62571428571428,115.5748346966528,13242.999121844126,12999.606453919072,88.6410496719775,91.1640311972108,78.55347164424472,65312844874.05129,7.032709982497295,2.2143546876129294,4.818355294884365,94.93316310882348,250.0686,28.2042
2018-07-31,20.439,1.096,0.192,0.482,0.696,0.205,0.288,0.326,1.028,1.478,1.886,,2.354,2.336,0.0,-0.039,18609.0783,18699.748,2.5121,3.03,3.08,1.91,2.439,4.3487,3.8,149022.0,116.59071428571428,118.39685673709911,13672.156535558204,13328.389801810094,88.70035427932127,91.4208011411206,79.71620221135983,68298537967.31246,8.036669082242227,3.378817566538789,4.657851515703438,95.3299424104017,259.3328,28.2444
2018-08-31,21.773,1.654,0.197,0.479,0.697,0.208,0.29,0.332,1.039,1.487,1.888,,2.373,2.323,0.0,-0.036,18609.0783,18699.748,2.5166,2.95,3.02,1.91,2.439,4.3487,3.8,149272.0,120.38428571428572,122.1959425054859,14687.2907190022,13867.482125468176,92.60388256056474,91.48617951791344,80.98467816713263,71405466958.43637,9.541347361731937,4.6113235255774185,4.930023836154518,95.73213623948229,267.6106,29.4928
2018-09-28,-7.623982678983967,3.070202330519297,0.1525190199537452,0.3815003544652496,0.6494668753991218,0.2249952503913792,0.1966261901079919,0.1168502395295462,0.4130047223069958,0.3910040555180314,1.9968803472812973,,1.4455016643374026,2.148600239197096,0.0,0.0248920952433609,18609.0783,18699.748,2.5218,3.13,3.19,2.18,2.439,4.3487,3.7,149361.0,123.99357142857144,125.91515017142112,15007.058387033783,14455.501880531396,92.28451882845188,91.69774197290704,82.31918460378998,74639865513.14053,10.86676370763719,5.862411561989373,5.004352145647817,96.17255012011007,269.2025,26.6409
2018-10-31,20.433,1.552,0.197,0.479,0.697,0.208,0.29,0.332,1.039,1.487,1.888,,2.373,2.323,0.0,-0.036,18609.0783,18733.741,2.5277,3.3,3.39,2.2,2.439,4.3487,3.8,149526.0,126.44571428571427,127.50646348189832,13782.925760649086,14492.42495556169,75.23151550786417,79.88158957936099,83.68560091171418,71471411828.5604,10.80494729821666,6.850918709234831,3.9540285889818296,96.79867130523712,250.5994,26.9234
2018-11-30,19.616,1.438,0.193,0.5,0.697,0.209,0.31,0.328,1.036,1.285,1.611,,2.753,2.982,0.0,-0.035,18609.0783,18733.741,2.5259,3.19,3.3,2.2,2.439,4.3487,3.8,149622.0,129.0507142857143,129.40026835097854,14168.751981792582,14319.578709825151,75.98688898389625,71.21829224056643,85.04308889347989,74750280804.98099,10.941302563790714,7.668995480146007,3.272307083644707,97.29010320643512,255.2479,28.3548
2018-12-31,18.237,1.339,0.193,0.5,0.697,0.209,0.31,0.328,1.036,1.285,1.611,,2.753,2.982,0.0,-0.035,18609.0783,18733.741,2.5277,2.87,3.02,2.4,2.439,4.3487,3.9,149805.0,130.61928571428572,129.73889923751472,13191.62900355872,13714.43558200013,64.60106382978722,62.60245874699304,86.2514271156103,71506022581.4725,10.144073184239971,8.1640110209648,1.9800621632751716,97.7692752689258,232.8023,25.4555
2019-01-31,18.587,1.37,0.193,0.5,0.697,0.209,0.31,0.328,1.036,1.285,1.611,,2.753,2.982,0.0,-0.035,19036.0523,18835.411,2.5272,2.83,2.99,2.4,1.8129,-1.044,4.0,150114.0,132.2207142857143,130.44171267251275,13498.62900355872,13619.66999630334,64.8162833729844,63.8349785100583,87.4407985732981,74786285806.88448,9.648761582777285,8.460961133327297,1.187800449449986,98.1540954641189,251.4418,27.4746
2019-02-28,19.572,1.463,0.196,0.506,0.695,0.216,0.325,0.329,1.052,1.277,1.668,,2.156,2.818,0.0,-0.036,19036.0523,18835.411,2.5332,2.94,3.09,2.4,1.8129,-1.044,3.8,150092.0,134.65642857142856,132.79881764951105,14809.261470152936,13833.173159090124,69.52141057934509,64.12455629755296,88.48998260183214,78205345430.78613,10.196551506613917,8.80807920798462,1.388472298629294,98.5386864534712,259.5925,28.5762
2019-03-29,16.371822212515887,-1.9383476926250247,0.2119874838211573,0.4235666780190214,0.6312171817818308,0.1204713525300976,0.1525870679039875,-0.110648496132102,0.0873064374757991,0.6410745678761802,1.9480420933694105,,1.479771126558811,1.8607241546389783,0.0,0.0922513818052965,19036.0523,18835.411,2.542,2.63,2.81,2.43,1.8129,-1.044,3.8,150320.0,136.93928571428572,135.91764196290958,15616.575982532751,14641.488818748136,68.75586854460093,65.57769258366213,89.6965829497955,81810595093.30142,11.15329231296323,9.277121828980343,1.876170483982888,99.13770030702858,264.2856,27.446
2019-04-30,21.589,1.624,0.196,0.506,0.695,0.216,0.325,0.329,1.052,1.277,1.668,,2.156,2.818,0.0,-0.036,19036.0523,18962.175,2.5521,2.75,2.93,2.45,1.8129,-1.044,3.6,150563.0,139.90285714285716,139.7192897011883,16440.66398228307,15622.167144989586,72.5122083559414,71.97530950272511,91.0390512907996,85515375256.95956,12.43309445682138,9.908316354548552,2.524778102272828,99.59466514603912,275.0823,28.9236
2019-05-31,22.464,1.099,0.197,0.513,0.697,0.217,0.335,0.329,1.056,1.234,1.602,,2.381,3.064,0.0,-0.02,19036.0523,18962.175,2.5529,2.39,2.58,2.4,1.8129,-1.044,3.7,150630.0,142.88214285714284,142.60071774102988,16130.621076233185,16062.620347016336,72.68573914935277,65.28232442408483,92.5322702649836,81803191607.1057,13.046807310763567,10.536014545791556,2.510792764972013,100.07279907078224,257.54,28.4342
2019-06-28,7.688678519187505,2.6636675734817183,0.154116716343144,0.3738200233399565,0.6892934276439555,0.216674545918818,0.1865083941161664,0.0562087223470881,0.5030933293623624,1.3616471380475623,2.985894225198246,,1.3432723759883385,2.1689689951372197,0.0,-0.006944937104451,19036.0523,18962.175,2.5516,2.31,2.52,2.4,1.8129,-1.044,3.6,150797.0,146.21571428571428,146.72728870889256,17352.72028496438,16641.335114493544,74.08401279801836,65.90084905283547,93.99702485968392,85649977764.20201,14.353769719854853,11.299565580604217,3.0542041392506363,100.64048508008032,275.4629,30.3175
2019-07-31,24.614,1.213,0.197,0.513,0.697,0.217,0.335,0.329,1.056,1.234,1.602,,2.381,3.064,0.0,-0.02,19036.0523,19130.932,2.5569,2.31,2.53,2.4,1.8129,-1.044,3.7,150879.0,149.59285714285716,150.8969835477069,17798.053465663517,17093.79827562036,74.24615384615385,66.2334577819963,95.61588436249023,89487703335.6496,15.56915314897364,12.1534830942781,3.415670054695539,101.15146816693408,279.6277,30.3806
2019-08-30,-19.25115070097145,2.4909782708143577,0.1811152196346104,0.3693724443834379,0.68303752671223,0.1943599332224755,0.197522813644263,0.1152382818451538,0.6271272540092889,1.894514610979637,1.6503173181020236,,2.16874539065583,2.3076012872951623,0.0,0.0154137377735786,19036.0523,19130.932,2.5606,1.78,1.96,2.13,1.8129,-1.044,3.7,151111.0,153.04785714285714,154.8867190746793,18080.05346566352,17743.609072097137,74.53088548534333,59.35323021098191,97.38496667524043,93448243993.77034,16.568907651571294,13.03656800573674,3.532339645834554,101.75301767930648,274.9458,31.4745
2019-09-30,24.277,1.038,0.191,0.534,0.698,0.223,0.358,0.326,1.046,1.219,1.602,,2.414,3.158,0.0,-0.005,19036.0523,19130.932,2.5651,1.94,2.12,1.9,1.8129,-1.044,3.5,151318.0,155.56714285714287,157.16982319805538,17199.142093200917,17692.416341509317,67.10309378333818,60.26011144203312,99.08526734173564,89659634511.6496,16.4605796105686,13.721370326703113,2.739209283865488,102.4139488619582,280.3014,31.4687
2019-10-31,25.244,1.079,0.191,0.534,0.698,0.223,0.358,0.326,1.046,1.219,1.602,,2.414,3.158,0.0,-0.005,19036.0523,19215.691,2.5724,2.0,2.17,1.58,1.8129,-1.044,3.6,151447.0,157.85071428571428,160.06184677164802,17884.142093200917,17721.112550688453,66.01542931569983,53.56356957025875,100.84456199490091,93574056420.26732,16.734561007383377,14.324008462839164,2.4105525445442115,103.02016864210124,286.4974,31.6018
2019-11-29,23.59438368657051,3.736711718878058,0.2466803916501191,0.321481536272543,0.5925884677696537,0.1923795756175113,0.1330791404105988,0.3679124859847731,0.2167650179685419,1.5588689961879043,1.89440856393242,,5.192129145628714,2.724910935794949,0.0,0.0307287215951425,19036.0523,19215.691,2.578,2.07,2.21,1.56,1.8129,-1.044,3.6,151662.0,160.30928571428572,163.3216005354283,18449.14209320092,17844.142093200917,66.82964991198904,53.87188855401581,102.4312707550029,97613115824.61824,17.20922379967547,14.901051530206429,2.3081722694690434,103.54957292101749,296.8681,33.195
2019-12-31,25.161,1.163,0.195,0.526,0.699,0.226,0.36,0.325,1.092,1.123,1.563,,2.13,3.041,0.0,-0.01,19036.0523,19215.691,2.5862,2.25,2.39,1.55,1.8129,-1.044,3.6,151764.0,163.8842857142857,166.59872046403788,18788.21935861766,18373.834515006496,76.79049352317739,62.59410811436099,104.07964533990284,101750167704.53123,17.655421442643103,15.451925512693764,2.203495929949339,104.2080858140202,305.4872,34.0766
2020-01-31,26.553,1.231,0.195,0.526,0.699,0.226,0.36,0.325,1.092,1.123,1.563,,2.13,3.041,0.0,-0.01,18509.1428,18989.877,2.5904,1.83,1.99,1.59,1.2513,-2.7317,3.5,152098.0,167.9742857142857,170.91489106883284,19895.626454309277,19044.329302042617,78.45358775591333,70.86661243443297,105.79585243310478,105892414562.80511,18.686882029667373,16.098916816088487,2.587965213578886,105.06642721406132,305.3638,37.0548
