Date,1. open,2. high,3. low,4. close,5. adjusted close,6. volume,7. dividend amount,8. split coefficient
2020-01-31,1468.9,1470.13,1428.53,1434.23,71.7115,2417214,0.0000,1.0
2020-01-30,1439.96,1457.28,1436.4,1455.84,72.792,1339421,0.0000,1.0
2020-01-29,1458.8,1465.43,1446.74,1458.63,72.9315,1078667,0.0000,1.0
2020-01-28,1443.0,1456.0,1432.47,1452.56,72.628,1577422,0.0000,1.0
2020-01-27,1431.0,1438.07,1421.2,1433.9,71.695,1755201,0.0000,1.0
2020-01-24,1493.59,1495.495,1465.25,1466.71,73.3355,1784644,0.0000,1.0
2020-01-23,1487.64,1495.52,1482.1,1486.65,74.3325,1351354,0.0000,1.0
2020-01-22,1491.0,1503.214,1484.93,1485.95,74.2975,1610846,0.0000,1.0
2020-01-21,1479.12,1491.85,1471.2,1484.4,74.22,2008830,0.0000,1.0
2020-01-17,1462.91,1481.295,1458.22,1480.39,74.0195,2396215,0.0000,1.0
2020-01-16,1447.44,1451.99,1440.92,1451.7,72.585,1173688,0.0000,1.0
2020-01-15,1430.21,1441.395,1430.21,1439.2,71.96,1282685,0.0000,1.0
2020-01-14,1439.01,1441.8,1428.37,1430.88,71.544,1560453,0.0000,1.0
2020-01-13,1436.13,1440.52,1426.02,1439.23,71.9615,1378286,0.0000,1.0
2020-01-10,1427.56,1434.929,1418.35,1429.73,71.4865,1821566,0.0000,1.0
2020-01-09,1420.57,1427.33,1410.27,1419.83,70.9915,1502664,0.0000,1.0
2020-01-08,1392.08,1411.58,1390.84,1404.32,70.216,1529177,0.0000,1.0
2020-01-07,1397.94,1402.99,1390.38,1393.34,69.667,1511693,0.0000,1.0
2020-01-06,1350.0,1396.5,1350.0,1394.21,69.7105,1733149,0.0000,1.0
2020-01-03,1347.86,1372.5,1345.544,1360.66,68.033,1187006,0.0000,1.0
2020-01-02,1341.55,1368.14,1341.55,1367.37,68.3685,1406731,0.0000,1.0
2019-12-31,1330.11,1338.0,1329.085,1337.02,66.851,962468,0.0000,1.0
2019-12-30,1350.0,1353.0,1334.02,1336.14,66.807,1051323,0.0000,1.0
2019-12-27,1362.99,1364.53,1349.31,1351.89,67.5945,1038718,0.0000,1.0
2019-12-26,1346.17,1361.327,1344.47,1360.4,68.02,667754,0.0000,1.0
2019-12-24,1348.5,1350.26,1342.78,1343.56,67.178,347518,0.0000,1.0
2019-12-23,1355.87,1359.8,1346.51,1348.84,67.442,883200,0.0000,1.0
2019-12-20,1363.35,1363.64,1349.0,1349.59,67.4795,3316905,0.0000,1.0
2019-12-19,1351.82,1358.1,1348.985,1356.04,67.802,1470112,0.0000,1.0
2019-12-18,1356.6,1360.47,1351.0,1352.62,67.631,1657069,0.0000,1.0
2019-12-17,1362.89,1365.0,1351.323,1355.12,67.756,1855259,0.0000,1.0
2019-12-16,1356.5,1364.68,1352.67,1361.17,68.0585,1397451,0.0000,1.0
2019-12-13,1347.95,1353.093,1343.87,1347.83,67.3915,1550028,0.0000,1.0
2019-12-12,1345.94,1355.775,1340.5,1350.27,67.5135,1281722,0.0000,1.0
2019-12-11,1350.84,1351.2,1342.67,1345.02,67.251,850796,0.0000,1.0
2019-12-10,1341.5,1349.975,1336.04,1344.66,67.233,1094653,0.0000,1.0
2019-12-09,1338.04,1359.45,1337.84,1343.56,67.178,1355795,0.0000,1.0
2019-12-06,1333.44,1344.0,1333.44,1340.62,67.031,1315510,0.0000,1.0
2019-12-05,1328.0,1329.358,1316.44,1328.13,66.4065,1212818,0.0000,1.0
2019-12-04,1307.01,1325.8,1304.87,1320.54,66.027,1538110,0.0000,1.0
2019-12-03,1279.57,1298.461,1279.0,1295.28,64.764,1268647,0.0000,1.0
2019-12-02,1301.0,1305.83,1281.0,1289.92,64.496,1511851,0.0000,1.0
2019-11-29,1307.12,1310.205,1303.97,1304.96,65.248,586981,0.0000,1.0
2019-11-27,1315.0,1318.36,1309.63,1312.99,65.6495,996329,0.0000,1.0
2019-11-26,1309.86,1314.8,1305.09,1313.55,65.6775,1069795,0.0000,1.0
2019-11-25,1299.18,1311.31,1298.13,1306.69,65.3345,1036487,0.0000,1.0
2019-11-22,1305.62,1308.73,1291.41,1295.34,64.767,1386506,0.0000,1.0
2019-11-21,1301.48,1312.59,1293.0,1301.35,65.0675,995499,0.0000,1.0
2019-11-20,1311.74,1315.0,1291.15,1303.05,65.1525,1309835,0.0000,1.0
2019-11-19,1327.7,1327.7,1312.8,1315.46,65.773,1269372,0.0000,1.0
2019-11-18,1332.22,1335.529,1317.5,1320.7,66.035,1488083,0.0000,1.0
2019-11-15,1318.94,1334.88,1314.28,1334.87,66.7435,1782955,0.0000,1.0
2019-11-14,1297.5,1317.0,1295.65,1311.46,65.573,1194305,0.0000,1.0
2019-11-13,1294.07,1304.3,1293.51,1298.0,64.9,853861,0.0000,1.0
2019-11-12,1300.0,1310.0,1295.77,1298.8,64.94,1085859,0.0000,1.0
2019-11-11,1303.18,1306.425,1297.41,1299.19,64.9595,1012429,0.0000,1.0
2019-11-08,1305.28,1318.0,1304.365,1311.37,65.5685,1251916,0.0000,1.0
2019-11-07,1294.28,1323.74,1294.245,1308.86,65.443,2029970,0.0000,1.0
2019-11-06,1289.46,1293.73,1282.5,1291.8,64.59,1152977,0.0000,1.0
2019-11-05,1292.89,1298.93,1291.229,1292.03,64.6015,1282711,0.0000,1.0
2019-11-04,1276.45,1294.13,1276.355,1291.37,64.5685,1500964,0.0000,1.0
2019-11-01,1265.0,1274.62,1260.5,1273.74,63.687,1670072,0.0000,1.0
2019-10-31,1261.28,1267.67,1250.843,1260.11,63.0055,1455651,0.0000,1.0
2019-10-30,1252.97,1269.36,1252.0,1261.29,63.0645,1408851,0.0000,1.0
2019-10-29,1276.23,1281.59,1257.212,1262.62,63.131,1886380,0.0000,1.0
2019-10-28,1275.45,1299.31,1272.54,1290.0,64.5,2524976,0.0000,1.0
2019-10-25,1251.03,1269.6,1250.01,1265.13,63.2565,1213051,0.0000,1.0
2019-10-24,1260.9,1264.0,1253.715,1260.99,63.0495,1039868,0.0000,1.0
2019-10-23,1242.36,1259.89,1242.36,1259.13,62.9565,928595,0.0000,1.0
2019-10-22,1247.85,1250.6,1241.38,1242.8,62.14,1047851,0.0000,1.0
2019-10-21,1252.26,1254.629,1240.6,1246.15,62.3075,1026750,0.0000,1.0
2019-10-18,1253.46,1258.89,1241.08,1245.49,62.2745,1321924,0.0000,1.0
2019-10-17,1250.93,1263.325,1249.94,1253.07,62.6535,980510,0.0000,1.0
2019-10-16,1241.17,1254.74,1238.45,1243.64,62.182,1168174,0.0000,1.0
2019-10-15,1220.4,1247.33,1220.4,1243.01,62.1505,1395259,0.0000,1.0
2019-10-14,1212.34,1226.33,1211.76,1217.14,60.857,882039,0.0000,1.0
2019-10-11,1222.21,1228.39,1213.74,1215.45,60.7725,1277144,0.0000,1.0
2019-10-10,1198.58,1215.0,1197.34,1208.67,60.4335,932531,0.0000,1.0
2019-10-09,1199.35,1208.35,1197.63,1202.31,60.1155,876632,0.0000,1.0
2019-10-08,1197.59,1206.08,1189.01,1189.13,59.4565,1141784,0.0000,1.0
2019-10-07,1204.4,1218.204,1203.75,1207.68,60.384,867149,0.0000,1.0
2019-10-04,1191.89,1211.44,1189.17,1209.0,60.45,1183264,0.0000,1.0
2019-10-03,1180.0,1189.06,1162.43,1187.83,59.3915,1663656,0.0000,1.0
2019-10-02,1196.98,1196.98,1171.29,1176.63,58.8315,1639237,0.0000,1.0
2019-10-01,1219.0,1231.23,1203.58,1205.1,60.255,1358279,0.0000,1.0
2019-09-30,1220.97,1226.0,1212.3,1219.0,60.95,1419676,0.0000,1.0
2019-09-27,1243.01,1244.02,1214.45,1225.09,61.2545,1354432,0.0000,1.0
2019-09-26,1241.96,1245.0,1232.268,1241.39,62.0695,1561882,0.0000,1.0
2019-09-25,1215.82,1248.3,1210.09,1246.52,62.326,1593875,0.0000,1.0
2019-09-24,1240.0,1246.74,1210.68,1218.76,60.938,1591786,0.0000,1.0
2019-09-23,1226.0,1239.09,1224.17,1234.03,61.7015,1075253,0.0000,1.0
2019-09-20,1233.12,1243.32,1223.08,1229.93,61.4965,2337269,0.0000,1.0
2019-09-19,1232.06,1244.44,1232.02,1238.71,61.9355,1000155,0.0000,1.0
2019-09-18,1227.51,1235.61,1216.53,1232.41,61.6205,1144333,0.0000,1.0
2019-09-17,1230.4,1235.0,1223.69,1229.15,61.4575,958112,0.0000,1.0
2019-09-16,1229.52,1239.56,1225.61,1231.3,61.565,1053299,0.0000,1.0
2019-09-13,1231.35,1240.88,1227.01,1239.56,61.978,1301350,0.0000,1.0
2019-09-12,1224.3,1241.86,1223.02,1234.25,61.7125,1725908,0.0000,1.0
2019-09-11,1203.41,1222.6,1202.2,1220.17,61.0085,1307033,0.0000,1.0
2019-09-10,1195.15,1210.0,1194.58,1206.0,60.3,1260115,0.0000,1.0
2019-09-09,1204.0,1220.0,1192.62,1204.41,60.2205,1471880,0.0000,1.0
2019-09-06,1208.13,1212.015,1202.522,1204.93,60.2465,1072143,0.0000,1.0
2019-09-05,1191.53,1213.04,1191.53,1211.38,60.569,1408601,0.0000,1.0
2019-09-04,1176.71,1183.48,1171.0,1181.41,59.0705,1068968,0.0000,1.0
2019-09-03,1177.03,1186.89,1163.2,1168.39,58.4195,1480420,0.0000,1.0
2019-08-30,1198.5,1198.5,1183.803,1188.1,59.405,1129959,0.0000,1.0
2019-08-29,1181.12,1196.06,1181.12,1192.85,59.6425,1088858,0.0000,1.0
2019-08-28,1161.71,1176.42,1157.3,1171.02,58.551,770915,0.0000,1.0
2019-08-27,1180.53,1182.4,1161.45,1167.84,58.392,1077452,0.0000,1.0
2019-08-26,1157.26,1169.47,1152.96,1168.89,58.4445,1226441,0.0000,1.0
2019-08-23,1181.99,1194.08,1147.75,1151.29,57.5645,1688271,0.0000,1.0
2019-08-22,1194.07,1198.012,1178.58,1189.53,59.4765,947906,0.0000,1.0
2019-08-21,1193.15,1199.0,1187.43,1191.25,59.5625,741053,0.0000,1.0
2019-08-20,1195.25,1196.06,1182.11,1182.69,59.1345,915605,0.0000,1.0
2019-08-19,1190.09,1206.99,1190.09,1198.45,59.9225,1232517,0.0000,1.0
2019-08-16,1179.55,1182.72,1171.81,1177.6,58.88,1349436,0.0000,1.0
2019-08-15,1163.5,1175.84,1162.11,1167.26,58.363,1224739,0.0000,1.0
2019-08-14,1176.31,1182.3,1160.54,1164.29,58.2145,1578668,0.0000,1.0
2019-08-13,1171.46,1204.78,1171.46,1197.27,59.8635,1318009,0.0000,1.0
2019-08-12,1179.21,1184.96,1167.672,1174.71,58.7355,1003187,0.0000,1.0
2019-08-09,1197.99,1203.88,1183.603,1188.01,59.4005,1065658,0.0000,1.0
2019-08-08,1182.83,1205.01,1173.02,1204.8,60.24,1467997,0.0000,1.0
2019-08-07,1156.0,1178.445,1149.624,1173.99,58.6995,1444324,0.0000,1.0
2019-08-06,1163.31,1179.96,1160.0,1169.95,58.4975,1709374,0.0000,1.0
2019-08-05,1170.04,1175.24,1140.14,1152.32,57.616,2597455,0.0000,1.0
2019-08-02,1200.74,1206.9,1188.94,1193.99,59.6995,1645067,0.0000,1.0
2019-08-01,1214.03,1234.11,1205.72,1209.01,60.4505,1698510,0.0000,1.0
2019-07-31,1223.0,1234.0,1207.764,1216.68,60.834,1725454,0.0000,1.0
2019-07-30,1225.41,1234.87,1223.3,1225.14,61.257,1453263,0.0000,1.0
2019-07-29,1241.05,1247.37,1228.23,1239.41,61.9705,2223731,0.0000,1.0
2019-07-26,1224.04,1265.55,1224.0,1250.41,62.5205,4805752,0.0000,1.0
2019-07-25,1137.82,1141.7,1120.92,1132.12,56.606,2209881,0.0000,1.0
2019-07-24,1131.9,1144.0,1126.99,1137.81,56.8905,1590101,0.0000,1.0
2019-07-23,1144.0,1146.9,1131.8,1146.21,57.3105,1093688,0.0000,1.0
2019-07-22,1133.45,1139.25,1124.24,1138.07,56.9035,1301846,0.0000,1.0
2019-07-19,1148.19,1151.14,1129.62,1130.1,56.505,1647245,0.0000,1.0
2019-07-18,1141.74,1147.605,1132.73,1146.33,57.3165,1291281,0.0000,1.0
2019-07-17,1150.97,1158.36,1145.77,1146.35,57.3175,1170047,0.0000,1.0
2019-07-16,1146.0,1158.58,1145.0,1153.58,57.679,1238807,0.0000,1.0
2019-07-15,1146.86,1150.82,1139.4,1150.34,57.517,903780,0.0000,1.0
2019-07-12,1143.99,1147.34,1138.78,1144.9,57.245,863973,0.0000,1.0
2019-07-11,1143.25,1153.07,1139.58,1144.21,57.2105,1195569,0.0000,1.0
2019-07-10,1131.22,1142.05,1130.97,1140.48,57.024,1209466,0.0000,1.0
2019-07-09,1111.8,1128.025,1107.17,1124.83,56.2415,1330370,0.0000,1.0
2019-07-08,1125.17,1125.98,1111.21,1116.35,55.8175,1236419,0.0000,1.0
2019-07-05,1117.8,1132.88,1116.14,1131.59,56.5795,1264540,0.0000,1.0
2019-07-03,1117.41,1126.76,1113.86,1121.58,56.079,767011,0.0000,1.0
2019-07-02,1102.24,1111.77,1098.17,1111.25,55.5625,991755,0.0000,1.0
2019-07-01,1098.0,1107.58,1093.703,1097.95,54.8975,1438504,0.0000,1.0
2019-06-28,1076.39,1081.0,1073.37,1080.91,54.0455,1693450,0.0000,1.0
2019-06-27,1084.0,1087.1,1075.29,1076.01,53.8005,1004477,0.0000,1.0
2019-06-26,1086.5,1092.97,1072.24,1079.8,53.99,1810869,0.0000,1.0
2019-06-25,1112.66,1114.35,1083.8,1086.35,54.3175,1546913,0.0000,1.0
2019-06-24,1119.61,1122.0,1111.01,1115.52,55.776,1395696,0.0000,1.0
2019-06-21,1109.24,1124.11,1108.08,1121.88,56.094,1947591,0.0000,1.0
2019-06-20,1119.99,1120.12,1104.74,1111.42,55.571,1262011,0.0000,1.0
2019-06-19,1105.6,1107.0,1093.48,1102.33,55.1165,1339218,0.0000,1.0
2019-06-18,1109.69,1116.39,1098.99,1103.6,55.18,1386684,0.0000,1.0
2019-06-17,1086.28,1099.18,1086.28,1092.5,54.625,941602,0.0000,1.0
2019-06-14,1086.42,1092.69,1080.172,1085.35,54.2675,1111643,0.0000,1.0
2019-06-13,1083.64,1094.17,1080.15,1088.77,54.4385,1058000,0.0000,1.0
2019-06-12,1078.0,1080.93,1067.54,1077.03,53.8515,1061255,0.0000,1.0
2019-06-11,1093.98,1101.99,1077.603,1078.72,53.936,1437063,0.0000,1.0
2019-06-10,1072.98,1092.66,1072.322,1080.38,54.019,1464248,0.0000,1.0
2019-06-07,1050.63,1070.92,1048.4,1066.04,53.302,1802370,0.0000,1.0
2019-06-06,1044.99,1047.49,1033.7,1044.34,52.217,1703244,0.0000,1.0
2019-06-05,1051.54,1053.55,1030.49,1042.22,52.111,2168439,0.0000,1.0
2019-06-04,1042.9,1056.05,1033.69,1053.05,52.6525,2833483,0.0000,1.0
2019-06-03,1065.5,1065.5,1025.0,1036.23,51.8115,5130576,0.0000,1.0
2019-05-31,1101.29,1109.6,1100.18,1103.63,55.1815,1508203,0.0000,1.0
2019-05-30,1115.54,1123.13,1112.12,1117.95,55.8975,951873,0.0000,1.0
2019-05-29,1127.52,1129.1,1108.22,1116.46,55.823,1538212,0.0000,1.0
2019-05-28,1134.0,1151.587,1133.12,1134.15,56.7075,1365166,0.0000,1.0
2019-05-24,1147.36,1149.765,1131.66,1133.47,56.6735,1112341,0.0000,1.0
2019-05-23,1140.5,1145.973,1129.224,1140.77,57.0385,1199300,0.0000,1.0
2019-05-22,1146.75,1158.52,1145.89,1151.42,57.571,914839,0.0000,1.0
2019-05-21,1148.49,1152.708,1137.94,1149.63,57.4815,1160158,0.0000,1.0
2019-05-20,1144.5,1146.797,1131.443,1138.85,56.9425,1353292,0.0000,1.0
2019-05-17,1168.47,1180.15,1160.01,1162.3,58.115,1208623,0.0000,1.0
2019-05-16,1164.51,1188.16,1162.84,1178.98,58.949,1531404,0.0000,1.0
2019-05-15,1117.87,1171.33,1116.666,1164.21,58.2105,2289302,0.0000,1.0
2019-05-14,1137.21,1140.42,1119.55,1120.44,56.022,1836604,0.0000,1.0
2019-05-13,1141.96,1147.94,1122.11,1132.03,56.6015,1860648,0.0000,1.0
2019-05-10,1163.59,1172.6,1142.5,1164.27,58.2135,1314546,0.0000,1.0
2019-05-09,1159.03,1169.66,1150.85,1162.38,58.119,1185973,0.0000,1.0
2019-05-08,1172.01,1180.424,1165.74,1166.27,58.3135,1309514,0.0000,1.0
2019-05-07,1180.47,1190.44,1161.04,1174.1,58.705,1551368,0.0000,1.0
2019-05-06,1166.26,1190.85,1166.26,1189.39,59.4695,1563943,0.0000,1.0
2019-05-03,1173.65,1186.8,1169.0,1185.4,59.27,1980653,0.0000,1.0
2019-05-02,1167.76,1174.19,1155.002,1162.61,58.1305,1944817,0.0000,1.0
2019-05-01,1188.05,1188.05,1167.18,1168.08,58.404,2642983,0.0000,1.0
2019-04-30,1185.0,1192.81,1175.0,1188.48,59.424,6207027,0.0000,1.0
2019-04-29,1274.0,1289.27,1266.295,1287.58,64.379,2499432,0.0000,1.0
2019-04-26,1269.0,1273.07,1260.32,1272.18,63.609,1241428,0.0000,1.0
2019-04-25,1264.77,1267.408,1252.03,1263.45,63.1725,1107295,0.0000,1.0
2019-04-24,1264.12,1268.01,1255.0,1256.0,62.8,1018753,0.0000,1.0
2019-04-23,1250.69,1269.0,1246.38,1264.55,63.2275,1319910,0.0000,1.0
2019-04-22,1235.99,1249.09,1228.31,1248.84,62.442,807334,0.0000,1.0
2019-04-18,1239.18,1242.0,1234.61,1236.37,61.8185,1331823,0.0000,1.0
2019-04-17,1233.0,1240.56,1227.82,1236.34,61.817,1221930,0.0000,1.0
2019-04-16,1225.0,1230.82,1220.12,1227.13,61.3565,856304,0.0000,1.0
2019-04-15,1218.0,1224.2,1209.11,1221.1,61.055,1187519,0.0000,1.0
2019-04-12,1210.0,1218.35,1208.11,1217.87,60.8935,933794,0.0000,1.0
2019-04-11,1203.96,1207.96,1200.13,1204.62,60.231,710231,0.0000,1.0
2019-04-10,1200.68,1203.785,1196.435,1202.16,60.108,724643,0.0000,1.0
2019-04-09,1196.0,1202.29,1193.08,1197.25,59.8625,876381,0.0000,1.0
2019-04-08,1207.89,1208.69,1199.86,1203.84,60.192,860363,0.0000,1.0
2019-04-05,1214.99,1216.22,1205.03,1207.15,60.3575,907152,0.0000,1.0
2019-04-04,1205.94,1215.67,1204.13,1215.0,60.75,950747,0.0000,1.0
2019-04-03,1207.48,1216.3,1200.5,1205.92,60.296,1017838,0.0000,1.0
2019-04-02,1195.32,1201.35,1185.71,1200.49,60.0245,827973,0.0000,1.0
2019-04-01,1184.1,1196.66,1182.0,1194.43,59.7215,1252757,0.0000,1.0
2019-03-29,1174.9,1178.99,1162.88,1173.31,58.6655,1269979,0.0000,1.0
2019-03-28,1171.54,1171.565,1159.431,1168.49,58.4245,1012430,0.0000,1.0
2019-03-27,1185.5,1187.559,1159.37,1173.02,58.651,1400240,0.0000,1.0
2019-03-26,1198.53,1202.83,1176.72,1184.62,59.231,1901156,0.0000,1.0
2019-03-25,1196.93,1206.398,1187.04,1193.0,59.65,1496843,0.0000,1.0
2019-03-22,1226.32,1230.0,1202.825,1205.5,60.275,1714247,0.0000,1.0
2019-03-21,1216.0,1231.79,1213.15,1231.54,61.577,1204045,0.0000,1.0
2019-03-20,1197.35,1227.14,1196.17,1223.97,61.1985,2227786,0.0000,1.0
2019-03-19,1188.81,1200.0,1185.87,1198.85,59.9425,1520688,0.0000,1.0
2019-03-18,1183.3,1190.0,1177.421,1184.26,59.213,1292633,0.0000,1.0
2019-03-15,1193.38,1196.57,1182.61,1184.46,59.223,2459957,0.0000,1.0
2019-03-14,1194.51,1197.88,1184.48,1185.55,59.2775,1172815,0.0000,1.0
2019-03-13,1200.645,1200.93,1191.94,1193.32,59.666,1435936,0.0000,1.0
2019-03-12,1178.26,1200.0,1178.26,1193.2,59.66,2013115,0.0000,1.0
2019-03-11,1144.45,1176.19,1144.45,1175.76,58.788,1719192,0.0000,1.0
2019-03-08,1126.73,1147.08,1123.3,1142.32,57.116,1212489,0.0000,1.0
2019-03-07,1155.72,1156.755,1134.91,1143.3,57.165,1166559,0.0000,1.0
2019-03-06,1162.49,1167.566,1155.49,1157.86,57.893,1099289,0.0000,1.0
2019-03-05,1150.06,1169.61,1146.195,1162.03,58.1015,1443174,0.0000,1.0
2019-03-04,1146.99,1158.28,1130.69,1147.8,57.39,1446047,0.0000,1.0
2019-03-01,1124.9,1142.97,1124.75,1140.99,57.0495,1450316,0.0000,1.0
2019-02-28,1111.3,1127.65,1111.01,1119.92,55.996,1542609,0.0000,1.0
2019-02-27,1106.95,1117.98,1101.0,1116.05,55.8025,968760,0.0000,1.0
2019-02-26,1105.75,1119.51,1099.92,1115.13,55.7565,1471743,0.0000,1.0
2019-02-25,1116.0,1118.54,1107.27,1109.4,55.47,1413061,0.0000,1.0
2019-02-22,1100.9,1111.24,1095.6,1110.37,55.5185,1049545,0.0000,1.0
2019-02-21,1110.84,1111.94,1092.52,1096.97,54.8485,1415473,0.0000,1.0
2019-02-20,1119.99,1123.41,1105.28,1113.8,55.69,1087817,0.0000,1.0
2019-02-19,1110.0,1121.89,1110.0,1118.56,55.928,1046628,0.0000,1.0
2019-02-15,1130.08,1131.67,1110.65,1113.65,55.6825,1449830,0.0000,1.0
2019-02-14,1118.05,1128.23,1110.445,1121.67,56.0835,947632,0.0000,1.0
2019-02-13,1124.99,1134.73,1118.5,1120.16,56.008,1049781,0.0000,1.0
2019-02-12,1106.8,1125.295,1105.85,1121.37,56.0685,1609513,0.0000,1.0
2019-02-11,1096.95,1105.945,1092.86,1095.01,54.7505,1065194,0.0000,1.0
2019-02-08,1087.0,1098.91,1086.55,1095.06,54.753,1075769,0.0000,1.0
2019-02-07,1104.16,1104.84,1086.0,1098.71,54.9355,2044827,0.0000,1.0
2019-02-06,1139.57,1147.0,1112.77,1115.23,55.7615,2105592,0.0000,1.0
2019-02-05,1124.84,1146.85,1117.248,1145.99,57.2995,3552194,0.0000,1.0
2019-02-04,1112.66,1132.8,1109.02,1132.8,56.64,2576470,0.0000,1.0
2019-02-01,1112.4,1125.0,1104.89,1110.75,55.5375,1462208,0.0000,1.0
2019-01-31,1103.0,1117.33,1095.41,1116.37,55.8185,1538324,0.0000,1.0
2019-01-30,1068.43,1091.0,1066.85,1089.06,54.453,1279822,0.0000,1.0
2019-01-29,1072.68,1075.15,1055.865,1060.62,53.031,1021819,0.0000,1.0
2019-01-28,1080.11,1083.0,1063.8,1070.08,53.504,1284281,0.0000,1.0
2019-01-25,1085.0,1094.0,1081.82,1090.99,54.5495,1119216,0.0000,1.0
2019-01-24,1076.48,1079.475,1060.7,1073.9,53.695,1361673,0.0000,1.0
2019-01-23,1077.35,1084.93,1059.75,1075.57,53.7785,966956,0.0000,1.0
2019-01-22,1088.0,1091.51,1063.47,1070.52,53.526,1613527,0.0000,1.0
2019-01-18,1100.0,1108.352,1090.9,1098.26,54.913,1955559,0.0000,1.0
2019-01-17,1079.47,1091.8,1073.5,1089.9,54.495,1242664,0.0000,1.0
2019-01-16,1080.0,1092.375,1079.34,1080.97,54.0485,1331819,0.0000,1.0
2019-01-15,1050.17,1080.05,1047.34,1077.15,53.8575,1463570,0.0000,1.0
2019-01-14,1046.92,1051.53,1041.255,1044.69,52.2345,1144263,0.0000,1.0
2019-01-11,1063.18,1063.775,1048.48,1057.19,52.8595,1520756,0.0000,1.0
2019-01-10,1067.66,1071.15,1057.71,1070.33,53.5165,1456421,0.0000,1.0
2019-01-09,1081.65,1082.63,1066.4,1074.66,53.733,1199272,0.0000,1.0
2019-01-08,1076.11,1084.56,1060.53,1076.28,53.814,1765267,0.0000,1.0
2019-01-07,1071.5,1074.0,1054.76,1068.39,53.4195,1981874,0.0000,1.0
2019-01-04,1032.59,1070.84,1027.418,1070.71,53.5355,2093894,0.0000,1.0
2019-01-03,1041.0,1056.98,1014.07,1016.06,50.803,1841066,0.0000,1.0
2019-01-02,1016.57,1052.32,1015.71,1045.85,52.2925,1532608,0.0000,1.0
2018-12-31,1050.96,1052.7,1023.59,1035.61,51.7805,1493722,0.0000,1.0
2018-12-28,1049.62,1055.56,1033.1,1037.08,51.854,1413772,0.0000,1.0
2018-12-27,1017.15,1043.89,997.0,1043.88,52.194,2109777,0.0000,1.0
2018-12-26,989.01,1040.0,983.0,1039.46,51.973,2373270,0.0000,1.0
2018-12-24,973.9,1003.54,970.11,976.22,48.811,1590328,0.0000,1.0
2018-12-21,1015.3,1024.02,973.69,979.54,48.977,4595891,0.0000,1.0
2018-12-20,1018.13,1034.22,996.36,1009.41,50.4705,2673464,0.0000,1.0
2018-12-19,1033.99,1062.0,1008.05,1023.01,51.1505,2479338,0.0000,1.0
2018-12-18,1026.09,1049.48,1021.44,1028.71,51.4355,2192533,0.0000,1.0
2018-12-17,1037.51,1053.15,1007.9,1016.53,50.8265,2385364,0.0000,1.0
2018-12-14,1049.98,1062.6,1040.79,1042.1,52.105,1686619,0.0000,1.0
2018-12-13,1068.07,1079.76,1053.93,1061.9,53.095,1329768,0.0000,1.0
2018-12-12,1068.0,1081.65,1062.79,1063.68,53.184,1523804,0.0000,1.0
2018-12-11,1056.49,1060.6,1039.84,1051.75,52.5875,1394731,0.0000,1.0
2018-12-10,1035.05,1048.45,1023.29,1039.55,51.9775,1807725,0.0000,1.0
2018-12-07,1060.01,1075.26,1028.5,1036.58,51.829,2101206,0.0000,1.0
2018-12-06,1034.26,1071.2,1030.77,1068.73,53.4365,2769225,0.0000,1.0
2018-12-04,1103.12,1104.42,1049.98,1050.82,52.541,2345166,0.0000,1.0
2018-12-03,1123.14,1124.65,1103.665,1106.43,55.3215,1990758,0.0000,1.0
2018-11-30,1089.07,1095.57,1077.88,1094.43,54.7215,2580612,0.0000,1.0
2018-11-29,1076.08,1094.245,1076.0,1088.3,54.415,1468859,0.0000,1.0
2018-11-28,1048.76,1086.84,1035.76,1086.23,54.3115,2475419,0.0000,1.0
2018-11-27,1041.0,1057.58,1038.49,1044.41,52.2205,1803164,0.0000,1.0
2018-11-26,1038.35,1049.31,1033.91,1048.62,52.431,1942822,0.0000,1.0
2018-11-23,1030.0,1037.59,1022.4,1023.88,51.194,691462,0.0000,1.0
2018-11-21,1036.76,1048.56,1033.47,1037.61,51.8805,1534274,0.0000,1.0
2018-11-20,1000.0,1031.74,996.02,1025.76,51.288,2449130,0.0000,1.0
2018-11-19,1057.2,1060.79,1016.26,1020.0,51.0,1858614,0.0000,1.0
2018-11-16,1059.41,1067.0,1048.98,1061.49,53.0745,1658116,0.0000,1.0
2018-11-15,1044.71,1071.85,1031.78,1064.71,53.2355,1836084,0.0000,1.0
2018-11-14,1050.0,1054.564,1031.0,1043.66,52.183,1565945,0.0000,1.0
2018-11-13,1043.29,1056.605,1031.15,1036.05,51.8025,1513702,0.0000,1.0
2018-11-12,1061.39,1062.12,1031.0,1038.63,51.9315,1471758,0.0000,1.0
2018-11-09,1073.99,1075.56,1053.11,1066.15,53.3075,1343313,0.0000,1.0
2018-11-08,1091.38,1093.27,1072.205,1082.4,54.12,1488182,0.0000,1.0
2018-11-07,1069.0,1095.46,1065.9,1093.39,54.6695,2058356,0.0000,1.0
2018-11-06,1039.48,1064.345,1038.07,1055.81,52.7905,1233306,0.0000,1.0
2018-11-05,1055.0,1058.47,1021.24,1040.09,52.0045,2441430,0.0000,1.0
2018-11-02,1073.73,1082.975,1054.61,1057.79,52.8895,1839043,0.0000,1.0
2018-11-01,1075.8,1083.975,1062.46,1070.0,53.5,1481979,0.0000,1.0
2018-10-31,1059.81,1091.94,1057.0,1076.77,53.8385,2529768,0.0000,1.0
2018-10-30,1008.46,1037.49,1000.75,1036.21,51.8105,3212657,0.0000,1.0
2018-10-29,1082.47,1097.04,995.83,1020.08,51.004,3880723,0.0000,1.0
2018-10-26,1037.03,1106.53,1034.09,1071.47,53.5735,4187586,0.0000,1.0
2018-10-25,1071.79,1110.98,1069.55,1095.57,54.7785,2545839,0.0000,1.0
2018-10-24,1104.25,1106.12,1048.74,1050.71,52.5355,1982430,0.0000,1.0
2018-10-23,1080.89,1107.89,1070.0,1103.69,55.1845,1848654,0.0000,1.0
2018-10-22,1103.06,1112.23,1091.0,1101.16,55.058,1514220,0.0000,1.0
2018-10-19,1093.37,1110.36,1087.75,1096.46,54.823,1267649,0.0000,1.0
2018-10-18,1121.84,1121.84,1077.09,1087.97,54.3985,2094524,0.0000,1.0
2018-10-17,1126.46,1128.99,1102.19,1115.69,55.7845,1467226,0.0000,1.0
2018-10-16,1104.59,1124.22,1102.5,1121.28,56.064,1928540,0.0000,1.0
2018-10-15,1108.91,1113.446,1089.0,1092.25,54.6125,1372393,0.0000,1.0
2018-10-12,1108.0,1115.0,1086.402,1110.08,55.504,2101303,0.0000,1.0
2018-10-11,1072.94,1106.4,1068.27,1079.32,53.966,2950120,0.0000,1.0
2018-10-10,1131.08,1132.17,1081.13,1081.22,54.061,2675742,0.0000,1.0
2018-10-09,1146.15,1154.35,1137.572,1138.82,56.941,1308764,0.0000,1.0
2018-10-08,1150.11,1168.0,1127.364,1148.97,57.4485,1932355,0.0000,1.0
2018-10-05,1167.5,1173.5,1145.12,1157.35,57.8675,1184452,0.0000,1.0
2018-10-04,1195.33,1197.51,1155.576,1168.19,58.4095,2209490,0.0000,1.0
2018-10-03,1205.0,1206.41,1193.83,1202.95,60.1475,1256214,0.0000,1.0
2018-10-02,1190.96,1209.96,1186.63,1200.11,60.0055,1687914,0.0000,1.0
2018-10-01,1199.89,1209.9,1190.3,1195.31,59.7655,1357604,0.0000,1.0
2018-09-28,1191.87,1195.41,1184.5,1193.47,59.6735,1380629,0.0000,1.0
2018-09-27,1186.73,1202.1,1183.63,1194.64,59.732,1260754,0.0000,1.0
2018-09-26,1185.15,1194.23,1174.765,1180.49,59.0245,1462253,0.0000,1.0
2018-09-25,1176.15,1186.88,1168.0,1184.65,59.2325,977731,0.0000,1.0
2018-09-24,1157.17,1178.0,1146.91,1173.37,58.6685,1271017,0.0000,1.0
2018-09-21,1192.0,1192.21,1166.04,1166.09,58.3045,4405584,0.0000,1.0
2018-09-20,1179.99,1189.89,1173.36,1186.87,59.3435,1225387,0.0000,1.0
2018-09-19,1164.98,1173.21,1154.58,1171.09,58.5545,1191386,0.0000,1.0
2018-09-18,1157.09,1176.08,1157.09,1161.22,58.061,1203686,0.0000,1.0
2018-09-17,1170.14,1177.24,1154.03,1156.05,57.8025,1306522,0.0000,1.0
2018-09-14,1179.1,1180.425,1168.33,1172.53,58.6265,943978,0.0000,1.0
2018-09-13,1170.74,1178.61,1162.85,1175.33,58.7665,1431214,0.0000,1.0
2018-09-12,1172.72,1178.61,1158.36,1162.82,58.141,1295472,0.0000,1.0
2018-09-11,1161.63,1178.68,1156.24,1177.36,58.868,1209565,0.0000,1.0
2018-09-10,1172.19,1174.54,1160.11,1164.64,58.232,1115796,0.0000,1.0
2018-09-07,1158.67,1175.26,1157.215,1164.83,58.2415,1401404,0.0000,1.0
2018-09-06,1186.3,1186.3,1152.0,1171.44,58.572,1888467,0.0000,1.0
2018-09-05,1193.8,1199.01,1162.0,1186.48,59.324,2061309,0.0000,1.0
2018-09-04,1204.27,1212.99,1192.5,1197.0,59.85,1831045,0.0000,1.0
2018-08-31,1234.98,1238.66,1211.285,1218.19,60.9095,1816426,0.0000,1.0
2018-08-30,1244.23,1253.635,1232.59,1239.12,61.956,1331439,0.0000,1.0
2018-08-29,1237.45,1250.66,1236.359,1249.3,62.465,1309312,0.0000,1.0
2018-08-28,1241.29,1242.545,1228.69,1231.15,61.5575,1304007,0.0000,1.0
2018-08-27,1227.6,1243.09,1225.716,1241.82,62.091,1156255,0.0000,1.0
2018-08-24,1208.82,1221.65,1206.359,1220.65,61.0325,946840,0.0000,1.0
2018-08-23,1207.14,1221.28,1204.24,1205.38,60.269,992604,0.0000,1.0
2018-08-22,1200.0,1211.84,1199.0,1207.33,60.3665,887389,0.0000,1.0
2018-08-21,1208.0,1217.26,1200.354,1201.62,60.081,1205580,0.0000,1.0
2018-08-20,1205.02,1211.0,1194.626,1207.77,60.3885,870772,0.0000,1.0
2018-08-17,1202.03,1209.02,1188.24,1200.96,60.048,1389645,0.0000,1.0
2018-08-16,1224.73,1226.0,1202.55,1206.49,60.3245,1343161,0.0000,1.0
2018-08-15,1229.26,1235.24,1209.51,1214.38,60.719,1828814,0.0000,1.0
2018-08-14,1235.19,1245.87,1225.11,1242.1,62.105,1348194,0.0000,1.0
2018-08-13,1236.98,1249.273,1233.641,1235.01,61.7505,997346,0.0000,1.0
2018-08-10,1243.0,1245.695,1232.0,1237.61,61.8805,1108919,0.0000,1.0
2018-08-09,1249.9,1255.542,1246.01,1249.1,62.455,848601,0.0000,1.0
2018-08-08,1240.47,1256.5,1238.008,1245.61,62.2805,1370913,0.0000,1.0
2018-08-07,1237.0,1251.17,1236.17,1242.22,62.111,1493980,0.0000,1.0
2018-08-06,1225.0,1226.088,1215.797,1224.77,61.2385,1081723,0.0000,1.0
2018-08-03,1229.62,1230.0,1215.06,1223.71,61.1855,1089896,0.0000,1.0
2018-08-02,1205.9,1229.88,1204.79,1226.15,61.3075,1531299,0.0000,1.0
2018-08-01,1228.0,1233.47,1210.21,1220.01,61.0005,1567264,0.0000,1.0
2018-07-31,1220.01,1227.588,1205.6,1217.26,60.863,1644722,0.0000,1.0
2018-07-30,1228.01,1234.916,1211.47,1219.74,60.987,1849904,0.0000,1.0
2018-07-27,1271.0,1273.89,1231.0,1238.5,61.925,2130558,0.0000,1.0
2018-07-26,1251.0,1269.771,1249.02,1268.33,63.4165,2405638,0.0000,1.0
2018-07-25,1239.13,1265.86,1239.13,1263.7,63.185,2139999,0.0000,1.0
2018-07-24,1262.59,1266.0,1235.56,1248.08,62.404,3318204,0.0000,1.0
2018-07-23,1181.01,1206.49,1181.0,1205.5,60.275,2619234,0.0000,1.0
2018-07-20,1186.96,1196.86,1184.22,1184.91,59.2455,1248400,0.0000,1.0
2018-07-19,1191.0,1200.0,1183.32,1186.96,59.348,1276667,0.0000,1.0
2018-07-18,1196.56,1204.5,1190.34,1195.88,59.794,1393606,0.0000,1.0
2018-07-17,1172.22,1203.04,1170.6,1198.8,59.94,1610353,0.0000,1.0
2018-07-16,1189.39,1191.0,1179.28,1183.86,59.193,1055662,0.0000,1.0
2018-07-13,1185.0,1195.417,1180.0,1188.82,59.441,1222072,0.0000,1.0
2018-07-12,1159.89,1184.41,1155.935,1183.48,59.174,1251884,0.0000,1.0
2018-07-11,1144.59,1164.29,1141.0,1153.9,57.695,1119993,0.0000,1.0
2018-07-10,1156.98,1159.59,1149.59,1152.84,57.642,798412,0.0000,1.0
2018-07-09,1148.48,1154.67,1143.42,1154.05,57.7025,908969,0.0000,1.0
2018-07-06,1123.58,1140.93,1120.737,1140.17,57.0085,996079,0.0000,1.0
2018-07-05,1110.53,1127.5,1108.48,1124.27,56.2135,1066685,0.0000,1.0
2018-07-03,1135.82,1135.82,1100.02,1102.89,55.1445,679034,0.0000,1.0
2018-07-02,1099.0,1128.0,1093.8,1127.46,56.373,1217311,0.0000,1.0
2018-06-29,1120.0,1128.227,1115.0,1115.65,55.7825,1315121,0.0000,1.0
2018-06-28,1102.09,1122.31,1096.01,1114.22,55.711,1072438,0.0000,1.0
2018-06-27,1121.34,1131.836,1103.62,1103.98,55.199,1293892,0.0000,1.0
2018-06-26,1128.0,1133.21,1116.659,1118.46,55.923,1563225,0.0000,1.0
2018-06-25,1143.6,1143.91,1112.78,1124.81,56.2405,2157310,0.0000,1.0
2018-06-22,1159.14,1162.497,1147.26,1155.48,57.774,1310967,0.0000,1.0
2018-06-21,1174.85,1177.295,1152.232,1157.66,57.883,1238118,0.0000,1.0
2018-06-20,1175.31,1186.286,1169.16,1169.84,58.492,1648536,0.0000,1.0
2018-06-19,1158.5,1171.27,1154.01,1168.06,58.403,1621018,0.0000,1.0
2018-06-18,1143.65,1174.31,1143.59,1173.46,58.673,1413692,0.0000,1.0
2018-06-15,1148.86,1153.42,1143.485,1152.26,57.613,2122476,0.0000,1.0
2018-06-14,1143.85,1155.47,1140.64,1152.12,57.606,1350868,0.0000,1.0
2018-06-13,1141.12,1146.5,1133.38,1134.79,56.7395,1506407,0.0000,1.0
2018-06-12,1131.07,1139.79,1130.735,1139.32,56.966,912018,0.0000,1.0
2018-06-11,1118.6,1137.26,1118.6,1129.99,56.4995,1079294,0.0000,1.0
2018-06-08,1118.18,1126.67,1112.15,1120.87,56.0435,1290845,0.0000,1.0
2018-06-07,1131.32,1135.82,1116.52,1123.86,56.193,1520020,0.0000,1.0
2018-06-06,1142.17,1143.0,1125.743,1136.88,56.844,1698247,0.0000,1.0
2018-06-05,1140.99,1145.738,1133.19,1139.66,56.983,1677973,0.0000,1.0
2018-06-04,1122.33,1141.89,1122.005,1139.29,56.9645,1889579,0.0000,1.0
2018-06-01,1099.35,1120.0,1098.5,1119.5,55.975,2421598,0.0000,1.0
2018-05-31,1067.56,1097.19,1067.56,1084.99,54.2495,3088305,0.0000,1.0
2018-05-30,1063.03,1069.21,1056.83,1067.8,53.39,1138457,0.0000,1.0
2018-05-29,1064.89,1073.37,1055.22,1060.32,53.016,1865139,0.0000,1.0
2018-05-25,1079.02,1082.56,1073.775,1075.66,53.783,899406,0.0000,1.0
2018-05-24,1079.0,1080.47,1066.15,1079.24,53.962,766773,0.0000,1.0
2018-05-23,1065.13,1080.78,1061.71,1079.69,53.9845,1060683,0.0000,1.0
2018-05-22,1083.56,1086.59,1066.69,1069.73,53.4865,1090002,0.0000,1.0
2018-05-21,1074.06,1088.0,1073.65,1079.58,53.979,1023211,0.0000,1.0
2018-05-18,1061.86,1069.94,1060.68,1066.36,53.318,1565240,0.0000,1.0
2018-05-17,1079.89,1086.87,1073.5,1078.59,53.9295,1043766,0.0000,1.0
2018-05-16,1077.31,1089.27,1076.26,1081.77,54.0885,1097317,0.0000,1.0
2018-05-15,1090.0,1090.05,1073.47,1079.23,53.9615,1494872,0.0000,1.0
2018-05-14,1100.0,1110.75,1099.11,1100.2,55.01,1518077,0.0000,1.0
2018-05-11,1093.6,1101.33,1090.91,1098.26,54.913,1253665,0.0000,1.0
2018-05-10,1086.03,1100.44,1085.64,1097.57,54.8785,1443025,0.0000,1.0
2018-05-09,1058.1,1085.44,1056.365,1082.76,54.138,2032818,0.0000,1.0
2018-05-08,1058.54,1060.55,1047.145,1053.91,52.6955,1217721,0.0000,1.0
2018-05-07,1049.23,1061.68,1047.1,1054.79,52.7395,1466065,0.0000,1.0
2018-05-04,1016.9,1048.51,1016.9,1048.21,52.4105,1938658,0.0000,1.0
2018-05-03,1019.0,1029.675,1006.29,1023.72,51.186,1815058,0.0000,1.0
2018-05-02,1028.1,1040.389,1022.87,1024.38,51.219,1603081,0.0000,1.0
2018-05-01,1013.66,1038.47,1008.21,1037.31,51.8655,1427857,0.0000,1.0
2018-04-30,1030.01,1037.0,1016.85,1017.33,50.8665,1671254,0.0000,1.0
2018-04-27,1046.0,1049.5,1025.59,1030.05,51.5025,1619796,0.0000,1.0
2018-04-26,1029.51,1047.98,1018.19,1040.04,52.002,2079533,0.0000,1.0
2018-04-25,1025.52,1032.49,1015.31,1021.18,51.059,2391105,0.0000,1.0
2018-04-24,1052.0,1057.0,1010.59,1019.98,50.999,4760260,0.0000,1.0
2018-04-23,1077.86,1082.72,1060.7,1067.45,53.3725,2341258,0.0000,1.0
2018-04-20,1082.0,1092.35,1069.57,1072.96,53.648,1889686,0.0000,1.0
2018-04-19,1069.4,1094.165,1068.18,1087.7,54.385,1747671,0.0000,1.0
2018-04-18,1077.43,1077.43,1066.225,1072.08,53.604,1344138,0.0000,1.0
2018-04-17,1051.37,1077.88,1048.26,1074.16,53.708,2320266,0.0000,1.0
2018-04-16,1037.0,1043.24,1026.74,1037.98,51.899,1211208,0.0000,1.0
2018-04-13,1040.88,1046.42,1022.98,1029.27,51.4635,1223017,0.0000,1.0
2018-04-12,1025.04,1040.69,1021.435,1032.51,51.6255,1359389,0.0000,1.0
2018-04-11,1027.99,1031.364,1015.87,1019.97,50.9985,1483881,0.0000,1.0
2018-04-10,1026.44,1036.28,1011.34,1031.64,51.582,2029648,0.0000,1.0
2018-04-09,1016.8,1039.6,1014.08,1015.45,50.7725,1751559,0.0000,1.0
2018-04-06,1020.0,1031.42,1003.03,1007.04,50.352,1746430,0.0000,1.0
2018-04-05,1041.33,1042.79,1020.131,1027.81,51.3905,1363049,0.0000,1.0
2018-04-04,993.41,1028.718,993.0,1025.14,51.257,2484651,0.0000,1.0
2018-04-03,1013.91,1020.99,994.07,1013.41,50.6705,2275076,0.0000,1.0
2018-04-02,1022.82,1034.8,990.37,1006.47,50.3235,2680400,0.0000,1.0
2018-03-29,1011.63,1043.0,1002.9,1031.79,51.5895,2726830,0.0000,1.0
2018-03-28,998.0,1024.23,980.64,1004.56,50.228,3369275,0.0000,1.0
2018-03-27,1063.0,1064.839,996.92,1005.1,50.255,3029471,0.0000,1.0
2018-03-26,1046.0,1055.63,1008.4,1053.21,52.6605,2558385,0.0000,1.0
2018-03-23,1047.03,1063.36,1021.22,1021.57,51.0785,2113497,0.0000,1.0
2018-03-22,1081.88,1082.9,1045.91,1049.08,52.454,2580374,0.0000,1.0
2018-03-21,1092.74,1106.3,1085.15,1090.88,54.544,1640709,0.0000,1.0
2018-03-20,1099.0,1105.2,1083.46,1097.71,54.8855,1783872,0.0000,1.0
2018-03-19,1120.01,1121.99,1089.01,1099.82,54.991,2339506,0.0000,1.0
2018-03-16,1154.14,1155.88,1131.96,1135.73,56.7865,2560277,0.0000,1.0
2018-03-15,1149.96,1161.08,1134.54,1149.58,57.479,1392521,0.0000,1.0
2018-03-14,1145.21,1158.59,1141.44,1149.49,57.4745,1192615,0.0000,1.0
2018-03-13,1170.0,1176.76,1133.33,1138.17,56.9085,1808098,0.0000,1.0
2018-03-12,1163.85,1177.05,1157.42,1164.5,58.225,2076306,0.0000,1.0
2018-03-09,1136.0,1160.8,1132.461,1160.04,58.002,2074952,0.0000,1.0
2018-03-08,1115.32,1127.6,1112.8,1126.0,56.3,1240299,0.0000,1.0
2018-03-07,1089.19,1112.22,1085.482,1109.64,55.482,1292537,0.0000,1.0
2018-03-06,1099.22,1101.85,1089.775,1095.06,54.753,1532783,0.0000,1.0
2018-03-05,1075.14,1097.1,1069.0,1090.93,54.5465,1202174,0.0000,1.0
2018-03-02,1053.08,1081.999,1048.115,1078.92,53.946,2271551,0.0000,1.0
2018-03-01,1107.87,1110.12,1067.001,1069.52,53.476,2515910,0.0000,1.0
2018-02-28,1123.03,1127.53,1103.24,1104.73,55.2365,1858051,0.0000,1.0
2018-02-27,1141.24,1144.04,1118.0,1118.29,55.9145,1741578,0.0000,1.0
2018-02-26,1127.8,1143.96,1126.695,1143.75,57.1875,1492380,0.0000,1.0
2018-02-23,1112.64,1127.28,1104.714,1126.79,56.3395,1158377,0.0000,1.0
2018-02-22,1116.19,1122.82,1102.59,1106.63,55.3315,1306276,0.0000,1.0
2018-02-21,1106.47,1133.97,1106.33,1111.34,55.567,1493162,0.0000,1.0
2018-02-20,1090.57,1113.95,1088.52,1102.46,55.123,1381603,0.0000,1.0
2018-02-16,1088.41,1104.67,1088.313,1094.8,54.74,1664969,0.0000,1.0
2018-02-15,1079.07,1091.479,1064.34,1089.52,54.476,1777694,0.0000,1.0
2018-02-14,1048.95,1071.72,1046.75,1069.7,53.485,1515444,0.0000,1.0
2018-02-13,1045.0,1058.37,1044.087,1052.1,52.605,1209341,0.0000,1.0
2018-02-12,1048.0,1061.5,1040.928,1051.94,52.597,2038875,0.0000,1.0
2018-02-09,1017.25,1043.97,992.56,1037.78,51.889,3267883,0.0000,1.0
2018-02-08,1055.41,1058.62,1000.66,1001.52,50.076,2720942,0.0000,1.0
2018-02-07,1081.54,1081.78,1048.26,1048.58,52.429,2331374,0.0000,1.0
2018-02-06,1027.18,1081.71,1023.137,1080.6,54.03,3360727,0.0000,1.0
2018-02-05,1090.6,1110.0,1052.03,1055.8,52.79,3336352,0.0000,1.0
2018-02-02,1122.0,1123.07,1107.278,1111.9,55.595,4758496,0.0000,1.0
2018-02-01,1162.61,1174.0,1157.52,1167.7,58.385,1974700,0.0000,1.0
2018-01-31,1170.57,1173.0,1159.13,1169.94,58.497,1486793,0.0000,1.0
2018-01-30,1167.83,1176.52,1163.52,1163.69,58.1845,1400132,0.0000,1.0
2018-01-29,1176.48,1186.89,1171.98,1175.58,58.779,1299218,0.0000,1.0
2018-01-26,1175.08,1175.84,1158.11,1175.84,58.792,1825680,0.0000,1.0
2018-01-25,1172.53,1175.94,1162.76,1170.37,58.5185,1326436,0.0000,1.0
2018-01-24,1177.33,1179.86,1161.05,1164.24,58.212,1351237,0.0000,1.0
2018-01-23,1159.85,1171.627,1158.75,1169.97,58.4985,1199326,0.0000,1.0
2018-01-22,1137.49,1159.88,1135.11,1155.81,57.7905,1582504,0.0000,1.0
2018-01-19,1131.83,1137.86,1128.3,1137.51,56.8755,1361390,0.0000,1.0
2018-01-18,1131.41,1132.51,1117.5,1129.79,56.4895,1148920,0.0000,1.0
2018-01-17,1126.22,1132.6,1117.01,1131.98,56.599,1146089,0.0000,1.0
2018-01-16,1132.51,1139.91,1117.832,1121.76,56.088,1539230,0.0000,1.0
2018-01-12,1102.41,1124.29,1101.15,1122.26,56.113,1701377,0.0000,1.0
2018-01-11,1106.3,1106.525,1099.59,1105.52,55.276,962696,0.0000,1.0
2018-01-10,1097.1,1104.6,1096.11,1102.61,55.1305,1038917,0.0000,1.0
2018-01-09,1109.4,1110.57,1101.231,1106.26,55.313,897400,0.0000,1.0
2018-01-08,1102.23,1111.27,1101.62,1106.94,55.347,1003098,0.0000,1.0
2018-01-05,1094.0,1104.25,1092.0,1102.23,55.1115,1210974,0.0000,1.0
2018-01-04,1088.0,1093.57,1084.002,1086.4,54.32,990510,0.0000,1.0
2018-01-03,1064.31,1086.29,1063.21,1082.48,54.124,1416093,0.0000,1.0
2018-01-02,1048.34,1066.94,1045.23,1065.0,53.25,1223114,0.0000,1.0
2017-12-29,1046.72,1049.7,1044.9,1046.4,52.32,867943,0.0000,1.0
2017-12-28,1051.6,1054.75,1044.77,1048.14,52.407,829623,0.0000,1.0
2017-12-27,1057.39,1058.37,1048.05,1049.37,52.4685,1214775,0.0000,1.0
2017-12-26,1058.07,1060.12,1050.2,1056.74,52.837,756324,0.0000,1.0
2017-12-22,1061.11,1064.2,1059.44,1060.12,53.006,734566,0.0000,1.0
2017-12-21,1064.95,1069.33,1061.794,1063.63,53.1815,974594,0.0000,1.0
2017-12-20,1071.78,1073.38,1061.52,1064.95,53.2475,1266115,0.0000,1.0
2017-12-19,1075.2,1076.84,1063.55,1070.68,53.534,1254615,0.0000,1.0
2017-12-18,1066.08,1078.49,1062.0,1077.14,53.857,1531522,0.0000,1.0
2017-12-15,1054.61,1067.62,1049.5,1064.19,53.2095,3142760,0.0000,1.0
2017-12-14,1045.0,1058.5,1043.11,1049.15,52.4575,1545616,0.0000,1.0
2017-12-13,1046.12,1046.665,1038.38,1040.61,52.0305,1207286,0.0000,1.0
2017-12-12,1039.63,1050.31,1033.69,1040.48,52.024,1269883,0.0000,1.0
2017-12-11,1035.5,1043.8,1032.05,1041.1,52.055,1119052,0.0000,1.0
2017-12-08,1037.49,1042.05,1032.522,1037.05,51.8525,1277894,0.0000,1.0
2017-12-07,1020.43,1034.24,1018.07,1030.93,51.5465,1387107,0.0000,1.0
2017-12-06,1001.5,1024.97,1001.14,1018.38,50.919,1254837,0.0000,1.0
2017-12-05,995.94,1020.61,988.28,1005.15,50.2575,2023376,0.0000,1.0
2017-12-04,1012.66,1016.1,995.57,998.68,49.934,1891408,0.0000,1.0
2017-12-01,1015.8,1022.49,1002.02,1010.17,50.5085,1908944,0.0000,1.0
2017-11-30,1022.37,1028.49,1015.0,1021.41,51.0705,1722913,0.0000,1.0
2017-11-29,1042.68,1044.08,1015.65,1021.66,51.083,2438875,0.0000,1.0
2017-11-28,1055.09,1062.38,1040.0,1047.41,52.3705,1341000,0.0000,1.0
2017-11-27,1040.0,1055.46,1038.44,1054.21,52.7105,1284354,0.0000,1.0
2017-11-24,1035.87,1043.18,1035.0,1040.61,52.0305,536958,0.0000,1.0
2017-11-22,1035.0,1039.71,1031.43,1035.96,51.798,716661,0.0000,1.0
2017-11-21,1023.31,1035.11,1022.66,1034.49,51.7245,1083715,0.0000,1.0
2017-11-20,1020.26,1022.61,1017.5,1018.38,50.919,894844,0.0000,1.0
2017-11-17,1034.01,1034.42,1017.75,1019.09,50.9545,1350144,0.0000,1.0
2017-11-16,1022.52,1035.92,1022.52,1032.5,51.625,1129423,0.0000,1.0
2017-11-15,1019.21,1024.09,1015.42,1020.91,51.0455,859951,0.0000,1.0
2017-11-14,1022.59,1026.81,1014.15,1026.0,51.3,947273,0.0000,1.0
2017-11-13,1023.42,1031.58,1022.57,1025.75,51.2875,878969,0.0000,1.0
2017-11-10,1026.46,1030.76,1025.28,1028.07,51.4035,719227,0.0000,1.0
2017-11-09,1033.99,1033.99,1019.67,1031.26,51.563,1236903,0.0000,1.0
2017-11-08,1030.52,1043.52,1028.45,1039.85,51.9925,946210,0.0000,1.0
2017-11-07,1027.27,1033.97,1025.13,1033.33,51.6665,1089887,0.0000,1.0
2017-11-06,1028.99,1034.87,1025.0,1025.9,51.295,1119131,0.0000,1.0
2017-11-03,1022.11,1032.65,1020.31,1032.48,51.624,1058037,0.0000,1.0
2017-11-02,1021.76,1028.09,1013.01,1025.58,51.279,1008190,0.0000,1.0
2017-11-01,1017.21,1029.67,1016.95,1025.5,51.275,1360900,0.0000,1.0
2017-10-31,1015.22,1024.0,1010.42,1016.64,50.832,1324961,0.0000,1.0
2017-10-30,1014.0,1024.97,1007.5,1017.11,50.8555,2074619,0.0000,1.0
2017-10-27,1009.19,1048.39,1008.2,1019.27,50.9635,5125791,0.0000,1.0
2017-10-26,980.0,987.6,972.2,972.56,48.628,1660850,0.0000,1.0
2017-10-25,968.37,976.09,960.5201,973.33,48.6665,1162606,0.0000,1.0
2017-10-24,970.0,972.23,961.0,970.54,48.527,1155231,0.0000,1.0
2017-10-23,989.52,989.52,966.12,968.45,48.4225,1431886,0.0000,1.0
2017-10-20,989.44,991.0,984.58,988.2,49.41,1120038,0.0000,1.0
2017-10-19,986.0,988.88,978.39,984.45,49.2225,1282755,0.0000,1.0
2017-10-18,991.77,996.72,986.9747,992.81,49.6405,1022521,0.0000,1.0
2017-10-17,990.29,996.44,988.59,992.18,49.609,1266399,0.0000,1.0
2017-10-16,992.1,993.9065,984.0,992.0,49.6,900751,0.0000,1.0
2017-10-13,992.0,997.21,989.0,989.68,49.484,1143907,0.0000,1.0
2017-10-12,987.45,994.12,985.0,987.83,49.3915,1259082,0.0000,1.0
2017-10-11,973.72,990.71,972.25,989.25,49.4625,1663731,0.0000,1.0
2017-10-10,980.0,981.57,966.0801,972.6,48.63,956419,0.0000,1.0
2017-10-09,980.0,985.425,976.11,977.0,48.85,886700,0.0000,1.0
2017-10-06,966.7,979.46,963.36,978.89,48.9445,1142699,0.0000,1.0
2017-10-05,955.49,970.91,955.18,969.96,48.498,1202101,0.0000,1.0
2017-10-04,957.0,960.39,950.69,951.68,47.584,881380,0.0000,1.0
2017-10-03,954.0,958.0,949.14,957.79,47.8895,881562,0.0000,1.0
2017-10-02,959.98,962.54,947.84,953.27,47.6635,1222026,0.0000,1.0
2017-09-29,952.0,959.7864,951.51,959.11,47.9555,1533133,0.0000,1.0
2017-09-28,941.36,950.69,940.55,949.5,47.475,959648,0.0000,1.0
2017-09-27,927.74,949.9,927.74,944.49,47.2245,2202959,0.0000,1.0
2017-09-26,923.72,930.82,921.14,924.86,46.243,1652848,0.0000,1.0
2017-09-25,925.45,926.4,909.7,920.97,46.0485,1822881,0.0000,1.0
2017-09-22,927.75,934.73,926.48,928.53,46.4265,1038551,0.0000,1.0
2017-09-21,933.0,936.53,923.83,932.45,46.6225,1207656,0.0000,1.0
2017-09-20,922.98,933.88,922.0,931.58,46.579,1518166,0.0000,1.0
2017-09-19,917.42,922.4199,912.55,921.81,46.0905,902415,0.0000,1.0
2017-09-18,920.01,922.08,910.6,915.0,45.75,1263456,0.0000,1.0
2017-09-15,924.66,926.49,916.36,920.29,46.0145,2475031,0.0000,1.0
2017-09-14,931.25,932.77,924.0,925.11,46.2555,1389012,0.0000,1.0
2017-09-13,930.66,937.25,929.86,935.09,46.7545,1066051,0.0000,1.0
2017-09-12,932.59,933.48,923.861,932.07,46.6035,1120449,0.0000,1.0
2017-09-11,934.25,938.38,926.92,929.08,46.454,1247138,0.0000,1.0
2017-09-08,936.49,936.99,924.88,926.5,46.325,993832,0.0000,1.0
2017-09-07,931.73,936.41,923.62,935.95,46.7975,1200257,0.0000,1.0
2017-09-06,930.15,930.915,919.27,927.81,46.3905,1468808,0.0000,1.0
2017-09-05,933.08,937.0,921.96,928.45,46.4225,1202163,0.0000,1.0
2017-09-01,941.13,942.48,935.15,937.34,46.867,913404,0.0000,1.0
2017-08-31,931.76,941.98,931.76,939.33,46.9665,1553301,0.0000,1.0
2017-08-30,920.05,930.819,919.65,929.57,46.4785,1282093,0.0000,1.0
2017-08-29,905.1,923.33,905.0,921.29,46.0645,1180160,0.0000,1.0
2017-08-28,916.0,919.245,911.87,913.81,45.6905,1072467,0.0000,1.0
2017-08-25,923.49,925.555,915.5,915.89,45.7945,1040693,0.0000,1.0
2017-08-24,928.66,930.84,915.5,921.28,46.064,1218875,0.0000,1.0
2017-08-23,921.93,929.93,919.36,927.0,46.35,1077809,0.0000,1.0
2017-08-22,912.72,925.86,911.4751,924.69,46.2345,1145571,0.0000,1.0
2017-08-21,910.0,913.0,903.4,906.66,45.333,932903,0.0000,1.0
2017-08-18,910.31,915.275,907.1543,910.67,45.5335,1333572,0.0000,1.0
2017-08-17,925.78,926.86,910.98,910.98,45.549,1218963,0.0000,1.0
2017-08-16,925.29,932.7,923.445,926.96,46.348,988604,0.0000,1.0
2017-08-15,924.23,926.5499,919.82,922.22,46.111,873070,0.0000,1.0
2017-08-14,922.53,924.668,918.19,922.67,46.1335,1047828,0.0000,1.0
2017-08-11,907.97,917.78,905.58,914.39,45.7195,1190458,0.0000,1.0
2017-08-10,917.55,919.26,906.13,907.24,45.362,1722296,0.0000,1.0
2017-08-09,920.61,925.98,917.2501,922.9,46.145,1169431,0.0000,1.0
2017-08-08,927.09,935.814,925.6095,926.79,46.3395,1039394,0.0000,1.0
2017-08-07,929.06,931.7,926.5,929.36,46.468,1012296,0.0000,1.0
2017-08-04,926.75,930.3068,923.03,927.96,46.398,1019159,0.0000,1.0
2017-08-03,930.34,932.24,922.24,923.65,46.1825,1179126,0.0000,1.0
2017-08-02,928.61,932.6,916.68,930.39,46.5195,1816343,0.0000,1.0
2017-08-01,932.38,937.447,929.26,930.83,46.5415,1211553,0.0000,1.0
2017-07-31,941.89,943.59,926.04,930.5,46.525,1952716,0.0000,1.0
2017-07-28,929.4,943.83,927.5,941.53,47.0765,1775076,0.0000,1.0
2017-07-27,951.78,951.78,920.0,934.09,46.7045,3095263,0.0000,1.0
2017-07-26,954.68,955.0,942.2788,947.8,47.39,2056013,0.0000,1.0
2017-07-25,953.81,959.7,945.4,950.7,47.535,4626086,0.0000,1.0
2017-07-24,972.22,986.2,970.77,980.34,49.017,2634669,0.0000,1.0
2017-07-21,962.25,973.23,960.15,972.92,48.646,1665103,0.0000,1.0
2017-07-20,975.0,975.9,961.51,968.15,48.4075,1577103,0.0000,1.0
2017-07-19,967.84,973.04,964.03,970.89,48.5445,1212814,0.0000,1.0
2017-07-18,953.0,968.04,950.6,965.4,48.27,1131130,0.0000,1.0
2017-07-17,957.0,960.74,949.2407,953.42,47.671,1141026,0.0000,1.0
2017-07-14,952.0,956.91,948.005,955.99,47.7995,1017632,0.0000,1.0
2017-07-13,946.29,954.45,943.01,947.16,47.358,1291782,0.0000,1.0
2017-07-12,938.68,946.3,934.47,943.83,47.1915,1505982,0.0000,1.0
2017-07-11,929.54,931.43,922.0,930.09,46.5045,1093281,0.0000,1.0
2017-07-10,921.77,930.38,919.59,928.8,46.44,1189085,0.0000,1.0
2017-07-07,908.85,921.54,908.85,918.59,45.9295,1588034,0.0000,1.0
2017-07-06,904.12,914.9444,899.7,906.69,45.3345,1409533,0.0000,1.0
2017-07-05,901.76,914.51,898.5,911.71,45.5855,1743497,0.0000,1.0
2017-07-03,912.18,913.94,894.79,898.7,44.935,1710189,0.0000,1.0
2017-06-30,926.05,926.05,908.31,908.73,45.4365,2035931,0.0000,1.0
2017-06-29,929.92,931.26,910.62,917.79,45.8895,3248393,0.0000,1.0
2017-06-28,929.0,942.75,916.0,940.49,47.0245,2712222,0.0000,1.0
2017-06-27,942.46,948.29,926.85,927.33,46.3665,2553771,0.0000,1.0
2017-06-26,969.9,973.31,950.79,952.27,47.6135,1581031,0.0000,1.0
2017-06-23,956.83,966.0,954.2,965.59,48.2795,1394008,0.0000,1.0
2017-06-22,958.7,960.72,954.55,957.09,47.8545,940373,0.0000,1.0
2017-06-21,953.64,960.1,950.76,959.45,47.9725,1192342,0.0000,1.0
2017-06-20,957.52,961.62,950.01,950.63,47.5315,1111840,0.0000,1.0
2017-06-19,949.96,959.99,949.05,957.37,47.8685,1494191,0.0000,1.0
2017-06-16,940.0,942.04,931.595,939.78,46.989,2921393,0.0000,1.0
2017-06-15,933.97,943.339,924.44,942.31,47.1155,2055953,0.0000,1.0
2017-06-14,959.92,961.15,942.25,950.76,47.538,1477033,0.0000,1.0
2017-06-13,951.91,959.98,944.09,953.4,47.67,1995350,0.0000,1.0
2017-06-12,939.56,949.355,915.2328,942.9,47.145,3731589,0.0000,1.0
2017-06-09,984.5,984.5,935.63,949.83,47.4915,3270248,0.0000,1.0
2017-06-08,982.35,984.57,977.2,983.41,49.1705,1451232,0.0000,1.0
2017-06-07,979.65,984.15,975.77,981.08,49.054,1429834,0.0000,1.0
2017-06-06,983.16,988.25,975.14,976.57,48.8285,1796904,0.0000,1.0
2017-06-05,976.55,986.91,975.1,983.68,49.184,1221971,0.0000,1.0
2017-06-02,969.46,975.88,966.0,975.6,48.78,1717212,0.0000,1.0
2017-06-01,968.95,971.5,960.01,966.95,48.3475,1403200,0.0000,1.0
2017-05-31,975.02,979.27,960.18,964.86,48.243,2426589,0.0000,1.0
2017-05-30,970.31,976.2,969.49,975.88,48.794,1455686,0.0000,1.0
2017-05-26,969.7,974.98,965.03,971.47,48.5735,1246186,0.0000,1.0
2017-05-25,957.33,972.629,955.47,969.54,48.477,1645873,0.0000,1.0
2017-05-24,952.98,955.09,949.5,954.96,47.748,990248,0.0000,1.0
2017-05-23,947.92,951.4666,942.575,948.82,47.441,1259285,0.0000,1.0
2017-05-22,935.0,941.8828,935.0,941.86,47.093,1092176,0.0000,1.0
2017-05-19,931.47,937.755,931.0,934.01,46.7005,1382221,0.0000,1.0
2017-05-18,921.0,933.17,918.75,930.24,46.512,1586465,0.0000,1.0
2017-05-17,935.67,939.3325,918.14,919.62,45.981,2323389,0.0000,1.0
2017-05-16,940.0,943.11,937.58,943.0,47.15,956692,0.0000,1.0
2017-05-15,932.95,938.25,929.34,937.08,46.854,1094283,0.0000,1.0
2017-05-12,931.53,933.44,927.85,932.22,46.611,1038409,0.0000,1.0
2017-05-11,925.32,932.53,923.0301,930.6,46.53,830838,0.0000,1.0
2017-05-10,931.98,932.0,925.16,928.78,46.439,1170055,0.0000,1.0
2017-05-09,936.95,937.5,929.53,932.17,46.6085,1575628,0.0000,1.0
2017-05-08,926.12,936.925,925.26,934.3,46.715,1319052,0.0000,1.0
2017-05-05,933.54,934.9,925.2,927.13,46.3565,1904731,0.0000,1.0
2017-05-04,926.07,935.93,924.59,931.66,46.583,1405844,0.0000,1.0
2017-05-03,914.86,928.1,912.5426,927.04,46.352,1477329,0.0000,1.0
2017-05-02,909.62,920.77,909.4526,916.44,45.822,1520766,0.0000,1.0
2017-05-01,901.94,915.68,901.45,912.57,45.6285,2100457,0.0000,1.0
2017-04-28,910.66,916.85,905.77,905.96,45.298,3160585,0.0000,1.0
2017-04-27,873.6,875.4,870.38,874.25,43.7125,1734197,0.0000,1.0
2017-04-26,874.23,876.05,867.7481,871.73,43.5865,1188464,0.0000,1.0
2017-04-25,865.0,875.0,862.81,872.3,43.615,1654161,0.0000,1.0
2017-04-24,851.2,863.45,849.86,862.76,43.138,1371581,0.0000,1.0
2017-04-21,842.88,843.88,840.6,843.19,42.1595,1323583,0.0000,1.0
2017-04-20,841.44,845.2,839.32,841.65,42.0825,959031,0.0000,1.0
2017-04-19,839.79,842.22,836.29,838.21,41.9105,954330,0.0000,1.0
2017-04-18,834.22,838.93,832.71,836.82,41.841,836722,0.0000,1.0
2017-04-17,825.01,837.75,824.47,837.17,41.8585,895015,0.0000,1.0
2017-04-13,822.14,826.38,821.44,823.56,41.178,1122362,0.0000,1.0
2017-04-12,821.93,826.66,821.02,824.32,41.216,900480,0.0000,1.0
2017-04-11,824.71,827.4267,817.0201,823.35,41.1675,1079732,0.0000,1.0
2017-04-10,825.39,829.35,823.77,824.73,41.2365,978905,0.0000,1.0
2017-04-07,827.96,828.485,820.5127,824.67,41.2335,1056692,0.0000,1.0
2017-04-06,832.4,836.39,826.46,827.88,41.394,1254433,0.0000,1.0
2017-04-05,835.51,842.45,830.72,831.41,41.5705,1555328,0.0000,1.0
2017-04-04,831.36,835.18,829.0363,834.57,41.7285,1045363,0.0000,1.0
2017-04-03,829.22,840.85,829.22,838.55,41.9275,1671503,0.0000,1.0
2017-03-31,828.97,831.64,827.39,829.56,41.478,1401893,0.0000,1.0
2017-03-30,833.5,833.68,829.0,831.5,41.575,1055339,0.0000,1.0
2017-03-29,825.0,832.765,822.3801,831.41,41.5705,1786321,0.0000,1.0
2017-03-28,820.41,825.99,814.027,820.92,41.046,1620542,0.0000,1.0
2017-03-27,806.95,821.63,803.37,819.51,40.9755,1894990,0.0000,1.0
2017-03-24,820.08,821.93,808.89,814.43,40.7215,1981006,0.0000,1.0
2017-03-23,821.0,822.57,812.257,817.58,40.879,3487056,0.0000,1.0
2017-03-22,831.91,835.55,827.1801,829.59,41.4795,1401465,0.0000,1.0
2017-03-21,851.4,853.5,829.02,830.46,41.523,2463484,0.0000,1.0
2017-03-20,850.01,850.22,845.15,848.4,42.42,1231521,0.0000,1.0
2017-03-17,851.61,853.4,847.11,852.12,42.606,1716471,0.0000,1.0
2017-03-16,849.03,850.85,846.13,848.78,42.439,977560,0.0000,1.0
2017-03-15,847.59,848.63,840.77,847.2,42.36,1381474,0.0000,1.0
2017-03-14,843.64,847.24,840.8,845.62,42.281,780198,0.0000,1.0
2017-03-13,844.0,848.685,843.25,845.54,42.277,1223647,0.0000,1.0
2017-03-10,843.28,844.91,839.5,843.25,42.1625,1704024,0.0000,1.0
2017-03-09,836.0,842.0,834.21,838.68,41.934,1261517,0.0000,1.0
2017-03-08,833.51,838.15,831.79,835.37,41.7685,989773,0.0000,1.0
2017-03-07,827.4,833.41,826.52,831.91,41.5955,1037630,0.0000,1.0
2017-03-06,826.95,828.88,822.4,827.78,41.389,1109037,0.0000,1.0
2017-03-03,830.56,831.36,825.751,829.08,41.454,896378,0.0000,1.0
2017-03-02,833.85,834.51,829.64,830.63,41.5315,942476,0.0000,1.0
2017-03-01,828.85,836.255,827.26,835.24,41.762,1496540,0.0000,1.0
2017-02-28,825.61,828.54,820.2,823.21,41.1605,2260769,0.0000,1.0
2017-02-27,824.55,830.5,824.0,829.28,41.464,1101466,0.0000,1.0
2017-02-24,827.73,829.0,824.2,828.64,41.432,1392202,0.0000,1.0
2017-02-23,830.12,832.46,822.88,831.33,41.5665,1472771,0.0000,1.0
2017-02-22,828.66,833.25,828.64,830.76,41.538,987248,0.0000,1.0
2017-02-21,828.66,833.45,828.35,831.66,41.583,1262337,0.0000,1.0
2017-02-17,823.02,828.07,821.655,828.07,41.4035,1611039,0.0000,1.0
2017-02-16,819.93,824.4,818.98,824.16,41.208,1287626,0.0000,1.0
2017-02-15,819.36,823.0,818.47,818.98,40.949,1313617,0.0000,1.0
2017-02-14,819.0,823.0,816.0,820.45,41.0225,1054732,0.0000,1.0
2017-02-13,816.0,820.959,815.49,819.24,40.962,1213324,0.0000,1.0
2017-02-10,811.7,815.25,809.78,813.67,40.6835,1134976,0.0000,1.0
2017-02-09,809.51,810.66,804.54,809.56,40.478,990391,0.0000,1.0
2017-02-08,807.0,811.84,803.1903,808.38,40.419,1155990,0.0000,1.0
2017-02-07,803.99,810.5,801.78,806.97,40.3485,1241221,0.0000,1.0
2017-02-06,799.7,801.67,795.2501,801.34,40.067,1184483,0.0000,1.0
2017-02-03,802.99,806.0,800.37,801.49,40.0745,1463448,0.0000,1.0
2017-02-02,793.8,802.7,792.0,798.53,39.9265,1532138,0.0000,1.0
2017-02-01,799.68,801.19,791.19,795.695,39.78475,2029744,0.0000,1.0
2017-01-31,796.86,801.25,790.52,796.79,39.8395,2160556,0.0000,1.0
2017-01-30,814.66,815.84,799.8,802.32,40.116,3246573,0.0000,1.0
2017-01-27,834.71,841.95,820.44,823.31,41.1655,2965771,0.0000,1.0
2017-01-26,837.81,838.0,827.01,832.15,41.6075,2973891,0.0000,1.0
2017-01-25,829.62,835.77,825.06,835.67,41.7835,1627304,0.0000,1.0
2017-01-24,822.3,825.9,817.821,823.87,41.1935,1474010,0.0000,1.0
2017-01-23,807.25,820.87,803.74,819.31,40.9655,1963628,0.0000,1.0
2017-01-20,806.91,806.91,801.69,805.02,40.251,1670045,0.0000,1.0
2017-01-19,805.12,809.48,801.8,802.175,40.10875,919325,0.0000,1.0
2017-01-18,805.81,806.205,800.99,806.07,40.3035,1294407,0.0000,1.0
2017-01-17,807.08,807.14,800.37,804.61,40.2305,1362115,0.0000,1.0
2017-01-13,807.48,811.2244,806.69,807.88,40.394,1099215,0.0000,1.0
2017-01-12,807.14,807.39,799.17,806.36,40.318,1353057,0.0000,1.0
2017-01-11,805.0,808.15,801.37,807.91,40.3955,1065936,0.0000,1.0
2017-01-10,807.86,809.1299,803.51,804.79,40.2395,1176780,0.0000,1.0
2017-01-09,806.4,809.9664,802.83,806.65,40.3325,1274645,0.0000,1.0
2017-01-06,795.26,807.9,792.2041,806.15,40.3075,1640170,0.0000,1.0
2017-01-05,786.08,794.48,785.02,794.02,39.701,1335167,0.0000,1.0
2017-01-04,788.36,791.34,783.16,786.9,39.345,1072958,0.0000,1.0
2017-01-03,778.81,789.63,775.8,786.14,39.307,1657268,0.0000,1.0
2016-12-30,782.75,782.78,770.41,771.82,38.591,1769950,0.0000,1.0
2016-12-29,783.33,785.93,778.92,782.79,39.1395,744272,0.0000,1.0
2016-12-28,793.7,794.23,783.2,785.05,39.2525,1153824,0.0000,1.0
2016-12-27,790.68,797.86,787.657,791.55,39.5775,789321,0.0000,1.0
2016-12-23,790.9,792.74,787.28,789.91,39.4955,623944,0.0000,1.0
2016-12-22,792.36,793.32,788.58,791.26,39.563,972169,0.0000,1.0
2016-12-21,795.84,796.6757,787.1,794.56,39.728,1211346,0.0000,1.0
2016-12-20,796.76,798.65,793.27,796.42,39.821,951014,0.0000,1.0
2016-12-19,790.22,797.66,786.27,794.2,39.71,1232087,0.0000,1.0
2016-12-16,800.4,800.8558,790.29,790.8,39.54,2443796,0.0000,1.0
2016-12-15,797.34,803.0,792.92,797.85,39.8925,1626499,0.0000,1.0
2016-12-14,797.4,804.0,794.01,797.07,39.8535,1704150,0.0000,1.0
2016-12-13,793.9,804.3799,793.34,796.1,39.805,2145209,0.0000,1.0
2016-12-12,785.04,791.25,784.3554,789.27,39.4635,2104117,0.0000,1.0
2016-12-09,780.0,789.43,779.021,789.29,39.4645,1821914,0.0000,1.0
2016-12-08,772.48,778.18,767.23,776.42,38.821,1488059,0.0000,1.0
2016-12-07,761.0,771.36,755.8,771.19,38.5595,1760966,0.0000,1.0
2016-12-06,764.73,768.83,757.34,759.11,37.9555,1690689,0.0000,1.0
2016-12-05,757.71,763.9,752.9,762.52,38.126,1394223,0.0000,1.0
2016-12-02,744.59,754.0,743.1,750.5,37.525,1452484,0.0000,1.0
2016-12-01,757.44,759.85,737.0245,747.92,37.396,3017947,0.0000,1.0
2016-11-30,770.07,772.99,754.83,758.04,37.902,2392890,0.0000,1.0
2016-11-29,771.53,778.5,768.24,770.84,38.542,1616618,0.0000,1.0
2016-11-28,760.0,779.53,759.8,768.24,38.412,2188151,0.0000,1.0
2016-11-25,764.26,765.0,760.52,761.68,38.084,587421,0.0000,1.0
2016-11-23,767.73,768.2825,755.25,760.99,38.0495,1478417,0.0000,1.0
2016-11-22,772.63,776.96,767.0,768.27,38.4135,1593108,0.0000,1.0
2016-11-21,762.61,769.7,760.6,769.2,38.46,1330639,0.0000,1.0
2016-11-18,771.37,775.0,760.0,760.54,38.027,1547145,0.0000,1.0
2016-11-17,766.92,772.7,764.23,771.23,38.5615,1304048,0.0000,1.0
2016-11-16,755.2,766.36,750.51,764.48,38.224,1472594,0.0000,1.0
2016-11-15,746.97,764.4162,746.97,758.49,37.9245,2384001,0.0000,1.0
2016-11-14,755.6,757.85,727.54,736.08,36.804,3654385,0.0000,1.0
2016-11-11,756.54,760.78,750.38,754.02,37.701,2431815,0.0000,1.0
2016-11-10,791.17,791.17,752.18,762.56,38.128,4745183,0.0000,1.0
2016-11-09,779.94,791.2265,771.67,785.31,39.2655,2607121,0.0000,1.0
2016-11-08,783.4,795.633,780.19,790.51,39.5255,1366873,0.0000,1.0
2016-11-07,774.5,785.19,772.55,782.52,39.126,1585070,0.0000,1.0
2016-11-04,750.66,770.36,750.5611,762.02,38.101,2134812,0.0000,1.0
2016-11-03,767.25,769.95,759.03,762.13,38.1065,1943175,0.0000,1.0
2016-11-02,778.2,781.65,763.4496,768.7,38.435,1918414,0.0000,1.0
2016-11-01,782.89,789.49,775.54,783.61,39.1805,2406356,0.0000,1.0
2016-10-31,795.47,796.86,784.0,784.54,39.227,2427284,0.0000,1.0
2016-10-28,808.35,815.49,793.59,795.37,39.7685,4269902,0.0000,1.0
2016-10-27,801.0,803.49,791.5,795.35,39.7675,2749221,0.0000,1.0
2016-10-26,806.34,806.98,796.32,799.07,39.9535,1647733,0.0000,1.0
2016-10-25,816.68,816.68,805.14,807.67,40.3835,1576404,0.0000,1.0
2016-10-24,804.9,815.18,804.82,813.11,40.6555,1697514,0.0000,1.0
2016-10-21,795.0,799.5,794.0,799.37,39.9685,1266181,0.0000,1.0
2016-10-20,803.3,803.97,796.03,796.97,39.8485,1757528,0.0000,1.0
2016-10-19,798.86,804.63,797.635,801.56,40.078,1766798,0.0000,1.0
2016-10-18,787.85,801.61,785.565,795.26,39.763,2056903,0.0000,1.0
2016-10-17,779.8,785.85,777.5,779.96,38.998,1092973,0.0000,1.0
2016-10-14,781.65,783.95,776.0,778.53,38.9265,852487,0.0000,1.0
2016-10-13,781.22,781.22,773.0,778.19,38.9095,1365277,0.0000,1.0
2016-10-12,783.76,788.13,782.06,786.14,39.307,937435,0.0000,1.0
2016-10-11,786.66,792.28,780.58,783.07,39.1535,1372461,0.0000,1.0
2016-10-10,777.71,789.38,775.87,785.94,39.297,1174923,0.0000,1.0
2016-10-07,779.66,779.66,770.75,775.08,38.754,933158,0.0000,1.0
2016-10-06,779.0,780.48,775.54,776.86,38.843,1070692,0.0000,1.0
2016-10-05,779.31,782.07,775.65,776.47,38.8235,1461151,0.0000,1.0
2016-10-04,776.03,778.71,772.89,776.43,38.8215,1201350,0.0000,1.0
2016-10-03,774.25,776.065,769.5,772.56,38.628,1278821,0.0000,1.0
2016-09-30,776.33,780.94,774.09,777.29,38.8645,1585333,0.0000,1.0
2016-09-29,781.44,785.8,774.232,775.01,38.7505,1314746,0.0000,1.0
2016-09-28,777.85,781.81,774.97,781.56,39.078,1109834,0.0000,1.0
2016-09-27,775.5,785.9899,774.308,783.01,39.1505,1153247,0.0000,1.0
2016-09-26,782.74,782.74,773.07,774.21,38.7105,1533206,0.0000,1.0
2016-09-23,786.59,788.93,784.15,786.9,39.345,1411937,0.0000,1.0
2016-09-22,780.0,789.85,778.44,787.21,39.3605,1486223,0.0000,1.0
2016-09-21,772.66,777.16,768.301,776.22,38.811,1167810,0.0000,1.0
2016-09-20,769.0,773.33,768.53,771.41,38.5705,978631,0.0000,1.0
2016-09-19,772.42,774.0,764.4406,765.7,38.285,1172824,0.0000,1.0
2016-09-16,769.75,769.75,764.66,768.88,38.444,2049338,0.0000,1.0
2016-09-15,762.89,773.8,759.96,771.76,38.588,1346751,0.0000,1.0
2016-09-14,759.61,767.68,759.11,762.49,38.1245,1094490,0.0000,1.0
2016-09-13,764.48,766.2195,755.8,759.69,37.9845,1395046,0.0000,1.0
2016-09-12,755.13,770.29,754.0001,769.02,38.451,1310986,0.0000,1.0
2016-09-09,770.1,773.245,759.66,759.66,37.983,1885496,0.0000,1.0
2016-09-08,778.59,780.35,773.58,775.32,38.766,1270264,0.0000,1.0
2016-09-07,780.0,782.73,776.2,780.35,39.0175,894021,0.0000,1.0
2016-09-06,773.45,782.0,771.0,780.08,39.004,1442822,0.0000,1.0
2016-09-02,773.01,773.9199,768.41,771.46,38.573,1072658,0.0000,1.0
2016-09-01,769.25,771.02,764.3,768.78,38.439,925131,0.0000,1.0
2016-08-31,767.01,769.09,765.38,767.05,38.3525,1248556,0.0000,1.0
2016-08-30,769.33,774.466,766.84,769.09,38.4545,1130029,0.0000,1.0
2016-08-29,768.74,774.99,766.615,772.15,38.6075,847565,0.0000,1.0
2016-08-26,769.0,776.0799,765.85,769.54,38.477,1166681,0.0000,1.0
2016-08-25,767.0,771.89,763.1846,769.41,38.4705,926883,0.0000,1.0
2016-08-24,770.58,774.5,767.07,769.64,38.482,1071999,0.0000,1.0
2016-08-23,775.48,776.44,771.785,772.08,38.604,928232,0.0000,1.0
2016-08-22,773.27,774.54,770.0502,772.15,38.6075,951362,0.0000,1.0
2016-08-19,775.0,777.1,773.13,775.42,38.771,861546,0.0000,1.0
2016-08-18,780.01,782.86,777.0,777.5,38.875,719429,0.0000,1.0
2016-08-17,777.32,780.81,773.53,779.91,38.9955,924226,0.0000,1.0
2016-08-16,780.3,780.98,773.444,777.14,38.857,1028047,0.0000,1.0
2016-08-15,783.75,787.49,780.11,782.44,39.122,938186,0.0000,1.0
2016-08-12,781.5,783.395,780.4,783.22,39.161,740498,0.0000,1.0
2016-08-11,785.0,789.75,782.97,784.85,39.2425,975113,0.0000,1.0
2016-08-10,783.75,786.8123,782.778,784.68,39.234,786363,0.0000,1.0
2016-08-09,781.1,788.94,780.57,784.26,39.213,1318894,0.0000,1.0
2016-08-08,782.0,782.63,778.091,781.76,39.088,1107857,0.0000,1.0
2016-08-05,773.78,783.04,772.34,782.22,39.111,1801205,0.0000,1.0
2016-08-04,772.22,774.07,768.795,771.61,38.5805,1140254,0.0000,1.0
2016-08-03,767.18,773.21,766.82,773.18,38.659,1287421,0.0000,1.0
2016-08-02,768.69,775.84,767.85,771.07,38.5535,1784525,0.0000,1.0
2016-08-01,761.09,780.43,761.09,772.88,38.644,2700470,0.0000,1.0
2016-07-29,772.71,778.55,766.77,768.79,38.4395,3841482,0.0000,1.0
2016-07-28,747.04,748.65,739.3,745.91,37.2955,3530169,0.0000,1.0
2016-07-27,738.28,744.46,737.0,741.77,37.0885,1512517,0.0000,1.0
2016-07-26,739.04,741.69,734.27,738.42,36.921,1186738,0.0000,1.0
2016-07-25,740.67,742.61,737.5,739.77,36.9885,1032432,0.0000,1.0
2016-07-22,741.86,743.24,736.56,742.74,37.137,1259823,0.0000,1.0
2016-07-21,740.36,741.69,735.831,738.63,36.9315,1026306,0.0000,1.0
2016-07-20,737.33,742.13,737.1,741.19,37.0595,1289671,0.0000,1.0
2016-07-19,729.89,736.99,729.0,736.96,36.848,1227486,0.0000,1.0
2016-07-18,722.71,736.13,721.19,733.78,36.689,1295476,0.0000,1.0
2016-07-15,725.73,725.74,719.055,719.85,35.9925,1279339,0.0000,1.0
2016-07-14,721.58,722.21,718.03,720.95,36.0475,950193,0.0000,1.0
2016-07-13,723.62,724.0,716.85,716.98,35.849,935876,0.0000,1.0
2016-07-12,719.12,722.94,715.91,720.64,36.032,1336921,0.0000,1.0
2016-07-11,708.05,716.51,707.24,715.09,35.7545,1111762,0.0000,1.0
2016-07-08,699.5,705.71,696.435,705.63,35.2815,1575166,0.0000,1.0
2016-07-07,698.08,698.2,688.215,695.36,34.768,1304200,0.0000,1.0
2016-07-06,689.98,701.68,689.09,697.77,34.8885,1411925,0.0000,1.0
2016-07-05,696.06,696.94,688.88,694.49,34.7245,1462616,0.0000,1.0
2016-07-01,692.2,700.65,692.1301,699.21,34.9605,1344710,0.0000,1.0
2016-06-30,685.47,692.32,683.65,692.1,34.605,1597714,0.0000,1.0
2016-06-29,683.0,687.4292,681.41,684.11,34.2055,1932561,0.0000,1.0
2016-06-28,678.97,680.33,673.0,680.04,34.002,2173762,0.0000,1.0
2016-06-27,671.0,672.3,663.284,668.26,33.413,2641085,0.0000,1.0
2016-06-24,675.17,689.4,673.45,675.22,33.761,4449022,0.0000,1.0
2016-06-23,697.45,701.95,687.0,701.87,35.0935,2171415,0.0000,1.0
2016-06-22,699.06,700.86,693.0819,697.46,34.873,1184318,0.0000,1.0
2016-06-21,698.4,702.77,692.01,695.94,34.797,1465634,0.0000,1.0
2016-06-20,698.77,702.48,693.41,693.71,34.6855,2082538,0.0000,1.0
2016-06-17,708.65,708.82,688.4515,691.72,34.586,3402357,0.0000,1.0
2016-06-16,714.91,716.65,703.26,710.36,35.518,1982471,0.0000,1.0
2016-06-15,719.0,722.98,717.31,718.92,35.946,1214517,0.0000,1.0
2016-06-14,716.48,722.47,713.12,718.27,35.9135,1306065,0.0000,1.0
2016-06-13,716.51,725.44,716.51,718.36,35.918,1258930,0.0000,1.0
2016-06-10,719.47,725.89,716.43,719.41,35.9705,1216443,0.0000,1.0
2016-06-09,722.87,729.54,722.3361,728.58,36.429,988914,0.0000,1.0
2016-06-08,723.96,728.57,720.58,728.28,36.414,1583701,0.0000,1.0
2016-06-07,719.84,721.98,716.55,716.65,35.8325,1336754,0.0000,1.0
2016-06-06,724.91,724.91,714.61,716.55,35.8275,1566059,0.0000,1.0
2016-06-03,729.27,729.49,720.56,722.34,36.117,1226253,0.0000,1.0
2016-06-02,732.5,733.02,724.17,730.4,36.52,1341807,0.0000,1.0
2016-06-01,734.53,737.21,730.66,734.15,36.7075,1253593,0.0000,1.0
2016-05-31,731.74,739.73,731.26,735.72,36.786,2129545,0.0000,1.0
2016-05-27,724.01,733.936,724.0,732.66,36.633,1974962,0.0000,1.0
2016-05-26,722.87,728.33,720.28,724.12,36.206,1576286,0.0000,1.0
2016-05-25,720.76,727.51,719.7047,725.27,36.2635,1632564,0.0000,1.0
2016-05-24,706.86,720.97,706.86,720.09,36.0045,1929467,0.0000,1.0
2016-05-23,706.53,711.4781,704.18,704.24,35.212,1330692,0.0000,1.0
2016-05-20,701.62,714.58,700.52,709.74,35.487,1828387,0.0000,1.0
2016-05-19,702.36,706.0,696.8,700.32,35.016,1670234,0.0000,1.0
2016-05-18,703.67,711.6,700.63,706.63,35.3315,1766836,0.0000,1.0
2016-05-17,715.99,721.52,704.11,706.23,35.3115,2001225,0.0000,1.0
2016-05-16,709.13,718.48,705.65,716.49,35.8245,1317069,0.0000,1.0
2016-05-13,711.93,716.6619,709.26,710.83,35.5415,1314499,0.0000,1.0
2016-05-12,717.06,719.25,709.0,713.31,35.6655,1361332,0.0000,1.0
2016-05-11,723.41,724.48,712.8,715.29,35.7645,1692063,0.0000,1.0
2016-05-10,716.75,723.5,715.72,723.18,36.159,1569591,0.0000,1.0
2016-05-09,712.0,718.71,710.0,712.9,35.645,1510289,0.0000,1.0
2016-05-06,698.38,711.86,698.1067,711.12,35.556,1829291,0.0000,1.0
2016-05-05,697.7,702.3199,695.72,701.43,35.0715,1683507,0.0000,1.0
2016-05-04,690.49,699.75,689.01,695.7,34.785,1693525,0.0000,1.0
2016-05-03,696.87,697.84,692.0,692.36,34.618,1543785,0.0000,1.0
2016-05-02,697.63,700.64,691.0,698.21,34.9105,1645265,0.0000,1.0
2016-04-29,690.7,697.62,689.0,693.01,34.6505,2487673,0.0000,1.0
2016-04-28,708.26,714.17,689.55,691.02,34.551,2867255,0.0000,1.0
2016-04-27,707.29,708.98,692.3651,705.84,35.292,3098587,0.0000,1.0
2016-04-26,725.42,725.766,703.0264,708.14,35.407,2744587,0.0000,1.0
2016-04-25,716.1,723.93,715.59,723.15,36.1575,1959179,0.0000,1.0
2016-04-22,726.3,736.12,713.61,718.77,35.9385,5951938,0.0000,1.0
2016-04-21,755.38,760.45,749.55,759.14,37.957,3060490,0.0000,1.0
2016-04-20,758.0,758.1315,750.01,752.67,37.6335,1529217,0.0000,1.0
2016-04-19,769.51,769.9,749.33,753.93,37.6965,2030526,0.0000,1.0
2016-04-18,760.46,768.05,757.3,766.61,38.3305,1558848,0.0000,1.0
2016-04-15,753.98,761.0,752.6938,759.0,37.95,1809332,0.0000,1.0
2016-04-14,754.01,757.31,752.705,753.2,37.66,1135271,0.0000,1.0
2016-04-13,749.16,754.38,744.261,751.72,37.586,1707641,0.0000,1.0
2016-04-12,738.0,743.83,731.01,743.09,37.1545,1352992,0.0000,1.0
2016-04-11,743.02,745.0,736.05,736.1,36.805,1220088,0.0000,1.0
2016-04-08,743.97,745.45,735.55,739.15,36.9575,1290787,0.0000,1.0
2016-04-07,745.37,746.9999,736.28,740.28,37.014,1453185,0.0000,1.0
2016-04-06,735.77,746.24,735.56,745.69,37.2845,1053713,0.0000,1.0
2016-04-05,738.0,742.8,735.37,737.8,36.89,1132294,0.0000,1.0
2016-04-04,750.06,752.8,742.43,745.29,37.2645,1134390,0.0000,1.0
2016-04-01,738.6,750.34,737.0,749.91,37.4955,1576745,0.0000,1.0
2016-03-31,749.25,750.85,740.94,744.95,37.2475,1718798,0.0000,1.0
2016-03-30,750.1,757.88,748.74,750.53,37.5265,1782427,0.0000,1.0
2016-03-29,734.59,747.25,728.76,744.77,37.2385,1903758,0.0000,1.0
2016-03-28,736.79,738.99,732.5,733.53,36.6765,1301327,0.0000,1.0
2016-03-24,732.01,737.747,731.0,735.3,36.765,1594891,0.0000,1.0
2016-03-23,742.36,745.7199,736.15,738.06,36.903,1432099,0.0000,1.0
2016-03-22,737.46,745.0,737.46,740.75,37.0375,1269749,0.0000,1.0
2016-03-21,736.5,742.5,733.5157,742.09,37.1045,1836503,0.0000,1.0
2016-03-18,741.86,742.0,731.83,737.6,36.88,2980709,0.0000,1.0
2016-03-17,736.45,743.07,736.0,737.78,36.889,1860834,0.0000,1.0
2016-03-16,726.37,737.47,724.51,736.09,36.8045,1624370,0.0000,1.0
2016-03-15,726.92,732.29,724.77,728.33,36.4165,1720965,0.0000,1.0
2016-03-14,726.81,735.5,725.15,730.49,36.5245,1718252,0.0000,1.0
2016-03-11,720.0,726.92,717.125,726.82,36.341,1970815,0.0000,1.0
2016-03-10,708.12,716.44,703.36,712.82,35.641,2833525,0.0000,1.0
2016-03-09,698.47,705.68,694.0,705.24,35.262,1421515,0.0000,1.0
2016-03-08,688.59,703.79,685.34,693.97,34.6985,2058471,0.0000,1.0
2016-03-07,706.9,708.0912,686.9,695.16,34.758,2988026,0.0000,1.0
2016-03-04,714.99,716.49,706.02,710.89,35.5445,1972077,0.0000,1.0
2016-03-03,718.68,719.45,706.02,712.42,35.621,1957974,0.0000,1.0
2016-03-02,719.0,720.0,712.0,718.85,35.9425,1629003,0.0000,1.0
2016-03-01,703.62,718.81,699.77,718.81,35.9405,2151419,0.0000,1.0
2016-02-29,700.32,710.89,697.68,697.77,34.8885,2481145,0.0000,1.0
2016-02-26,708.58,713.43,700.86,705.07,35.2535,2243522,0.0000,1.0
2016-02-25,700.01,705.98,690.585,705.75,35.2875,1642166,0.0000,1.0
2016-02-24,688.92,700.0,680.78,699.56,34.978,1963573,0.0000,1.0
2016-02-23,701.45,708.4,693.58,695.85,34.7925,2009280,0.0000,1.0
2016-02-22,707.45,713.24,702.51,706.46,35.323,1949816,0.0000,1.0
2016-02-19,695.03,703.0805,694.05,700.91,35.0455,1589281,0.0000,1.0
2016-02-18,710.0,712.35,696.03,697.35,34.8675,1883248,0.0000,1.0
2016-02-17,699.0,709.75,691.38,708.4,35.42,2492634,0.0000,1.0
2016-02-16,692.98,698.0,685.05,691.0,34.55,2520021,0.0000,1.0
2016-02-12,690.26,693.75,678.6,682.4,34.12,2141373,0.0000,1.0
2016-02-11,675.0,689.35,668.8675,683.11,34.1555,3024043,0.0000,1.0
2016-02-10,686.86,701.31,682.13,684.12,34.206,2638007,0.0000,1.0
2016-02-09,672.32,699.9,668.77,678.11,33.9055,3608914,0.0000,1.0
2016-02-08,667.85,684.03,663.06,682.74,34.137,4247355,0.0000,1.0
2016-02-05,703.87,703.99,680.15,683.57,34.1785,5105725,0.0000,1.0
2016-02-04,722.81,727.0,701.86,708.01,35.4005,5168709,0.0000,1.0
2016-02-03,770.22,774.5,720.5,726.95,36.3475,6171019,0.0000,1.0
2016-02-02,784.5,789.8699,764.65,764.65,38.2325,6348126,0.0000,1.0
2016-02-01,750.46,757.86,743.27,752.0,37.6,5139157,0.0000,1.0
2016-01-29,731.53,744.9899,726.8,742.95,37.1475,3474319,0.0000,1.0
2016-01-28,722.22,733.69,712.35,730.96,36.548,2676397,0.0000,1.0
2016-01-27,713.67,718.235,694.39,699.99,34.9995,2194227,0.0000,1.0
2016-01-26,713.85,718.28,706.48,713.04,35.652,1331691,0.0000,1.0
2016-01-25,723.58,729.68,710.01,711.67,35.5835,1711716,0.0000,1.0
2016-01-22,723.6,728.13,720.121,725.25,36.2625,2011797,0.0000,1.0
2016-01-21,702.18,719.19,694.46,706.59,35.3295,2412211,0.0000,1.0
2016-01-20,688.61,706.85,673.26,698.45,34.9225,3444962,0.0000,1.0
2016-01-19,703.3,709.98,693.4101,701.79,35.0895,2268078,0.0000,1.0
2016-01-15,692.29,706.74,685.37,694.45,34.7225,3608109,0.0000,1.0
2016-01-14,705.38,721.925,689.1,714.72,35.736,2225768,0.0000,1.0
2016-01-13,730.85,734.74,698.61,700.56,35.028,2501730,0.0000,1.0
2016-01-12,721.68,728.75,717.3165,726.07,36.3035,2024509,0.0000,1.0
2016-01-11,716.61,718.855,703.54,716.03,35.8015,2090621,0.0000,1.0
2016-01-08,731.45,733.23,713.0,714.47,35.7235,2450857,0.0000,1.0
2016-01-07,730.31,738.5,719.06,726.39,36.3195,2963741,0.0000,1.0
2016-01-06,730.0,747.18,728.92,743.62,37.181,1947034,0.0000,1.0
2016-01-05,746.45,752.0,738.64,742.58,37.129,1950691,0.0000,1.0
2016-01-04,743.0,744.06,731.2577,741.84,37.092,3272776,0.0000,1.0
2015-12-31,769.5,769.5,758.34,758.88,37.944,1500923,0.0000,1.0
2015-12-30,776.6,777.6,766.9,771.0,38.55,1293521,0.0000,1.0
2015-12-29,766.69,779.98,766.43,776.6,38.83,1765012,0.0000,1.0
2015-12-28,752.92,762.99,749.52,762.51,38.1255,1515716,0.0000,1.0
2015-12-24,749.55,751.35,746.62,748.4,37.42,527223,0.0000,1.0
2015-12-23,753.47,754.21,744.0,750.31,37.5155,1566726,0.0000,1.0
2015-12-22,751.65,754.85,745.53,750.0,37.5,1365520,0.0000,1.0
2015-12-21,746.13,750.0,740.0,747.77,37.3885,1525703,0.0000,1.0
2015-12-18,746.51,754.13,738.15,739.31,36.9655,3148743,0.0000,1.0
2015-12-17,762.42,762.68,749.0,749.43,37.4715,1553418,0.0000,1.0
2015-12-16,750.0,760.59,739.435,758.09,37.9045,1993251,0.0000,1.0
2015-12-15,753.0,758.08,743.01,743.4,37.17,2666229,0.0000,1.0
2015-12-14,741.79,748.73,724.17,747.77,37.3885,2421236,0.0000,1.0
2015-12-11,741.16,745.71,736.75,738.87,36.9435,2224410,0.0000,1.0
2015-12-10,752.85,755.85,743.83,749.46,37.473,1988380,0.0000,1.0
2015-12-09,759.17,764.23,737.001,751.61,37.5805,2699990,0.0000,1.0
2015-12-08,757.89,764.8,754.2,762.37,38.1185,1829475,0.0000,1.0
2015-12-07,767.77,768.73,755.09,763.25,38.1625,1812314,0.0000,1.0
2015-12-04,753.1,768.49,750.0,766.81,38.3405,2757283,0.0000,1.0
2015-12-03,766.01,768.995,745.63,752.54,37.627,2590641,0.0000,1.0
2015-12-02,768.9,775.955,758.96,762.38,38.119,2230373,0.0000,1.0
2015-12-01,747.11,768.95,746.7,767.04,38.352,2134621,0.0000,1.0
2015-11-30,748.81,754.93,741.27,742.6,37.13,2097624,0.0000,1.0
2015-11-27,748.46,753.41,747.49,750.26,37.513,838528,0.0000,1.0
2015-11-25,748.14,752.0,746.06,748.15,37.4075,1122224,0.0000,1.0
2015-11-24,752.0,755.279,737.63,748.28,37.414,2334197,0.0000,1.0
2015-11-23,757.45,762.7075,751.82,755.98,37.799,1415385,0.0000,1.0
2015-11-20,746.53,757.92,743.0,756.6,37.83,2213284,0.0000,1.0
2015-11-19,738.74,742.0,737.43,738.41,36.9205,1327879,0.0000,1.0
2015-11-18,727.58,741.41,727.0,740.0,37.0,1684259,0.0000,1.0
2015-11-17,729.29,731.845,723.027,725.3,36.265,1506733,0.0000,1.0
2015-11-16,715.6,729.49,711.33,728.96,36.448,1905893,0.0000,1.0
2015-11-13,729.17,731.15,716.73,717.0,35.85,2075504,0.0000,1.0
2015-11-12,731.0,737.8,728.645,731.23,36.5615,1837154,0.0000,1.0
2015-11-11,732.46,741.0,730.23,735.4,36.77,1366995,0.0000,1.0
2015-11-10,724.4,730.59,718.5001,728.32,36.416,1607994,0.0000,1.0
2015-11-09,730.2,734.71,719.43,724.89,36.2445,2069807,0.0000,1.0
2015-11-06,731.5,735.41,727.01,733.76,36.688,1511599,0.0000,1.0
2015-11-05,729.47,739.48,729.47,731.25,36.5625,1861550,0.0000,1.0
2015-11-04,722.0,733.1,721.9,728.11,36.4055,1706700,0.0000,1.0
2015-11-03,718.86,724.65,714.72,722.16,36.108,1565379,0.0000,1.0
2015-11-02,711.06,721.62,705.85,721.11,36.0555,1886250,0.0000,1.0
2015-10-30,715.73,718.0,710.05,710.81,35.5405,1908774,0.0000,1.0
2015-10-29,710.5,718.26,710.01,716.92,35.846,1455965,0.0000,1.0
2015-10-28,707.33,712.98,703.08,712.95,35.6475,2178917,0.0000,1.0
2015-10-27,707.38,713.62,704.55,708.49,35.4245,2245796,0.0000,1.0
2015-10-26,701.55,719.15,701.26,712.78,35.639,2716615,0.0000,1.0
2015-10-23,727.5,730.0,701.5,702.0,35.1,6653923,0.0000,1.0
2015-10-22,646.7,657.8,644.01,651.79,32.5895,4070954,0.0000,1.0
2015-10-21,654.15,655.87,641.73,642.61,32.1305,1794172,0.0000,1.0
2015-10-20,664.04,664.7197,644.195,650.28,32.514,2498215,0.0000,1.0
2015-10-19,661.18,666.82,659.58,666.1,33.305,1477340,0.0000,1.0
2015-10-16,664.11,664.97,657.2,662.2,33.11,1611128,0.0000,1.0
2015-10-15,654.66,663.13,654.46,661.74,33.087,1885737,0.0000,1.0
2015-10-14,653.21,659.39,648.85,651.16,32.558,1415468,0.0000,1.0
2015-10-13,643.15,657.8125,643.15,652.3,32.615,1807685,0.0000,1.0
2015-10-12,642.09,648.5,639.01,646.67,32.3335,1276134,0.0000,1.0
2015-10-09,640.0,645.99,635.318,643.61,32.1805,1648736,0.0000,1.0
2015-10-08,641.36,644.45,625.56,639.16,31.958,2182081,0.0000,1.0
2015-10-07,649.24,650.609,632.15,642.36,32.118,2092714,0.0000,1.0
2015-10-06,638.84,649.25,636.5295,645.44,32.272,2236847,0.0000,1.0
2015-10-05,632.0,643.01,627.0,641.47,32.0735,1803643,0.0000,1.0
2015-10-02,607.2,627.34,603.13,626.91,31.3455,2684805,0.0000,1.0
2015-10-01,608.37,612.09,599.85,611.29,30.5645,1867601,0.0000,1.0
2015-09-30,603.28,608.76,600.73,608.42,30.421,2332087,0.0000,1.0
2015-09-29,597.28,605.0,590.22,594.97,29.7485,2310284,0.0000,1.0
2015-09-28,610.34,614.605,589.38,594.89,29.7445,3110651,0.0000,1.0
2015-09-25,629.77,629.77,611.0,611.97,30.5985,2174009,0.0000,1.0
2015-09-24,616.64,627.32,612.4,625.8,31.29,2240098,0.0000,1.0
2015-09-23,622.05,628.93,620.0,622.36,31.118,1470949,0.0000,1.0
2015-09-22,627.0,627.55,615.43,622.69,31.1345,2562869,0.0000,1.0
2015-09-21,634.4,636.49,625.94,635.44,31.772,1788506,0.0000,1.0
2015-09-18,636.79,640.0,627.02,629.25,31.4625,5133386,0.0000,1.0
2015-09-17,637.79,650.9,635.02,642.9,32.145,2274690,0.0000,1.0
2015-09-16,635.47,637.95,632.32,635.98,31.799,1286454,0.0000,1.0
2015-09-15,626.7,638.7,623.78,635.14,31.757,2084397,0.0000,1.0
2015-09-14,625.7,625.86,619.43,623.24,31.162,1702271,0.0000,1.0
2015-09-11,619.75,625.78,617.42,625.77,31.2885,1373545,0.0000,1.0
2015-09-10,613.1,624.16,611.43,621.35,31.0675,1905276,0.0000,1.0
2015-09-09,621.22,626.52,609.6,612.72,30.636,1702094,0.0000,1.0
2015-09-08,612.49,616.31,604.12,614.66,30.733,2279538,0.0000,1.0
2015-09-04,600.0,603.47,595.25,600.7,30.035,2089453,0.0000,1.0
2015-09-03,617.0,619.71,602.8213,606.25,30.3125,1759572,0.0000,1.0
2015-09-02,605.68,614.34,599.71,614.34,30.717,2575620,0.0000,1.0
2015-09-01,602.36,612.86,594.1,597.79,29.8895,3702105,0.0000,1.0
2015-08-31,627.54,635.8,617.68,618.25,30.9125,2176737,0.0000,1.0
2015-08-28,632.82,636.88,624.56,630.38,31.519,1978733,0.0000,1.0
2015-08-27,639.4,643.59,622.0,637.61,31.8805,3491336,0.0000,1.0
2015-08-26,610.35,631.71,599.05,628.62,31.431,4235891,0.0000,1.0
2015-08-25,614.91,617.45,581.11,582.06,29.103,3537966,0.0000,1.0
2015-08-24,573.0,614.0,565.05,589.61,29.4805,5770302,0.0000,1.0
2015-08-21,639.78,640.05,612.33,612.48,30.624,4265183,0.0000,1.0
2015-08-20,655.46,662.99,642.9,646.83,32.3415,2855299,0.0000,1.0
2015-08-19,656.6,667.0,654.19,660.9,33.045,2134098,0.0000,1.0
2015-08-18,661.9,664.0,653.46,656.13,32.8065,1456059,0.0000,1.0
2015-08-17,656.8,661.38,651.24,660.87,33.0435,1051699,0.0000,1.0
2015-08-14,655.01,659.855,652.66,657.12,32.856,1072061,0.0000,1.0
2015-08-13,659.3225,664.5,651.661,656.45,32.8225,1810749,0.0000,1.0
2015-08-12,663.08,665.0,652.29,659.56,32.978,2940803,0.0000,1.0
2015-08-11,669.2,674.9,654.27,660.78,33.039,5029203,0.0000,1.0
2015-08-10,639.48,643.44,631.249,633.73,31.6865,1809205,0.0000,1.0
2015-08-07,640.23,642.68,629.71,635.3,31.765,1403865,0.0000,1.0
2015-08-06,645.0,645.379,632.25,642.68,32.134,1572600,0.0000,1.0
2015-08-05,634.33,647.86,633.16,643.78,32.189,2008659,0.0000,1.0
2015-08-04,628.42,634.81,627.16,629.25,31.4625,1490881,0.0000,1.0
2015-08-03,625.34,633.0556,625.34,631.21,31.5605,1304511,0.0000,1.0
2015-07-31,631.38,632.91,625.5,625.61,31.2805,1706149,0.0000,1.0
2015-07-30,630.0,635.22,622.05,632.59,31.6295,1474203,0.0000,1.0
2015-07-29,628.8,633.36,622.65,631.93,31.5965,1575069,0.0000,1.0
2015-07-28,632.83,632.83,623.31,628.0,31.4,1727327,0.0000,1.0
2015-07-27,621.0,634.3,620.5,627.26,31.363,2675381,0.0000,1.0
2015-07-24,647.0,648.17,622.52,623.56,31.178,3625747,0.0000,1.0
2015-07-23,661.27,663.63,641.0,644.28,32.214,3029109,0.0000,1.0
2015-07-22,660.89,678.64,659.0,662.1,33.105,3929309,0.0000,1.0
2015-07-21,655.21,673.0,654.3,662.3,33.115,3377196,0.0000,1.0
2015-07-20,659.24,668.88,653.01,663.02,33.151,5860872,0.0000,1.0
2015-07-17,649.0,674.468,645.0,672.93,33.6465,11164943,0.0000,1.0
2015-07-16,565.12,580.68,565.0,579.85,28.9925,4768318,0.0000,1.0
2015-07-15,560.13,566.5029,556.79,560.22,28.011,1784554,0.0000,1.0
2015-07-14,546.76,565.8487,546.71,561.1,28.055,3244066,0.0000,1.0
2015-07-13,532.88,547.11,532.4001,546.55,27.3275,2206475,0.0000,1.0
2015-07-10,526.29,532.56,525.55,530.13,26.5065,1956682,0.0000,1.0
2015-07-09,523.12,523.77,520.35,520.68,26.034,1842347,0.0000,1.0
2015-07-08,521.05,522.734,516.11,516.83,25.8415,1296699,0.0000,1.0
2015-07-07,523.13,526.18,515.18,525.02,26.251,1597229,0.0000,1.0
2015-07-06,519.5,525.25,519.0,522.86,26.143,1280525,0.0000,1.0
2015-07-02,521.08,524.65,521.08,523.4,26.17,1235903,0.0000,1.0
2015-07-01,524.73,525.69,518.2305,521.84,26.092,1961354,0.0000,1.0
2015-06-30,526.02,526.25,520.5,520.51,26.0255,2235595,0.0000,1.0
2015-06-29,525.01,528.61,520.54,521.52,26.076,1937821,0.0000,1.0
2015-06-26,537.26,537.76,531.35,531.69,26.5845,2109130,0.0000,1.0
2015-06-25,538.87,540.9,535.23,535.23,26.7615,1335697,0.0000,1.0
2015-06-24,540.0,540.0,535.66,537.84,26.892,1286608,0.0000,1.0
2015-06-23,539.64,541.499,535.25,540.48,27.024,1197450,0.0000,1.0
2015-06-22,539.59,543.74,537.53,538.19,26.9095,1250282,0.0000,1.0
2015-06-19,537.21,538.25,533.01,536.69,26.8345,1893497,0.0000,1.0
2015-06-18,531.0,538.15,530.79,536.73,26.8365,1833109,0.0000,1.0
2015-06-17,529.37,530.98,525.1,529.26,26.463,1294216,0.0000,1.0
2015-06-16,528.4,529.6399,525.56,528.15,26.4075,1071814,0.0000,1.0
2015-06-15,528.0,528.3,524.0,527.2,26.36,1632702,0.0000,1.0
2015-06-12,531.6,533.12,530.16,532.33,26.6165,955789,0.0000,1.0
2015-06-11,538.425,538.98,533.02,534.61,26.7305,1217536,0.0000,1.0
2015-06-10,529.36,538.36,529.35,536.69,26.8345,1814958,0.0000,1.0
2015-06-09,527.56,529.2,523.01,526.69,26.3345,1455266,0.0000,1.0
2015-06-08,533.31,534.12,526.24,526.83,26.3415,1524139,0.0000,1.0
2015-06-05,536.35,537.2,532.52,533.33,26.6665,1388220,0.0000,1.0
2015-06-04,537.76,540.59,534.32,536.7,26.835,1348337,0.0000,1.0
2015-06-03,539.91,543.5,537.11,540.31,27.0155,1717036,0.0000,1.0
2015-06-02,532.93,543.0,531.33,539.18,26.959,1938989,0.0000,1.0
2015-06-01,536.79,536.79,529.76,533.99,26.6995,1904332,0.0000,1.0
2015-05-29,537.37,538.63,531.45,532.11,26.6055,2597407,0.0000,1.0
2015-05-28,538.01,540.61,536.25,539.78,26.989,1029849,0.0000,1.0
2015-05-27,532.8,540.55,531.71,539.79,26.9895,1525019,0.0000,1.0
2015-05-26,538.12,539.0,529.88,532.32,26.616,2406512,0.0000,1.0
2015-05-22,540.15,544.19,539.51,540.11,27.0055,1176214,0.0000,1.0
2015-05-21,537.95,543.8399,535.98,542.51,27.1255,1462695,0.0000,1.0
2015-05-20,538.49,542.92,532.972,539.27,26.9635,1430826,0.0000,1.0
2015-05-19,533.98,540.66,533.04,537.36,26.868,1966947,0.0000,1.0
2015-05-18,532.01,534.82,528.85,532.3,26.615,2003421,0.0000,1.0
2015-05-15,539.18,539.2743,530.38,533.85,26.6925,1971343,0.0000,1.0
2015-05-14,533.77,539.0,532.41,538.4,26.92,1403935,0.0000,1.0
2015-05-13,530.56,534.3215,528.655,529.62,26.481,1253063,0.0000,1.0
2015-05-12,531.6,533.2089,525.26,529.04,26.452,1634174,0.0000,1.0
2015-05-11,538.37,541.98,535.4,535.7,26.785,905285,0.0000,1.0
2015-05-08,536.65,541.15,536.0,538.22,26.911,1527615,0.0000,1.0
2015-05-07,523.99,533.46,521.75,530.7,26.535,1546278,0.0000,1.0
2015-05-06,531.24,532.38,521.085,524.22,26.211,1566987,0.0000,1.0
2015-05-05,538.21,539.74,530.3906,530.8,26.54,1383068,0.0000,1.0
2015-05-04,538.53,544.07,535.06,540.78,27.039,1307960,0.0000,1.0
2015-05-01,538.43,539.54,532.1,537.9,26.895,1768181,0.0000,1.0
2015-04-30,547.87,548.59,535.05,537.34,26.867,2082214,0.0000,1.0
2015-04-29,550.47,553.68,546.905,549.08,27.454,1698761,0.0000,1.0
2015-04-28,554.64,556.02,550.366,553.68,27.684,1490983,0.0000,1.0
2015-04-27,563.39,565.95,553.2001,555.37,27.7685,2398039,0.0000,1.0
2015-04-24,566.1,571.14,557.25,565.06,28.253,4919031,0.0000,1.0
2015-04-23,541.0,550.96,540.23,547.0,27.35,4173376,0.0000,1.0
2015-04-22,534.4,541.08,531.75,539.365,26.96825,1589248,0.0000,1.0
2015-04-21,537.51,539.39,533.675,533.97,26.6985,1839668,0.0000,1.0
2015-04-20,525.6,536.09,524.5,535.38,26.769,1675487,0.0000,1.0
2015-04-17,528.66,529.84,521.01,524.05,26.2025,2145955,0.0000,1.0
2015-04-16,529.9,535.59,529.61,533.8,26.69,1296304,0.0000,1.0
2015-04-15,528.7,534.73,523.22,532.53,26.6265,2312512,0.0000,1.0
2015-04-14,536.25,537.5699,528.0925,530.39,26.5195,2597043,0.0000,1.0
2015-04-13,538.41,544.06,537.31,539.17,26.9585,1640809,0.0000,1.0
2015-04-10,542.29,542.29,537.31,540.01,27.0005,1405574,0.0000,1.0
2015-04-09,541.03,541.95,535.49,540.78,27.039,1553586,0.0000,1.0
2015-04-08,538.38,543.85,538.38,541.61,27.0805,1175332,0.0000,1.0
2015-04-07,538.08,542.69,536.0,537.02,26.851,1299298,0.0000,1.0
2015-04-06,532.22,538.41,529.57,536.765,26.83825,1320767,0.0000,1.0
2015-04-02,540.85,540.85,533.8467,535.53,26.7765,1711737,0.0000,1.0
2015-04-01,548.6,551.14,539.5,542.56,27.128,1957718,0.0000,1.0
2015-03-31,550.0,554.71,546.72,548.0,27.4,1583677,0.0000,1.0
2015-03-30,551.62,553.47,548.17,552.03,27.6015,1283958,0.0000,1.0
2015-03-27,553.0,555.28,548.13,548.34,27.417,1892323,0.0000,1.0
2015-03-26,557.59,558.9,550.65,555.17,27.7585,1568331,0.0000,1.0
2015-03-25,570.5,572.26,558.74,558.785,27.93925,2146384,0.0000,1.0
2015-03-24,562.56,574.59,561.21,570.19,28.5095,2576234,0.0000,1.0
2015-03-23,560.43,562.36,555.83,558.81,27.9405,1639306,0.0000,1.0
2015-03-20,561.65,561.72,559.05,560.36,28.018,2609690,0.0000,1.0
2015-03-19,559.39,560.8,556.145,557.99,27.8995,1194049,0.0000,1.0
2015-03-18,552.5,559.78,547.0001,559.5,27.975,2128714,0.0000,1.0
2015-03-17,551.71,553.8,548.0,550.84,27.542,1800570,0.0000,1.0
2015-03-16,550.95,556.85,546.0,554.51,27.7255,1636493,0.0000,1.0
2015-03-13,553.5,558.4,544.22,547.32,27.366,1698872,0.0000,1.0
2015-03-12,553.51,556.37,550.46,555.51,27.7755,1385772,0.0000,1.0
2015-03-11,555.14,558.14,550.68,551.18,27.559,1815763,0.0000,1.0
2015-03-10,564.25,564.85,554.73,555.01,27.7505,1787357,0.0000,1.0
2015-03-09,566.86,570.27,563.535,568.85,28.4425,1059336,0.0000,1.0
2015-03-06,574.88,576.6799,566.76,567.685,28.38425,1654561,0.0000,1.0
2015-03-05,575.02,577.91,573.41,575.33,28.7665,1385818,0.0000,1.0
2015-03-04,571.87,577.11,568.01,573.37,28.6685,1871694,0.0000,1.0
2015-03-03,570.45,575.39,566.52,573.64,28.682,1700084,0.0000,1.0
2015-03-02,560.53,572.15,558.75,571.34,28.567,2123796,0.0000,1.0
2015-02-27,554.24,564.71,552.9,558.4,27.92,2403553,0.0000,1.0
2015-02-26,543.21,556.14,541.5,555.48,27.774,2305219,0.0000,1.0
2015-02-25,535.9,546.22,535.445,543.87,27.1935,1821041,0.0000,1.0
2015-02-24,530.0,536.79,528.25,536.09,26.8045,1002393,0.0000,1.0
2015-02-23,536.05,536.439,529.41,531.91,26.5955,1453907,0.0000,1.0
2015-02-20,543.13,543.75,535.8,538.95,26.9475,1441212,0.0000,1.0
2015-02-19,538.04,543.11,538.01,542.87,27.1435,987478,0.0000,1.0
2015-02-18,541.4,545.49,537.51,539.7,26.985,1449089,0.0000,1.0
2015-02-17,546.83,550.0,541.09,542.84,27.142,1612439,0.0000,1.0
2015-02-13,543.35,549.91,543.13,549.01,27.4505,1895126,0.0000,1.0
2015-02-12,537.25,544.82,534.673,542.93,27.1465,1615824,0.0000,1.0
2015-02-11,535.3,538.45,533.3775,535.97,26.7985,1373970,0.0000,1.0
2015-02-10,529.3,537.7,526.92,536.94,26.847,1745076,0.0000,1.0
2015-02-09,528.0,532.0,526.02,527.83,26.3915,1264276,0.0000,1.0
2015-02-06,527.64,537.2,526.41,531.0,26.55,1758650,0.0000,1.0
2015-02-05,523.79,528.5,522.09,527.58,26.379,1844687,0.0000,1.0
2015-02-04,529.24,532.6715,521.27,522.76,26.138,1659125,0.0000,1.0
2015-02-03,528.0,533.4,523.26,529.24,26.462,2033085,0.0000,1.0
2015-02-02,531.73,533.0,518.55,528.48,26.424,2841976,0.0000,1.0
2015-01-30,515.86,539.87,515.52,534.52,26.726,5590977,0.0000,1.0
2015-01-29,511.0,511.09,501.2,510.66,25.533,4174924,0.0000,1.0
2015-01-28,522.78,522.99,510.0,510.0,25.5,1679230,0.0000,1.0
2015-01-27,529.97,530.7,518.19,518.63,25.9315,1898844,0.0000,1.0
2015-01-26,538.53,539.0,529.67,535.21,26.7605,1539524,0.0000,1.0
2015-01-23,535.59,542.17,533.0,539.95,26.9975,2275485,0.0000,1.0
2015-01-22,521.48,536.33,519.7,534.39,26.7195,2669558,0.0000,1.0
2015-01-21,507.25,519.28,506.2,518.04,25.902,2262455,0.0000,1.0
2015-01-20,511.0,512.5,506.016,506.9,25.345,2225922,0.0000,1.0
2015-01-16,500.01,508.19,500.0,508.08,25.404,2292043,0.0000,1.0
2015-01-15,505.57,505.68,497.76,501.79,25.0895,2711355,0.0000,1.0
2015-01-14,494.65,503.23,493.0,500.87,25.0435,2229638,0.0000,1.0
2015-01-13,498.84,502.98,492.39,496.18,24.809,2365687,0.0000,1.0
2015-01-12,494.94,495.976,487.56,492.55,24.6275,2320446,0.0000,1.0
2015-01-09,504.76,504.92,494.79,496.17,24.8085,2054956,0.0000,1.0
2015-01-08,497.99,503.48,491.0,502.68,25.134,3344395,0.0000,1.0
2015-01-07,507.0,507.244,499.65,501.1,25.055,2059366,0.0000,1.0
2015-01-06,515.0,516.175,501.05,501.96,25.098,2891950,0.0000,1.0
2015-01-05,523.26,524.33,513.06,513.87,25.6935,2054238,0.0000,1.0
2015-01-02,529.01,531.27,524.1,524.81,26.2405,1446662,0.0000,1.0
2014-12-31,531.25,532.6,525.8,526.4,26.32,1371819,0.0000,1.0
2014-12-30,528.09,531.15,527.13,530.42,26.521,873923,0.0000,1.0
2014-12-29,532.19,535.48,530.011,530.33,26.5165,2276104,0.0000,1.0
2014-12-26,528.77,534.25,527.31,534.03,26.7015,1037727,0.0000,1.0
2014-12-24,530.51,531.759,527.02,528.77,26.4385,704035,0.0000,1.0
2014-12-23,527.0,534.56,526.29,530.59,26.5295,2191567,0.0000,1.0
2014-12-22,516.08,526.46,516.08,524.87,26.2435,2723599,0.0000,1.0
2014-12-19,511.51,517.72,506.9106,516.35,25.8175,3680148,0.0000,1.0
2014-12-18,512.95,513.87,504.7,511.1,25.555,2918730,0.0000,1.0
2014-12-17,497.0,507.0,496.81,504.89,25.2445,2875281,0.0000,1.0
2014-12-16,511.56,513.05,489.0,495.39,24.7695,3953371,0.0000,1.0
2014-12-15,522.74,523.1,513.27,513.8,25.69,2812786,0.0000,1.0
2014-12-12,523.51,528.5,518.66,518.66,25.933,1989117,0.0000,1.0
2014-12-11,527.8,533.92,527.1,528.34,26.417,1610964,0.0000,1.0
2014-12-10,533.08,536.33,525.56,526.06,26.303,1716835,0.0000,1.0
2014-12-09,522.14,534.19,520.5,533.37,26.6685,1871268,0.0000,1.0
2014-12-08,527.13,531.0,523.79,526.98,26.349,2327127,0.0000,1.0
2014-12-05,531.0,532.89,524.28,525.26,26.263,2558649,0.0000,1.0
2014-12-04,531.16,537.34,528.59,537.31,26.8655,1392208,0.0000,1.0
2014-12-03,531.44,535.996,529.26,531.32,26.566,1279288,0.0000,1.0
2014-12-02,533.51,535.5,529.8,533.75,26.6875,1522481,0.0000,1.0
2014-12-01,538.9,541.41,531.86,533.8,26.69,2109599,0.0000,1.0
2014-11-28,540.62,542.0,536.6,541.83,27.0915,1145231,0.0000,1.0
2014-11-26,540.88,541.55,537.042,540.37,27.0185,1519503,0.0000,1.0
2014-11-25,539.0,543.98,538.602,541.08,27.054,1784967,0.0000,1.0
2014-11-24,537.65,542.7,535.62,539.27,26.9635,1701682,0.0000,1.0
2014-11-21,541.61,542.14,536.56,537.5,26.875,2218249,0.0000,1.0
2014-11-20,531.25,535.11,531.08,534.83,26.7415,1559131,0.0000,1.0
2014-11-19,535.0,538.24,530.08,536.99,26.8495,1388440,0.0000,1.0
2014-11-18,537.5,541.94,534.17,535.03,26.7515,1957664,0.0000,1.0
2014-11-17,543.58,543.79,534.061,536.51,26.8255,1721282,0.0000,1.0
2014-11-14,546.68,546.68,542.15,544.4,27.22,1285991,0.0000,1.0
2014-11-13,549.8,549.8,543.48,545.38,27.269,1335719,0.0000,1.0
2014-11-12,550.39,550.46,545.17,547.31,27.3655,1126594,0.0000,1.0
2014-11-11,548.49,551.9399,546.3,550.29,27.5145,964866,0.0000,1.0
2014-11-10,541.46,549.59,541.02,547.49,27.3745,1131546,0.0000,1.0
2014-11-07,546.21,546.21,538.67,541.01,27.0505,1629259,0.0000,1.0
2014-11-06,545.5,546.885,540.97,542.04,27.102,1329604,0.0000,1.0
2014-11-05,556.8,556.8,544.05,545.92,27.296,2026740,0.0000,1.0
2014-11-04,553.0,555.5,549.3,554.11,27.7055,1240761,0.0000,1.0
2014-11-03,555.5,557.9,553.23,555.22,27.761,1378511,0.0000,1.0
2014-10-31,559.35,559.57,554.75,559.08,27.954,2032887,0.0000,1.0
2014-10-30,548.95,552.8,543.51,550.31,27.5155,1451667,0.0000,1.0
2014-10-29,550.0,554.19,546.98,549.33,27.4665,1767107,0.0000,1.0
2014-10-28,543.0,548.98,541.62,548.9,27.445,1273372,0.0000,1.0
2014-10-27,537.03,544.41,537.03,540.77,27.0385,1184973,0.0000,1.0
2014-10-24,544.36,544.88,535.79,539.78,26.989,1972047,0.0000,1.0
2014-10-23,539.32,547.22,535.85,543.98,27.199,2345296,0.0000,1.0
2014-10-22,529.89,539.8,528.8,532.71,26.6355,2917183,0.0000,1.0
2014-10-21,525.19,526.79,519.11,526.54,26.327,2332531,0.0000,1.0
2014-10-20,509.45,521.76,508.1,520.84,26.042,2605505,0.0000,1.0
2014-10-17,527.25,530.98,508.53,511.17,25.5585,5530674,0.0000,1.0
2014-10-16,519.0,529.43,515.0,524.51,26.2255,3698423,0.0000,1.0
2014-10-15,531.01,532.8,518.3,530.03,26.5015,3712536,0.0000,1.0
2014-10-14,538.9,547.19,533.1695,537.94,26.897,2217230,0.0000,1.0
2014-10-13,544.99,549.5,533.1,533.21,26.6605,2578676,0.0000,1.0
2014-10-10,557.72,565.1299,544.05,544.49,27.2245,3078634,0.0000,1.0
2014-10-09,571.18,571.49,559.06,560.88,28.044,2519693,0.0000,1.0
2014-10-08,565.57,573.88,557.49,572.5,28.625,1987888,0.0000,1.0
2014-10-07,574.4,575.27,563.74,563.74,28.187,1906427,0.0000,1.0
2014-10-06,578.8,581.0,574.44,577.35,28.8675,1211320,0.0000,1.0
2014-10-03,573.05,577.225,572.5,575.28,28.764,1138636,0.0000,1.0
2014-10-02,567.31,571.91,563.32,570.08,28.504,1175307,0.0000,1.0
2014-10-01,576.01,577.5799,567.01,568.27,28.4135,1445027,0.0000,1.0
2014-09-30,576.93,579.85,572.85,577.36,28.868,1618437,0.0000,1.0
2014-09-29,571.75,578.19,571.17,576.36,28.818,1281204,0.0000,1.0
2014-09-26,576.06,579.25,574.66,577.1,28.855,1439807,0.0000,1.0
2014-09-25,587.55,587.98,574.18,575.06,28.753,1915643,0.0000,1.0
2014-09-24,581.46,589.63,580.52,587.99,29.3995,1721085,0.0000,1.0
2014-09-23,586.85,586.85,581.0,581.13,29.0565,1467400,0.0000,1.0
2014-09-22,593.82,593.949,583.46,587.37,29.3685,1684900,0.0000,1.0
2014-09-19,591.5,596.48,589.5,596.08,29.804,3726400,0.0000,1.0
2014-09-18,587.0,589.54,585.0,589.27,29.4635,1440600,0.0000,1.0
2014-09-17,580.01,587.5199,578.775,584.77,29.2385,1688200,0.0000,1.0
2014-09-16,572.76,581.5,572.66,579.95,28.9975,1476300,0.0000,1.0
2014-09-15,572.94,574.95,568.21,573.1,28.655,1593200,0.0000,1.0
2014-09-12,581.0,581.64,574.46,575.62,28.781,1597300,0.0000,1.0
2014-09-11,580.36,581.81,576.26,581.35,29.0675,1217700,0.0000,1.0
2014-09-10,581.5,583.5,576.94,583.1,29.155,974700,0.0000,1.0
2014-09-09,588.9,589.0,580.0,581.01,29.0505,1283700,0.0000,1.0
2014-09-08,586.6,591.77,586.3,589.72,29.486,1427100,0.0000,1.0
2014-09-05,583.98,586.55,581.95,586.08,29.304,1627900,0.0000,1.0
2014-09-04,580.0,586.0,579.22,581.98,29.099,1454200,0.0000,1.0
2014-09-03,580.0,582.99,575.0,577.94,28.897,1211800,0.0000,1.0
2014-09-02,571.85,577.83,571.19,577.33,28.8665,1574100,0.0000,1.0
2014-08-29,571.33,572.04,567.0692,571.6,28.58,1080800,0.0000,1.0
2014-08-28,569.56,573.25,567.1,569.2,28.46,1289400,0.0000,1.0
2014-08-27,577.27,578.49,570.103,571.0,28.55,1698700,0.0000,1.0
2014-08-26,581.26,581.8,576.58,577.86,28.893,1635200,0.0000,1.0
2014-08-25,584.72,585.0,579.0,580.2,29.01,1357700,0.0000,1.0
2014-08-22,583.59,585.236,580.64,582.56,29.128,786900,0.0000,1.0
2014-08-21,583.82,584.5,581.14,583.37,29.1685,912300,0.0000,1.0
2014-08-20,585.88,586.7,582.57,584.49,29.2245,1033900,0.0000,1.0
2014-08-19,585.0,587.34,584.0,586.86,29.343,976000,0.0000,1.0
2014-08-18,576.11,584.51,576.0,582.16,29.108,1280600,0.0000,1.0
2014-08-15,577.86,579.38,570.52,573.48,28.674,1515000,0.0000,1.0
2014-08-14,576.18,577.9,570.88,574.65,28.7325,982800,0.0000,1.0
2014-08-13,567.31,575.0,565.75,574.78,28.739,1437900,0.0000,1.0
2014-08-12,564.52,565.9,560.88,562.73,28.1365,1537800,0.0000,1.0
2014-08-11,569.99,570.49,566.0,567.88,28.394,1211400,0.0000,1.0
2014-08-08,563.56,570.25,560.35,568.77,28.4385,1490700,0.0000,1.0
2014-08-07,568.0,569.89,561.1,563.36,28.168,1107900,0.0000,1.0
2014-08-06,561.78,570.7,560.0,566.374,28.3187,1330700,0.0000,1.0
2014-08-05,570.05,571.98,562.61,565.07,28.2535,1547000,0.0000,1.0
2014-08-04,569.04,575.35,564.1,573.15,28.6575,1423400,0.0000,1.0
2014-08-01,570.4,575.9599,562.85,566.07,28.3035,1949900,0.0000,1.0
2014-07-31,580.6,583.6499,570.0,571.6,28.58,2097000,0.0000,1.0
2014-07-30,586.55,589.5,584.0,587.42,29.371,1013700,0.0000,1.0
2014-07-29,588.75,589.7,583.515,585.61,29.2805,1346200,0.0000,1.0
2014-07-28,588.07,592.5,584.7533,590.6,29.53,984100,0.0000,1.0
2014-07-25,590.4,591.86,587.03,589.02,29.451,929900,0.0000,1.0
2014-07-24,596.45,599.5,591.77,593.35,29.6675,1032300,0.0000,1.0
2014-07-23,593.23,597.85,592.5,595.98,29.799,1229800,0.0000,1.0
2014-07-22,590.72,599.65,590.6,594.74,29.737,1694500,0.0000,1.0
2014-07-21,591.75,594.4,585.2326,589.47,29.4735,2056500,0.0000,1.0
2014-07-18,593.0,596.8,582.0,595.08,29.754,4003200,0.0000,1.0
2014-07-17,579.53,580.99,568.61,573.7299,28.686495,3008300,0.0000,1.0
2014-07-16,588.0,588.4,582.2,582.66,29.133,1393300,0.0000,1.0
2014-07-15,585.74,585.8045,576.56,584.78,29.239,1618600,0.0000,1.0
2014-07-14,582.6,585.21,578.03,584.87,29.2435,1849000,0.0000,1.0
2014-07-11,571.91,580.85,571.42,579.18,28.959,1617300,0.0000,1.0
2014-07-10,565.91,576.59,565.01,571.1,28.555,1353000,0.0000,1.0
2014-07-09,571.58,576.72,569.376,576.08,28.804,1113700,0.0000,1.0
2014-07-08,577.66,579.5284,566.135,571.09,28.5545,1904300,0.0000,1.0
2014-07-07,583.76,586.4299,579.59,582.25,29.1125,1061700,0.0000,1.0
2014-07-03,583.35,585.01,580.92,584.73,29.2365,712200,0.0000,1.0
2014-07-02,583.35,585.4399,580.39,582.335,29.11675,1053500,0.0000,1.0
2014-07-01,578.32,584.4,576.65,582.67,29.1335,1444000,0.0000,1.0
2014-06-30,578.66,579.57,574.75,575.28,28.764,1310200,0.0000,1.0
2014-06-27,577.18,579.87,573.8,577.24,28.862,2230800,0.0000,1.0
2014-06-26,581.0,582.45,571.85,576.0,28.8,1737200,0.0000,1.0
2014-06-25,565.26,579.96,565.22,578.65,28.9325,1964000,0.0000,1.0
2014-06-24,565.19,572.646,561.01,564.62,28.231,2201100,0.0000,1.0
2014-06-23,555.15,565.0,554.25,564.95,28.2475,1532600,0.0000,1.0
2014-06-20,556.85,557.58,550.3915,556.36,27.818,4496000,0.0000,1.0
2014-06-19,554.24,555.0,548.51,554.9,27.745,2450100,0.0000,1.0
2014-06-18,544.86,553.56,544.0,553.37,27.6685,1737000,0.0000,1.0
2014-06-17,544.2,545.32,539.33,543.01,27.1505,1440600,0.0000,1.0
2014-06-16,549.26,549.62,541.52,544.28,27.214,1697900,0.0000,1.0
2014-06-13,552.26,552.3,545.56,551.76,27.588,1217200,0.0000,1.0
2014-06-12,557.3,557.99,548.46,551.35,27.5675,1454500,0.0000,1.0
2014-06-11,558.0,559.88,555.0201,558.84,27.942,1097100,0.0000,1.0
2014-06-10,560.51,563.6,557.9,560.55,28.0275,1348000,0.0000,1.0
2014-06-09,557.15,562.9,556.04,562.12,28.106,1463500,0.0000,1.0
2014-06-06,558.06,558.06,548.93,556.33,27.8165,1732000,0.0000,1.0
2014-06-05,546.4,554.95,544.45,553.9,27.695,1684500,0.0000,1.0
2014-06-04,541.5,548.61,538.75,544.66,27.233,1811500,0.0000,1.0
2014-06-03,550.99,552.34,542.55,544.94,27.247,1861500,0.0000,1.0
2014-06-02,560.7,560.9,545.73,553.93,27.6965,1431100,0.0000,1.0
2014-05-30,560.8,561.35,555.91,559.89,27.9945,1766300,0.0000,1.0
2014-05-29,563.35,564.0,558.71,560.08,28.004,1350400,0.0000,1.0
2014-05-28,564.57,567.84,561.0,561.68,28.084,1647500,0.0000,1.0
2014-05-27,556.0,566.0,554.35,565.95,28.2975,2098400,0.0000,1.0
2014-05-23,547.26,553.64,543.7,552.7,27.635,1926900,0.0000,1.0
2014-05-22,541.13,547.5999,540.78,545.06,27.253,1611400,0.0000,1.0
2014-05-21,532.9,539.1828,531.91,538.94,26.947,1193000,0.0000,1.0
2014-05-20,529.74,536.23,526.3,529.77,26.4885,1779900,0.0000,1.0
2014-05-19,519.7,529.78,517.583,528.86,26.443,1274300,0.0000,1.0
2014-05-16,521.39,521.8,515.44,520.63,26.0315,1481200,0.0000,1.0
2014-05-15,525.7,525.87,517.42,519.98,25.999,1699700,0.0000,1.0
2014-05-14,533.0,533.0,525.29,526.65,26.3325,1188500,0.0000,1.0
2014-05-13,530.89,536.07,529.51,533.09,26.6545,1648900,0.0000,1.0
2014-05-12,523.51,530.19,519.01,529.92,26.496,1907300,0.0000,1.0
2014-05-09,510.75,519.9,504.2,518.73,25.9365,2432800,0.0000,1.0
2014-05-08,508.46,517.23,506.45,511.0,25.55,2015800,0.0000,1.0
2014-05-07,515.79,516.68,503.3,509.96,25.498,3215500,0.0000,1.0
2014-05-06,525.23,526.81,515.06,515.14,25.757,1684400,0.0000,1.0
2014-05-05,524.82,528.9,521.32,527.81,26.3905,1021300,0.0000,1.0
2014-05-02,533.76,533.9999,525.61,527.93,26.3965,1683900,0.0000,1.0
2014-05-01,527.11,532.93,523.88,531.35,26.5675,1900300,0.0000,1.0
2014-04-30,527.6,528.0,522.52,526.66,26.333,1746400,0.0000,1.0
2014-04-29,516.9,529.46,516.32,527.7,26.385,2691700,0.0000,1.0
2014-04-28,517.18,518.6,502.8,517.15,25.8575,3326400,0.0000,1.0
2014-04-25,522.51,524.7,515.42,516.18,25.809,2094600,0.0000,1.0
2014-04-24,530.07,531.65,522.12,525.16,26.258,1878000,0.0000,1.0
2014-04-23,533.79,533.87,526.25,526.94,26.347,2046700,0.0000,1.0
2014-04-22,528.64,537.23,527.51,534.81,26.7405,2358900,0.0000,1.0
2014-04-21,536.1,536.7,525.6,528.62,26.431,2559700,0.0000,1.0
2014-04-17,548.81,549.5,531.15,536.1,26.805,6790900,0.0000,1.0
2014-04-16,543.0,557.0,540.0,556.54,27.827,4879900,0.0000,1.0
2014-04-15,536.82,538.45,518.4601,536.44,26.822,3844500,0.0000,1.0
2014-04-14,538.25,544.1,529.561,532.52,26.626,2568000,0.0000,1.0
2014-04-11,532.55,540.0,526.53,530.6,26.53,3914100,0.0000,1.0
2014-04-10,565.0,565.0,539.9,540.95,27.0475,4025800,0.0000,1.0
2014-04-09,559.62,565.37,552.95,564.14,28.207,3321700,0.0000,1.0
2014-04-08,542.6,555.0,541.61,554.9,27.745,3142600,0.0000,1.0
2014-04-07,540.74,548.48,527.15,538.15,26.9075,4389600,0.0000,1.0
2014-04-04,574.65,577.77,543.0,543.14,27.157,6351900,0.0000,1.0
2014-04-03,569.85,587.28,564.13,569.74,28.487,5085200,0.0000,1.0
2014-04-02,565.106,604.83,562.19,567.0,28.35,146700,0.0000,1.0
2014-04-01,558.71,568.45,558.71,567.16,28.358,7900,0.0000,1.0
2014-03-31,566.89,567.0,556.93,556.97,27.8485,10800,0.0000,1.0
2014-03-28,561.2,566.43,558.67,559.99,27.9995,41100,0.0000,1.0
2014-03-27,568.0,568.0,552.92,558.46,27.923,13100,0.0000,1.0
