Date,SMA,EMA,STOCH_k,STOCK_d,RSI,MFI,SAR,AD,SPY,NDAQ
2010-01-08,14.751428571428573,15.595165940080427,1853.4378378378378,1842.3784053081538,71.52014652014653,64.85584329262184,18.96,5683360142.531822,89.0135,5.5946
2010-01-15,14.96142857142857,15.797143814736373,1709.4378378378378,1809.7704665423205,62.20930232558139,64.73716056112025,18.943,5377703105.018693,88.291,5.5753
2010-01-22,15.192857142857141,15.88552463943819,1644.4378378378378,1735.771171171171,63.79897785349234,65.60855584066252,18.984260000000003,5134272305.967102,84.8492,5.072
2010-01-29,15.352857142857143,15.819454687513097,1537.4378378378378,1630.4378378378378,58.791208791208796,63.53969886292201,19.036745200000002,4958846616.863155,83.4351,4.9752
2010-02-05,15.657142857142858,15.872860729178019,1620.4378378378378,1600.771171171171,67.20516962843294,70.04446181918304,19.114480104000002,5144050632.960967,82.868,5.1992
2010-02-12,15.956428571428573,16.069812631954285,1733.0513219284605,1630.3089992013786,67.01868399675061,69.79665287884194,19.190369706080002,5381492116.874871,83.9401,5.0581
2010-02-19,16.17214285714286,16.13783761436038,1656.05132192846,1669.846827231586,61.90851735015772,62.39971170394172,19.2567171002016,5191264508.700613,86.3486,5.1521
2010-02-26,16.407857142857143,16.14612593244566,1618.0513219284603,1669.0513219284603,63.30645161290322,61.88212788319401,19.317651442205634,5014516326.842144,86.0379,5.1521
2010-03-05,16.720714285714287,16.28264247478624,1714.97124600639,1663.0246299544367,66.5158371040724,65.79680129694029,19.388804471049745,5245056299.609704,88.7649,5.5393
2010-03-12,16.934285714285714,16.411623478148076,1721.0880829015543,1684.7035502788015,62.59477674810446,66.04349272053385,19.45498056047074,5465987189.581565,89.705,5.614
2010-03-19,17.080000000000002,16.523407014395,1721.023622047244,1719.027650318396,59.340659340659336,64.63304222270773,19.507080171680155,5465987189.581565,90.4745,5.8159
2010-03-26,17.117142857142856,16.632286079142336,1730.023622047244,1724.045108998681,52.765957446808514,57.37267109070781,19.557221775113756,5620743981.7529545,90.9504,5.8214
2010-04-01,17.055,16.71064793525669,1718.023622047244,1723.023622047244,44.72727272727273,53.291446924583084,19.60776621061603,5486099189.581565,91.9021,5.8491
2010-04-09,16.934285714285714,16.747894877222468,1695.0236220472439,1714.3569553805773,39.29024081115335,45.45745713019052,19.65912153482835,5387334334.252281,93.2674,6.0592
2010-04-16,16.827857142857145,16.789508893592807,1701.7681564245809,1704.9384668396895,40.485312899106,47.42274085539566,19.71730396552492,5426958956.478117,93.1192,5.9182
2010-04-23,16.78,16.742907707780432,1639.2507836990599,1678.6808540569616,45.221112696148374,46.606368604371525,19.778050044835418,5430538105.438723,95.0306,6.2722
2010-04-30,16.726428571428574,16.605186680076375,1566.2507836990596,1635.7565746075668,44.71086036671368,45.87383257091918,19.851611045732128,5528006956.217509,92.6901,5.8076
2010-05-07,16.624285714285712,16.25249512273286,1393.5396226415094,1533.0137300132094,40.797940797940804,44.33916324879457,19.93464326664677,5677216898.545591,86.7999,5.2877
2010-05-14,16.39142857142857,15.813495773035145,1293.8048780487804,1417.8650947964497,29.47103274559197,35.421804953341834,20.072536131979707,5944600915.96661,88.8517,5.4315
2010-05-21,16.06142857142857,15.402363003297125,1271.1026856240126,1319.4823954381006,17.187500000000014,28.367210571543126,20.2219868546193,6185703618.003014,85.1226,5.1909
2010-05-28,15.815714285714288,15.10071460285751,1312.1741140215715,1292.360559231455,24.251497005988043,34.77481198751438,20.386226591711686,5999342970.512065,85.3254,5.1411
2010-06-04,15.522499999999999,14.699952655809842,1207.6741140215715,1263.6503045557185,22.05582028590878,35.13497565338261,20.55695112354592,6239237789.29931,83.3361,5.0968
2010-06-11,15.125357142857144,14.28795896836853,1159.54484605087,1226.4643580313377,9.475218658892118,29.747861573945485,20.72749014601684,6471862222.792438,85.5673,5.296
2010-06-18,14.771785714285715,14.02289777258606,1228.54484605087,1198.5879353744372,16.867469879518083,28.784963304469557,20.924639948937177,6295285008.942167,87.5811,5.3015
2010-06-25,14.33107142857143,13.630511402907919,1106.5027548209366,1164.8641489742256,14.499424626006913,22.49976285732174,21.11653274791592,6535692542.910781,84.5554,5.2241
2010-07-02,13.824642857142859,13.179776549186863,1023.7970838396112,1119.6148949038059,12.407211028632048,22.668391192041355,21.320863402874238,6814074244.526453,80.1109,4.7843
2010-07-09,13.333928571428572,12.802473009295284,1033.797083839611,1054.6989741667196,13.496280552603622,22.591579239339012,21.549280670931722,6529612497.456235,84.6259,5.0332
2010-07-16,12.838214285714287,12.435476608055913,1003.7970838396113,1020.463750506278,13.396624472573862,29.908536730021922,21.779266284350356,6929578232.961826,83.6069,4.8687
2010-07-23,12.359642857142857,12.158746393648459,1034.658536585366,1024.084234754863,15.534979423868307,19.628005102715775,22.014651610037365,6501819256.360344,86.5464,5.1521
2010-07-30,11.841785714285715,11.762913541161998,917.8680203045685,985.4412135765152,14.703018500486863,19.82784197166535,22.252944642238113,7037073990.104684,86.4367,5.3845
2010-08-06,11.401785714285714,11.467858402340399,953.734664764622,968.753740551519,18.888888888888886,20.460664772665382,22.519603535082876,6581167123.027011,88.0984,5.5891
2010-08-13,11.075357142857143,11.19081061536168,937.6972891566265,936.433324741939,22.503008423586053,21.621452126575548,22.792595605784534,6976856519.807653,84.9003,5.5144
2010-08-20,10.861785714285714,11.028035866646789,995.2164948453609,962.2161495888698,31.051964512040556,30.674436004475695,23.075447517900226,6648921190.823621,84.2889,5.3955
2010-08-27,10.675357142857141,10.906964417760552,1010.2164948453607,981.0434262824493,33.29065300896286,38.371181428459955,23.35635646825823,6384992451.449978,83.7637,5.1273
2010-09-03,10.443857142857143,10.772569162059145,987.9605381165918,997.7978426024378,28.736386301010356,30.522617278611364,23.633883597623395,6601380282.362083,86.9226,5.307
2010-09-10,10.299214285714285,10.678893273784592,1004.8045685279188,1000.9938671632904,34.99333036905291,36.42503349974756,23.920561269575863,6361087831.777847,87.3851,5.2434
2010-09-17,10.2235,10.661707503946646,1052.8045685279187,1015.1898917241432,42.13883120735688,42.55976888551539,24.20197249496738,6133148973.574564,88.6488,5.3727
2010-09-24,10.220642857142858,10.874813170087092,1223.8045685279187,1093.8045685279187,49.74233444988404,45.29397343833894,24.481111944866726,6037975327.803713,90.485,5.578
2010-10-01,10.23992857142857,10.93817141407548,1132.6684636118598,1136.4258668892326,51.811594202898554,44.17394329518387,24.76173418376406,6226912697.210928,90.3195,5.3374
2010-10-08,10.2835,10.927748558865417,1083.6684636118598,1146.7138319172127,54.28852643419572,43.36716931305794,25.03176886743934,6430239752.332429,91.8405,5.4978
2010-10-15,10.350607142857143,10.97598208435003,1126.6184636118599,1114.31846361186,56.312571390176714,48.605551658975685,25.324804244788126,6268919124.452308,92.7546,5.5061
2010-10-22,10.475607142857141,11.085851139770027,1177.6684636118598,1129.3184636118597,61.43491897543125,48.5695445770661,25.61870032968389,6197490071.829918,93.2668,5.7129
2010-10-29,10.594214285714287,11.21047098780069,1199.7184636118598,1168.001796945193,60.978512396694214,54.829398775304,25.91267433627757,6143897082.891739,93.3772,5.838
2010-11-05,10.838142857142858,11.396408189427266,1258.374692874693,1211.9205400328042,74.4732693134585,63.37272437621398,26.19752782300312,6146041587.5433035,96.7107,6.1394
2010-11-12,11.103142857142856,11.64488709750363,1324.2803180914514,1260.791158192668,75.508800880088,71.28237095856991,26.482678379463184,6198643987.939549,94.7248,5.9486
2010-11-19,11.414714285714286,11.925835484503148,1373.3069182389938,1318.6539764017127,78.68227248816413,79.03702255738833,26.76693194705245,6337257079.4833355,94.7957,6.0724
2010-11-26,11.674000000000001,12.149057419902729,1357.9515418502203,1351.8462593935553,75.29264214046822,78.17650446105009,27.050670585993497,6197182599.939549,93.6215,5.9486
2010-12-03,12.007571428571428,12.501183097249031,1477.3060109289618,1402.8548236727254,78.4201557935735,78.31310239595199,27.324883997713368,6411032679.4833355,96.8446,6.259
2010-12-10,12.368178571428572,12.827358684282494,1492.9525547445255,1442.7367025079027,80.96289481754062,84.49242349797791,27.604181677667636,6636228541.413486,98.0977,6.3164
2010-12-17,12.675321428571428,13.033044193044828,1434.985250737463,1468.4146054703167,75.1197569809557,77.40010043056479,27.86726531122099,6452418303.7257595,98.4702,6.499
2010-12-23,12.987464285714285,13.284638300638852,1489.9030303030304,1472.6136119283394,75.32158998725228,77.07206095252052,28.14201061744541,6661754470.746819,99.5001,6.5875
2010-12-31,13.21175,13.566686527220337,1537.9404761904761,1487.6095857436565,71.21908365995404,75.21556827209497,28.41885082979432,6899446600.730841,99.6189,6.5626
2011-01-07,13.82032142857143,14.407128323590959,1985.9130890052356,1671.2521984995808,88.87215986860113,86.84981590438323,28.695027846390207,7355430361.313532,100.7201,6.4658
2011-01-14,14.729607142857143,15.63151121377883,2358.203745318352,1960.6857701713545,94.85869335400662,94.9076830881035,28.960528403318012,8064585571.246873,102.4312,6.7396
2011-01-21,15.510285714285715,16.509843051941655,2221.0638591117918,2188.3935644784597,86.11744489607085,95.28440660306717,29.152538971384374,7419360264.517952,101.6945,6.7202
2011-01-28,16.36457142857143,17.4765306450161,2375.127802690583,2318.1318023735753,87.0026607264402,95.68482579465801,29.29978975081206,8027810087.188902,101.1795,6.7755
2011-02-04,17.339535714285716,18.56899322568062,2566.160927617709,2387.450863140028,88.23282261001093,96.00266137857794,29.4261855458283,8714607904.062752,103.8968,7.3452
2011-02-11,18.11560714285714,19.222460795589875,2346.1172661870505,2429.135332165114,77.90763382307613,85.61810010593314,29.546509256744866,8067788620.522236,105.4495,7.7766
2011-02-18,18.99917857142857,20.07679935617789,2562.074319352465,2491.4508377190746,79.49310953221114,87.06201745746151,29.69003944187976,8878944308.557133,106.5744,8.0449
2011-02-25,19.668321428571428,20.48255944202084,2310.9602494154324,2406.3839449849825,70.37496193831832,79.8609888026243,29.834840230717358,8083730256.885872,104.8316,7.8568
2011-03-04,20.179392857142854,20.518884849751394,2074.4570647931305,2315.8305445203428,64.19530196016188,72.92137290477761,29.995937035331703,7394072745.887394,104.9425,7.749
2011-03-11,20.41225,20.189700203117876,1803.8264119601329,2063.081242056232,56.100984391960175,66.10204421253816,30.191055776038336,6847765872.840723,103.6512,7.5194
2011-03-18,20.60314285714286,19.847073509368826,1760.8264119601329,1879.7032962377987,54.95099946275403,61.12286932817845,30.4416768915591,6338987766.867223,101.6496,6.8557
2011-03-25,20.90742857142857,19.68479704145298,1861.7952822240943,1808.8160353814535,57.767485960177964,64.81781821045712,30.710310429390283,6889537126.782632,104.4661,6.9967
2011-04-01,21.141714285714283,19.486824102592582,1818.73615916955,1813.7859511179258,56.0068859424218,66.00894492816767,30.983716637978088,6419991418.938229,105.938,7.807
2011-04-08,21.295285714285715,19.228580888913573,1753.5655813953488,1811.3656742629976,53.91307513104251,63.00688082144037,31.244390970737648,6003910287.689569,105.7073,7.8679
2011-04-15,21.212428571428575,19.159436770391764,1869.1980728051392,1813.833271123346,47.599536462213386,61.260291897105695,31.5230787901524,6505247466.3315935,105.0549,7.8015
2011-04-21,20.850285714285715,19.07417853433953,1850.1980728051392,1824.3205756685422,37.71326095385809,55.75466249090488,31.81694036595545,5979506315.858583,106.4392,7.6162
2011-04-29,20.691785714285714,19.197621396427596,1998.1980728051392,1905.8647394718057,44.65069186635167,54.459537458925745,32.10267917327456,6548053513.89916,108.5477,7.5001
2011-05-06,20.374642857142856,19.213938543570585,1930.1980728051392,1926.1980728051392,38.83299798792756,47.57316630339141,32.37293275674005,5981087169.069592,106.7734,7.3535
2011-05-13,19.845357142857143,19.086746737761175,1824.166666666667,1917.5209374256483,30.530740935365202,39.832289123652636,32.65539141187485,5530334277.573358,106.6461,7.442
2011-05-20,19.461071428571433,18.953847172726352,1807.1666666666667,1853.8438020461574,34.17647058823529,41.652375773804266,32.946099240112346,5007288886.077123,106.304,7.0521
2011-05-27,19.023214285714285,19.026667549696175,1947.9041095890411,1859.7458143074582,31.13846153846154,34.795812407247624,33.2626212249146,5608215853.379892,106.2244,7.0161
2011-06-03,18.690357142857142,18.95111187640335,1843.4805389221558,1866.1837717259543,34.235453315290926,41.40675026719595,33.57587364941289,5076927636.077123,103.7659,6.6732
2011-06-10,18.430714285714284,18.706963626216236,1708.051886792453,1833.1455117678834,36.78662304616503,44.63925949228475,33.87999112240115,4585180456.408761,101.5223,6.5819
2011-06-17,18.270357142857144,18.320035142720737,1577.5614203454895,1709.6979486866994,40.92195713708046,47.58732710694392,34.22279094484917,4156062390.767549,101.584,6.5736
2011-06-24,18.13607142857143,17.976030457024642,1571.0614203454895,1618.8915758278108,42.166666666666664,50.05035209004581,34.601046763746155,3748710408.8452373,101.3921,6.4685
2011-07-01,17.958571428571428,17.73189306275469,1611.874558303887,1586.8324663316223,39.09609477841159,41.660787453158385,34.98506769902108,4246161650.0268083,107.077,7.2235
2011-07-08,17.760714285714283,17.424973987720733,1540.374558303887,1574.4368456510877,38.14212328767124,34.19972436559114,35.3875690530015,3797760923.130952,107.4608,7.0161
2011-07-15,17.514285714285716,16.981644122691304,1407.9418777943367,1520.0636648007032,36.043689320388346,34.89444802675382,35.78932043406153,3409572507.745887,105.294,6.5515
2011-07-22,17.249285714285715,16.71742490633246,1498.0260869565218,1482.1141743515818,34.669421487603316,33.2735932399017,36.22890684274276,3889930667.186896,107.6047,6.6925
2011-07-29,16.914285714285715,16.332434918821466,1381.0389610389611,1429.0023085966066,32.07186544342508,28.007514294877268,36.681084979597614,3459267314.1974998,103.407,6.6566
2011-08-05,16.410714285714285,15.881443596311938,1293.409090909091,1390.8247129681913,21.754807692307693,20.34784575350392,37.142906679189565,3129454182.7908373,96.0111,6.3026
2011-08-12,15.950714285714286,15.48125111680368,1286.6332179930796,1320.3604233137105,22.872788542544228,19.527209712577104,37.63376481277336,2861411881.948959,94.444,6.3524
2011-08-19,15.484285714285715,14.981084301229856,1171.6130952380952,1250.5518013800886,22.700668896321062,20.77109828826073,38.14944010902882,2677372551.9642234,90.0624,5.8629
2011-08-26,15.12142857142857,14.718273061065876,1299.6130952380952,1252.61980282309,30.566182096403978,27.005893605569852,38.6794289112094,2923603225.154534,94.324,6.286
2011-09-02,14.651428571428571,14.478503319590427,1290.6130952380952,1253.9464285714284,22.0,25.376169240275587,39.216917489433584,2743354088.32786,94.2281,6.239
2011-09-09,14.324285714285713,14.398702876978371,1386.3237410071943,1325.5166438277947,30.377035132819188,25.01603961099167,39.744855839222254,2956779291.5262156,92.6849,6.156
2011-09-16,14.205714285714285,14.540209160047922,1544.015332197615,1406.9840561476349,43.03106633081445,33.72902208056398,40.292152956006696,3234230060.284737,97.6621,6.9885
2011-09-23,14.061785714285714,14.440181272041533,1376.5034287673582,1435.6141673240556,41.78556869139828,33.956672831029636,40.82419601512683,3016242864.4234123,91.2488,6.7451
2011-09-30,13.831071428571429,14.182823769102662,1248.4838012958962,1389.667520753623,38.01928783382789,33.71538660067583,41.37567993542937,2909092744.117643,90.9354,6.3994
2011-10-07,13.688571428571427,14.17844726655564,1412.6153846153845,1345.867538226213,43.22120285423038,41.191162442750866,41.95339353413795,3117699182.7625127,92.9928,6.6677
2011-10-14,13.709285714285713,14.383987631014888,1569.5226781857452,1410.207288032342,50.93127809890816,46.908821267917276,42.56306140482071,3394746254.740716,98.506,7.041
2011-10-21,13.736428571428572,14.396789280212904,1445.5226781857452,1475.8869136622916,51.22739018087856,47.44815326089489,43.12712263291712,3146149312.2961917,99.6311,6.9442
2011-10-28,13.779285714285715,14.557217376184518,1557.5226781857452,1524.1893448524118,51.910828025477706,46.37400677168678,43.712865085575466,3449651491.1043525,103.3521,7.1046
2011-11-04,13.85,14.592255059359918,1479.5226781857452,1494.1893448524118,53.23318092749837,45.9483590478492,44.303122387286976,3095208080.9708905,100.8447,6.9967
2011-11-11,13.995000000000001,14.643954384778596,1495.5226781857452,1510.8560115190785,56.95681973954764,54.28954495177886,44.91858483503272,3522265978.37708,101.793,7.3314
2011-11-18,14.069999999999999,14.548760466808117,1390.5226781857452,1455.1893448524118,53.371868978805395,58.91459453029895,45.53555653173337,3146826222.299304,98.0318,7.0991
2011-11-25,14.235000000000001,14.48092573790037,1401.5226781857452,1429.1893448524118,57.94907088781831,58.19392707426367,46.170767662368036,3488634468.738526,93.4991,6.7893
2011-12-02,14.42857142857143,14.646135639513654,1569.5226781857452,1453.8560115190785,59.075686537173475,58.28487737713757,46.8241830156154,3875238482.274522,100.3464,7.1627
2011-12-09,14.569999999999999,14.679984220911834,1487.5226781857452,1486.1893448524118,56.32183908045977,52.83454919982223,47.4706666759277,3513190259.5077567,101.3028,7.0576
2011-12-16,14.543571428571429,14.523986324790258,1348.5226781857452,1468.5226781857452,48.85021752641392,46.69305734151378,48.13258000944626,3213079371.434869,98.3373,6.6455
2011-12-23,14.45142857142857,14.476788148151558,1414.495633187773,1416.8469965197544,45.748187211601845,38.38966785278199,48.826631609635186,3549903540.1279116,102.2194,6.8281
2011-12-30,14.456428571428573,14.394549728398015,1383.495633187773,1382.1713148537638,50.253439536567704,43.48717663651543,49.540964241827886,3219977204.7682023,101.4996,6.7783
2012-01-06,14.601428571428572,14.413943097944946,1451.495633187773,1416.495633187773,57.68357305071915,50.17519009366504,50.258783526664445,3571026856.4069815,103.2869,6.7561
2012-01-13,14.571428571428571,14.32275068488562,1368.5408163265306,1401.177360900692,48.30371567043618,41.658895294678146,50.98555919719773,3279231906.49234,104.2009,6.8585
2012-01-20,14.464285714285714,14.309050593567537,1417.5408163265306,1412.525755280278,43.36283185840708,39.62954511411811,51.73207038114168,3597585652.4069815,106.7161,7.0078
2012-01-27,14.495,14.389177181091865,1486.5408163265306,1424.2074829931971,51.99999999999999,48.87236812279423,52.496711788764514,3958445531.935068,106.611,7.1876
2012-02-03,14.510714285714286,14.579953556946284,1577.5408163265306,1493.874149659864,51.04364326375712,48.50413985155104,53.265646024539805,4368554500.936839,108.8108,6.9331
2012-02-10,14.5875,14.75529308268678,1585.7649572649573,1549.9488633060062,55.465175394001015,56.80938818025317,54.0423589450306,4762794794.93861,108.6652,7.1903
2012-02-17,14.64964285714286,14.90125400499521,1581.5408970976252,1581.6155568963711,54.47530864197531,43.98796810666757,54.814006123931215,4381934048.305261,110.3232,7.4143
2012-02-24,14.7825,15.019753470995848,1575.5408970976252,1580.9489171534024,60.65292096219931,44.85349621999281,55.61028624640984,4021157432.2274666,110.7437,7.3812
2012-03-02,14.878214285714288,15.067786341529736,1534.5408970976252,1563.8742304309587,57.41971207087487,45.211097260465195,56.41049197133804,3666666139.2265954,111.0511,7.2208
2012-03-09,14.813928571428571,15.034748162659106,1478.5408970976252,1529.5408970976252,44.310998735777495,37.67165775407569,57.2359018107648,3320128131.94001,111.2613,7.2263
2012-03-16,14.7925,14.976781740971226,1456.5408970976252,1489.8742304309587,47.94801641586867,38.14322600448558,58.091419846980095,2982679761.017061,113.9657,7.359
2012-03-23,14.866428571428571,14.919210842175064,1451.0408970976252,1462.0408970976252,58.66108786610879,38.775282686546475,58.9668482439197,2635115292.054897,113.4378,7.3673
2012-03-30,14.953928571428571,14.982649396551723,1535.5294117647059,1481.0370686533188,59.93511759935118,45.36181320487237,59.86138520879809,3032565851.442593,114.38,7.1627
2012-04-05,15.008928571428571,14.935629477011494,1459.0294117647059,1481.8665735423456,55.815709969788536,42.139057272101496,60.76761291297405,2671292610.1213555,113.5515,7.0576
2012-04-13,14.981785714285715,14.832212213409962,1412.0294117647059,1468.862745098039,47.035881435257416,37.16832245907355,61.691765171233534,2347693192.680715,111.3989,6.7949
2012-04-20,14.9575,14.639917251621968,1335.225988700565,1402.094937409992,47.33124018838305,37.41857374005134,62.64380047465821,2082644388.0060318,112.0568,6.9248
2012-04-27,14.868928571428572,14.418594951405705,1294.9277108433735,1347.3943704362148,40.143084260731314,30.806821888266015,63.62947648415137,1839036900.791666,114.0389,6.9525
2012-05-04,14.679642857142857,14.130782291218278,1223.3577586206898,1284.5038193882094,29.034810126582272,21.74677442688845,64.64706601383439,1653419013.5773,111.2852,6.546
2012-05-11,14.493214285714286,14.008011319055841,1318.4644351464435,1278.916634870169,29.48113207547169,23.264921173364684,65.69480733411108,1875000795.663461,110.1561,6.4602
2012-05-18,14.220714285714285,13.750943143181729,1205.5368852459017,1249.119693004345,24.275118004045865,16.051852153733094,66.7663034807933,1708517253.5773,105.3879,6.0814
2012-05-25,13.974285714285715,13.570817390757497,1237.369299221357,1253.790206537901,27.568270481144353,17.85895457690964,67.86122955040916,1910262658.7840285,107.3049,6.1007
2012-06-01,13.702142857142857,13.358708405323165,1194.916558018253,1212.6075808285038,26.33540372670808,18.196402003962746,68.98195414141735,1743968872.6249192,104.1044,5.9127
2012-06-08,13.469285714285714,13.19354728461341,1208.9870466321242,1213.7576346239114,29.048843187660665,19.237930498729384,70.1223932242457,1908729884.5266027,108.1172,6.1173
2012-06-15,13.28857142857143,13.073074313331624,1225.9870466321242,1209.9635504275004,32.88227334235452,26.96962643366078,71.2922410887306,2068360428.135603,109.5211,5.9765
2012-06-22,13.173928571428572,13.062664404887407,1296.4870466321242,1243.8203799654577,39.80952380952381,36.57047870040636,72.47988591050522,2238735934.869603,108.9659,6.0572
2012-06-29,13.122142857142858,13.163642484235753,1378.9870466321242,1300.4870466321242,45.80682475419318,43.75742558007444,73.68748362871533,2471270367.8809757,111.1213,6.3076
2012-07-06,12.979642857142858,13.195156819670986,1336.9869685743154,1337.4870206128546,37.85757760194766,41.45240554732906,74.91163330128964,2258440988.715757,110.6233,6.1824
2012-07-13,12.831428571428571,13.109802577048187,1251.7843450479234,1322.5861200847876,37.4924653405666,41.31713695329143,76.14486596731544,2074187558.9176269,110.8356,6.277
2012-07-20,12.734642857142857,13.069162233441762,1276.1441947565543,1288.3051694595977,41.60990712074304,47.656323309053,77.42206328666175,2262663451.215757,111.4234,6.2242
2012-07-27,12.740714285714287,13.123273935649529,1342.376651982379,1290.1017305956188,50.532915360501555,54.44839426576233,78.72730455239498,2495803688.051702,113.2278,6.469
2012-08-03,12.793571428571427,13.202837410896258,1366.876651982379,1328.465832907104,54.737516005121634,62.47553423198474,80.05525064344289,2757076219.62449,113.7749,6.3883
2012-08-10,12.962214285714285,13.39192575611009,1458.8604456824514,1389.3712498824032,64.77286947816293,70.87398136245292,81.39435565631175,3030040625.7296515,114.9914,6.4996
2012-08-17,13.065071428571429,13.559668988628745,1461.7604456824513,1429.1658477824274,60.18387553041018,69.75960036811009,82.74564276943798,3304671885.519024,116.0855,6.5636
2012-08-24,13.24507142857143,13.698379790144914,1456.7604456824513,1459.127112349118,71.03505843071785,70.67941751667863,84.11245562482674,3017485366.470392,115.5384,6.3355
2012-08-31,13.361500000000001,13.742595818125592,1399.7604456824513,1439.427112349118,63.060897435897424,71.2509839975804,85.50970473732328,2756632799.7396417,115.2527,6.3633
2012-09-07,13.462928571428574,13.696916375708847,1336.7604456824513,1397.7604456824513,61.007751937984494,68.43689743547537,86.94209883206975,2509533222.4825754,117.8409,6.6026
2012-09-14,13.585785714285715,13.715994192281,1380.4018126888218,1372.3075680179081,62.74074074074074,74.27723730938204,88.42194080871114,2777066946.25127,120.2168,6.8456
2012-09-21,13.684000000000001,13.709194966643533,1362.621794871795,1359.9280177476894,60.17764618800888,67.47168198222384,89.92597962488537,2498566045.6230717,119.7346,6.6554
2012-09-28,13.70864285714286,13.659968971091063,1330.0261437908496,1357.683250450489,52.70588235294118,58.56995048066501,91.45859921738308,2235887308.631237,118.175,6.5155
2012-10-05,13.671499999999998,13.61197310827892,1326.0261437908496,1339.558027484498,45.34883720930233,50.66818687650719,93.02737120173074,1984556972.8442216,119.9562,6.5994
2012-10-12,13.6165,13.481043360508398,1259.0261437908496,1305.0261437908496,43.407534246575345,45.78493832306422,94.62851862576537,1763122742.320364,117.2885,6.5071
2012-10-19,13.584357142857144,13.297570912440612,1206.7213500784928,1263.9245458867308,45.923913043478265,46.043762378229616,96.27008899828067,1585090707.0754764,117.699,6.7897
2012-10-26,13.53042857142857,13.131228124115198,1201.5103244837758,1222.4192727843727,42.910798122065735,39.18375417656661,97.95479077824628,1422774657.5448744,116.0245,6.6498
2012-11-02,13.460071428571428,13.045731040899838,1245.5103244837758,1217.9139996820147,40.333660451422965,37.28177278415353,99.6772865938112,1596938059.0754764,116.1968,6.7197
2012-11-09,13.350785714285715,12.93163356877986,1215.5103244837758,1220.843657817109,35.14563106796115,39.00393669921094,101.43183232568742,1486880377.974982,113.406,6.5994
2012-11-16,13.119285714285713,12.724749092942545,1135.01072386059,1198.6771242760472,17.967977861237387,27.654045666443466,103.21746897220117,1418491268.9465597,111.9367,6.4204
2012-11-23,12.922857142857142,12.614782547216873,1186.9368131868132,1179.152620510393,25.225225225225216,24.880386296543037,105.0588183516452,1507840142.1540866,116.0245,6.6526
2012-11-30,12.735,12.52881154092129,1193.7958849392223,1171.9144739955418,26.391382405745063,31.92016748016647,106.9325947186781,1560310697.1797955,116.6811,6.7785
2012-12-07,12.586785714285714,12.452303335465118,1191.7074829931973,1190.813393706411,29.312063808574266,31.623203782603,108.83324661305167,1495499127.868372,116.8945,6.633
2012-12-14,12.52892857142857,12.470662890736435,1255.1945392491468,1213.5659690605223,41.93227091633466,40.390147512250074,110.77591154531271,1590885547.1797953,116.6401,6.8063
2012-12-21,12.422500000000001,12.45457450530491,1230.9454545454546,1225.9491589292663,34.543568464730285,40.55210392645149,112.75282977621896,1523303448.207355,118.0452,7.1691
2012-12-28,12.310714285714285,12.40729790459759,1205.9454545454546,1230.6951494466855,34.01430030643513,42.46850165637193,114.76368637174333,1468387037.4069579,115.7635,7.0004
2013-01-04,12.297142857142857,12.506324850651245,1310.7924528301887,1249.2277873070327,48.30960854092527,49.914027925016626,116.8185600991782,1561223365.4487343,121.0048,7.4476
2013-01-11,12.219285714285716,12.466814870564413,1215.837962962963,1244.1919567795355,41.641104294478524,49.14832665025982,118.91433130116177,1522812693.3702605,121.5835,7.4757
2013-01-18,12.186428571428573,12.427239554489159,1211.560975609756,1246.0637971343026,46.09507640067911,48.47456941669646,121.05081792718501,1467762254.6251202,122.6252,7.6301
2013-01-25,12.208214285714286,12.424940947223938,1235.5343137254902,1220.97775076607,52.720785013380905,54.75395685014633,123.23363428572871,1559025360.0369272,124.2124,7.7907
2013-02-01,12.231071428571429,12.417615487594079,1231.5343137254902,1226.209867686912,52.862254025044706,61.876869743661175,125.45830697144329,1479604464.4290419,125.0309,8.0551
2013-02-08,12.2225,12.411266755914868,1231.5343137254902,1232.8676470588234,48.83495145631067,55.79029349085136,127.72387311087216,1479604464.4290419,125.4938,8.2885
2013-02-15,12.261142857142858,12.45389785512622,1267.63431372549,1243.5676470588235,55.19094223757437,56.352803686473514,130.0369505730896,1638876785.982873,125.7501,8.7385
2013-02-22,12.34257142857143,12.462711474442724,1245.7527472527472,1248.3071249012426,62.35906331309624,64.9015295848202,132.39668958455138,1481546242.2068195,125.5682,8.8201
2013-03-01,12.400428571428572,12.495683277850361,1263.1476510067114,1258.8449039949828,59.45819710415693,66.396887302059,134.7994233762424,1675334443.355318,125.7501,8.8819
2013-03-08,12.461142857142859,12.538925507470314,1274.1476510067114,1261.0160164220567,59.83341045812122,65.89950488196993,137.25122984376725,1879273044.5038166,128.503,9.0071
2013-03-15,12.510071428571427,12.552402106474272,1254.6953125,1263.9968715044743,57.63316246935592,66.65918542004196,139.7458544406426,1702691256.1266456,129.3989,9.1975
2013-03-22,12.502214285714285,12.542748492277703,1238.6953125,1255.8460920022371,48.629112662013966,59.97223311764769,142.28957152945546,1538258598.7839572,129.208,9.1382
2013-03-28,12.5365,12.581048693307343,1273.6953125,1255.6953125,55.822416302765646,58.63989629203079,144.88776296004457,1731509429.2035687,130.0965,9.1212
2013-04-05,12.562214285714287,12.564908867533031,1236.6953125,1249.6953125,54.24328147100425,56.17308259690412,147.53911821924547,1532959819.8365889,128.8426,8.1216
2013-04-12,12.557928571428572,12.634921018528628,1299.9772727272727,1270.1226325757577,49.215070643642065,58.03063530625062,150.24910058363037,1783150335.0006702,131.8652,8.2402
2013-04-19,12.583642857142857,12.626264882724811,1247.9772727272727,1261.5499526515152,55.29100529100528,59.2901989878566,153.01018259530298,1556713019.8365889,129.1083,7.8985
2013-04-26,12.672214285714286,12.730762898361505,1333.0,1293.6515151515152,64.75487862922418,66.06182809268167,155.82298624720903,1821532548.4622087,131.4002,8.1639
2013-05-03,12.7765,12.882661178579971,1380.761658031088,1320.5796435861203,66.50836725463591,66.25038492020194,158.6902459721532,2111436810.4211617,133.9993,8.6016
2013-05-10,12.9315,13.103639688102641,1449.296875,1387.6861776770293,71.47664291369756,67.28900816005788,161.59665089159628,2455277783.4912257,135.6933,8.6129
2013-05-17,13.110071428571429,13.339154396355623,1482.8907849829352,1437.6497726713412,73.22556670382758,74.30270543252959,164.5581839094282,2830441184.409391,138.6245,8.8275
2013-05-24,13.239285714285714,13.499267143508206,1449.904761904762,1460.6974739625657,66.90338254531864,66.11872945148849,167.56574758761678,2460266961.9722385,137.271,8.675
2013-05-31,13.378571428571428,13.628698191040446,1442.904761904762,1458.5667695974864,68.71401151631481,59.541195927100546,170.63326253936913,2110182502.8262253,135.7265,8.884
2013-06-07,13.5025,13.737538432235054,1440.404761904762,1444.4047619047617,67.195242814668,51.02718216349783,173.7583277901565,1762180718.680212,136.8475,9.285
2013-06-14,13.611785714285714,13.819199974603714,1430.904761904762,1438.0714285714287,65.20874751491054,45.30184856663073,176.95109434595963,1402524113.1056273,135.5023,9.2441
2013-06-21,13.73857142857143,13.898639977989887,1438.0,1436.436507936508,68.05696846388607,55.26024669708634,180.21071623287884,1710391591.757135,132.7862,9.2356
2013-06-28,13.85,13.91748798092457,1400.5,1423.1349206349207,65.2046783625731,52.32199504061003,183.53133055753642,1420857348.5038576,133.9131,9.298
2013-07-05,13.950714285714286,13.960489583467961,1420.5,1419.6666666666667,64.15662650602411,51.81156174165062,186.92535716868716,1723025221.1688995,136.0835,9.4426
2013-07-12,14.10642857142857,14.0510909723389,1460.2876712328766,1427.0958904109586,71.75648702594812,57.28703521753158,190.3846643120609,2041297596.7324924,139.8316,9.7262
2013-07-19,14.188571428571427,14.076278842693714,1420.022508038585,1433.603393090487,62.02928870292887,49.84244045642855,193.91055759830212,1741955535.8747818,141.2173,9.6099
2013-07-26,14.304999999999998,14.092774997001218,1415.8741721854306,1432.0614504856305,68.953488372093,51.07525788800948,197.50696875026816,1456715933.9914303,141.1672,9.3349
2013-08-02,14.401428571428571,14.181738330734388,1469.6635071090047,1435.1867291110068,66.79104477611939,50.0980392026385,201.17530812527352,1769297626.7838726,142.7032,9.3519
2013-08-09,14.445714285714285,14.222839886636471,1442.1020408163265,1442.546573370254,58.093994778067895,43.22496836603099,204.91621428777898,1457328952.1732483,141.3342,9.0485
2013-08-16,14.49207142857143,14.351661235084942,1510.5181818181818,1474.0945765811712,58.40891422648355,43.625156792295265,208.73233857353458,1809074758.5398047,138.4292,8.7309
2013-08-23,14.498499999999998,14.43277307040695,1487.6181818181817,1480.0794681508967,51.19744544970731,42.698036892174954,212.62258534500526,1462114179.4459755,139.0887,8.7422
2013-08-30,14.513499999999999,14.47506999435269,1466.6181818181817,1488.2515151515152,52.886201209455756,43.0135471756595,216.57863705190536,1138415240.3521464,136.6094,8.4672
2013-09-06,14.542785714285715,14.529060661772332,1479.6181818181817,1477.951515151515,55.54353704705245,48.05367413464861,220.61660979294348,1465899262.779309,138.6045,8.6515
2013-09-13,14.63957142857143,14.698519240202689,1573.3188405797102,1506.5184014053582,64.75070759851948,55.444857801431695,224.73554198880234,1820901208.610727,141.3509,8.8985
2013-09-20,14.742785714285715,14.844716674842331,1573.407488986784,1542.1148371282252,66.04485898290028,61.23467902115334,228.93105282857837,1489146902.779309,143.2107,9.1348
2013-09-27,14.825999999999999,14.942754451530021,1551.907488986784,1566.2112728510929,62.51880507199656,51.769400636645756,233.19467388514994,1172176425.5193195,141.6924,9.169
2013-10-04,14.936714285714286,15.029053857992686,1552.4766355140187,1559.2638711625289,68.07369402985074,55.48170181936984,237.54876736285294,1501272832.8997908,141.6756,9.3683
2013-10-11,15.009571428571428,15.059846676926995,1518.9900497512438,1541.124724750682,61.543684925305556,50.27618184673824,241.99364271011,1187504753.8775284,142.8248,9.4452
2013-10-18,15.093142857142857,15.159867120003396,1573.9900497512438,1548.4855783388355,62.806479859894914,50.40570095262739,246.5315155643122,1523503789.1497908,146.2893,9.7228
2013-10-25,15.16457142857143,15.170551504002944,1516.9900497512438,1536.6567164179105,60.552975939214846,50.57973602545431,251.15774587559844,1213705817.2921624,147.598,10.1656
2013-11-01,15.239928571428573,15.18181130346922,1518.4095477386934,1536.4632157470605,61.19244642478253,49.86111569776905,255.8771007931104,1540481069.1497908,147.8161,10.0503
2013-11-08,15.297071428571428,15.232236463006657,1548.9095477386934,1528.1030484095436,58.97263346792283,52.751085510362124,260.6946428089726,1919896255.8698046,148.722,10.2311
2013-11-15,15.41707142857143,15.357271601272437,1610.2124105011935,1559.1771686595268,67.50729470612757,61.602514029603135,265.61813566515207,2327303803.5365644,151.0373,10.5586
2013-11-22,15.41642857142857,15.333635387769444,1509.9108635097493,1556.3442739165455,49.9115739831008,53.053256130015086,270.6210983784551,1945374866.980916,151.6748,11.279
2013-11-29,15.46214285714286,15.369150669400186,1551.9108635097493,1557.3447125068972,56.060606060606034,53.25752259545732,275.7305203460242,2338480535.5365644,151.8342,11.1879
2013-12-06,15.51357142857143,15.382597246813495,1538.9108635097493,1533.5775301764158,56.92307692307692,61.68409577167121,280.9415307529447,1982026724.123773,151.7839,11.0711
2013-12-13,15.523571428571428,15.334250947238361,1493.9108635097493,1528.2441968430828,51.26811594202897,54.59549505470244,286.2517613680036,1666942120.6474898,149.4099,11.014
2013-12-20,15.515357142857143,15.38101748760658,1560.4108635097493,1531.077530176416,48.90788224121557,54.97805143644771,291.67679659536367,2020011305.3737733,153.1263,11.4169
2013-12-27,15.512857142857143,15.431548489259036,1567.9108635097493,1540.7441968430828,49.671977507029055,53.478916609023955,297.2123325272709,2371217588.4051414,155.0576,11.4055
2014-01-03,15.519285714285715,15.463342024024499,1558.9108635097493,1562.4108635097493,50.8637236084453,58.839799112289654,302.8439791778163,2039869867.873773,154.248,11.3655
2014-01-10,15.529285714285715,15.498896420821232,1565.4375,1564.0864090064995,51.330798479087456,66.11406332053063,308.58845876137264,2345037220.169847,155.3022,11.4055
2014-01-17,15.581428571428573,15.564376898045069,1591.4375,1571.9286211699164,57.032755298651246,65.82872036566539,314.44842793660007,2663479094.2050514,154.8805,11.3483
2014-01-24,15.56357142857143,15.56379331163906,1548.4375,1568.4375,47.534516765286,60.5244072966751,320.43079649533206,2370430720.169847,150.8744,10.7426
2014-01-31,15.596428571428572,15.58195420342052,1562.4375,1567.4375,54.95689655172412,60.77332688539118,326.5282124252387,2679236179.9193373,150.2756,10.8997
2014-02-07,15.640357142857143,15.620360309631117,1579.4375,1563.4375,56.41293013555786,67.90494262266114,332.75137667374344,3017161978.265319,151.5407,10.7255
2014-02-14,15.808214285714286,15.925645601680301,1786.1147540983607,1642.66325136612,67.9938744257274,69.6050668115555,339.1000042072183,3427843981.812246,155.201,11.0626
2014-02-21,15.984642857142857,16.28755952145626,1860.356968215159,1741.969740771173,68.57142857142856,70.04459604385019,345.5653042913627,3857343983.7462697,155.0914,11.1226
2014-02-28,16.213214285714287,16.56655158526209,1834.4096385542168,1826.9604536225788,77.027027027027,76.40280080619137,352.12161037718994,3446394686.3868504,157.1155,10.9683
2014-03-07,16.41035714285714,16.805678040560476,1832.4096385542168,1842.3920817745309,75.0,69.1544329416082,358.8017545847337,3030208659.8607645,158.777,11.654
2014-03-14,16.578214285714285,16.940920968485745,1778.4096385542168,1815.0763052208833,69.81450252951095,60.74862349467279,365.6215896764284,2630946903.449621,155.7408,11.274
2014-03-21,16.829642857142858,17.15413150602098,1850.4096385542168,1820.4096385542168,78.38709677419355,68.93573746127544,372.58282146995697,3044522359.8607645,157.7351,10.7609
2014-03-28,16.987857142857145,17.253580638551515,1785.8927613941016,1804.9040128341785,67.93522267206477,59.63862120680947,379.6784778993561,2659672663.73843,157.1336,10.5258
2014-04-04,17.158571428571427,17.37310322007798,1811.0362225097022,1815.7795408193404,68.81889763779526,62.644528440128475,386.9203474573432,3017807309.8607645,157.9045,10.4054
2014-04-11,17.333571428571428,17.472689457400914,1808.0362225097024,1801.655068804502,69.47535771065185,55.56176486463722,394.3026544064901,2690878395.445747,153.7621,9.9668
2014-04-17,17.535714285714285,17.617664196414125,1852.0362225097022,1823.7028891763687,71.2143928035982,54.83510844642389,401.8311074946199,3028690168.8771577,157.896,10.0356
2014-04-25,17.731428571428573,17.765975636892243,1869.2995169082126,1843.1239873092056,70.82066869300914,60.139429360130684,409.5053296445123,3351589610.6254005,157.8113,10.3337
2014-05-02,17.93642857142857,17.854512218639943,1839.2995169082126,1853.5450854420424,72.24806201550388,59.61488895716281,417.32643623740256,3046328635.5438247,159.3107,10.5631
2014-05-09,18.104285714285716,17.88057725615462,1801.2995169082126,1836.632850241546,67.56352765321377,57.18228617843519,425.3065649621506,2763181403.3193917,159.226,10.4255
2014-05-16,18.25357142857143,17.891166955334004,1791.631724137931,1810.7435859847856,65.80937972768535,52.11745083302111,433.45849626139363,2502037938.996193,159.3023,10.3366
2014-05-23,18.294999999999998,17.97101136128947,1839.757894736842,1810.8963785943286,55.686274509803916,48.498479286450575,441.7712661866215,2776752550.6878123,161.2507,10.4484
2014-05-30,18.320714285714285,18.108209846450876,1890.7578947368422,1840.7158378705383,53.68852459016393,46.41858221959906,450.2452915103539,3063287986.1082454,163.2245,10.8641
2014-06-06,18.367142857142856,18.231115200257427,1893.7578947368422,1874.7578947368422,56.989247311827995,44.439733897267075,458.879397340561,3359735455.426984,165.5117,10.7809
2014-06-13,18.451428571428572,18.40563317355644,1945.9078341013826,1910.1412078583555,61.4785992217899,51.19990376858929,467.6847852873722,3674102255.333957,164.4528,10.572
2014-06-20,18.530714285714286,18.47554875041558,1884.801864801865,1908.1558645466966,60.652591170825346,51.6636515192402,476.6608809931197,3383188681.80061,166.7796,10.8742
2014-06-27,18.51928571428571,18.462808917026837,1829.801864801865,1886.8371879017043,48.41269841269841,43.78171900919571,485.81849861298207,3110589208.267263,166.6775,11.0066
2014-07-03,18.587142857142855,18.51443439475659,1876.2326732673268,1863.6121342903523,59.753593429158144,51.05402775285879,495.17026858524173,3400169839.4277287,168.7033,11.4959
2014-07-11,18.65142857142857,18.58584314212238,1896.2326732673266,1867.4224037788392,59.336099585062264,48.58425550208906,504.70747395694656,3709417665.7101455,167.3499,11.257
2014-07-18,18.674285714285713,18.566397389839395,1835.2326732673268,1869.2326732673266,52.96296296296297,48.911758681089395,514.4342234360855,3444810821.7806697,168.2862,11.7981
2014-07-25,18.619285714285716,18.462877737860808,1770.2326732673266,1833.8993399339934,43.13725490196079,42.56315295567457,524.3547079048072,3212229045.812359,168.2947,12.1925
2014-08-01,18.544999999999998,18.359827372812703,1761.477321814255,1788.9808894496364,40.613718411552355,35.05549000773924,534.4866020629033,2987818069.844048,163.8515,12.0802
2014-08-08,18.585714285714285,18.445183723104343,1892.744769874477,1808.151588318686,54.35114503816794,43.995408748468115,544.8280341041614,3257995545.812359,164.4814,11.9823
2014-08-15,18.65642857142857,18.524492560023763,1896.744769874477,1850.3222871877363,57.97101449275362,53.07081789395734,555.3777947862446,3546046838.1071997,166.5923,12.1234
2014-08-22,18.736428571428572,18.59856021868726,1900.7447698744768,1896.744769874477,59.09090909090908,60.087355321584674,566.1117506819695,3819900085.9575963,169.5459,12.3105
2014-08-29,18.805,18.712085522862292,1937.744769874477,1911.744769874477,58.00000000000001,59.87152895357154,577.055385695609,4113862390.95085,170.8397,12.5119
2014-09-05,18.874285714285715,18.879807453147322,1990.829181494662,1943.1062404145387,58.06988352745424,60.750745016415294,588.2150934095212,4424858082.171649,171.1802,12.4112
2014-09-12,18.880714285714284,18.911833126061012,1905.829181494662,1944.8010442879338,50.6588579795022,54.87403678577641,599.5930952777115,4142269213.8558784,169.4949,12.6664
2014-09-19,18.847857142857144,18.934255375919545,1901.8291814946617,1932.8291814946617,46.38364779874213,47.40115832990108,611.2030571832657,3865068174.111536,171.6306,12.6794
2014-09-26,18.820357142857144,18.88235465913027,1848.3291814946622,1885.3291814946622,46.93715194908514,48.16679790623846,623.052118326931,3611567158.2171936,169.2362,12.2433
2014-10-03,18.809642857142858,18.795374037912904,1816.829181494662,1855.6625148279952,48.76033057851241,48.466478301989326,635.1437606934696,3356515134.550124,168.056,12.3444
2014-10-10,18.666428571428572,18.53532416619118,1679.4123867069486,1781.5235832320911,35.60660445082553,42.34584161000594,647.491235907339,3145176804.299204,162.9422,11.9458
2014-10-17,18.55,18.38661427736569,1737.0384615384617,1744.426676580024,38.89645776566758,35.402753416656225,660.1042606254858,3365035956.554691,161.172,11.5992
2014-10-24,18.552857142857142,18.399065707050266,1843.0384615384614,1753.1631032612906,50.256739409499346,42.70450823186897,672.9709458379956,3610107496.414829,167.9791,11.8072
2014-10-31,18.677857142857142,18.551190279443563,1949.0384615384614,1843.0384615384617,60.670731707317074,48.4700919727285,686.0843647547555,3878130188.2749667,172.4516,12.4946
2014-11-07,18.82785714285714,18.716364908851087,1974.7174595878341,1922.2647942215856,62.574850299401184,56.88344619588272,699.4406520498505,4116791502.768283,173.8882,12.6737
2014-11-14,18.883928571428573,18.858849587670946,1974.2174595878341,1965.99112690471,55.57132718239887,48.776424651662545,713.0376650908476,3876542150.813091,174.6579,12.6448
2014-11-21,18.985000000000003,19.071669642648153,2041.217459587834,1996.717459587834,59.21824104234527,47.572824477295725,726.9109183926645,4137483711.5846095,176.7445,12.7372
2014-11-28,19.12,19.324780356961732,2093.1180555555557,2036.1843249104077,61.59509202453989,45.933126211591386,741.0577367605177,4409180766.729262,177.1892,12.9711
2014-12-05,19.235714285714288,19.557476309366837,2103.205882352941,2079.1804658321103,60.27918781725889,46.439820180111994,755.4704914957281,4699847737.581232,177.8733,13.1935
2014-12-12,19.21142857142857,19.567146134784593,1959.2566964285713,2051.8602114456894,48.06818181818182,39.560395860063934,770.1725013256427,4436766833.070725,171.7931,13.3614
2014-12-19,19.304285714285715,19.680859983479984,2038.2566964285716,2033.5730917366946,57.43707093821511,39.16004234871111,785.1837513521555,4724102505.738094,177.5782,14.109
2014-12-26,19.412142857142857,19.80207865234932,2055.2566964285716,2017.5900297619046,58.51183765501692,44.078885092018226,800.5054263791985,5009052857.391379,179.2291,14.1119
2015-01-02,19.525357142857143,19.845801498702745,2009.2566964285713,2034.2566964285713,59.01080159181351,45.70196725020354,816.1089349067825,4727458425.994562,176.6409,13.8685
2015-01-09,19.6475,19.858361298875714,1990.2566964285716,2018.2566964285713,59.86159169550174,45.84906884300917,832.0348936049181,4429247078.021169,175.6263,14.0539
2015-01-16,19.869999999999997,19.871913125692288,1992.2566964285713,1997.2566964285713,71.32101300479125,54.03141883420588,848.2939914770164,4735401544.327895,173.3735,13.4135
2015-01-23,20.105,19.98365804226665,2066.6202531645567,2016.377882007233,71.99197860962568,62.11916383914671,864.8718713065567,5054671931.516673,176.2454,13.4918
2015-01-30,20.156785714285714,19.87983696996443,1914.3691275167782,1991.082025703302,54.574132492113556,53.47176871661619,881.7739087326879,4766373114.753701,171.499,13.2136
2015-02-06,20.218214285714282,19.94919204063584,2031.8008658008655,2004.2634154940667,55.33498759305211,53.75173870332859,899.0259869073417,5070517865.330232,176.7441,14.2669
2015-02-13,20.398214285714285,20.26396643521773,2225.679775280899,2057.283256199514,62.96296296296296,54.096709279776725,916.6277066454885,5412553529.681231,180.3813,14.3379
2015-02-20,20.580357142857142,20.540104243855367,2228.179775280899,2161.886805454221,63.09034907597536,60.89820400178372,934.5572607783982,5761031373.093454,181.6367,14.761
2015-02-27,20.695,20.742757011341318,2200.679775280899,2218.179775280899,58.58747993579454,54.428918937180704,952.8084059939662,5420692225.465014,181.138,14.5349
2015-03-06,20.807857142857138,20.983722743162478,2250.217171717172,2226.358907426323,58.47639484978541,56.7379447015514,971.4253741138455,5768852536.055779,178.4208,14.5436
2015-03-13,20.924285714285713,21.212559710740816,2265.6559633027523,2238.850970100274,58.69797225186765,59.294156423151406,990.4144615961224,6111142174.740884,176.9849,14.6053
2015-03-20,21.198571428571427,21.51355174930871,2342.939978563773,2286.271037861232,72.06896551724137,68.53857989296,1009.7779508280448,6484210014.85456,181.7234,14.6605
2015-03-27,21.267142857142858,21.495744849400882,2133.939978563773,2247.511973476766,54.79999999999999,65.50773281424149,1029.5203098446057,6125371329.556976,177.6901,14.4454
2015-04-02,21.300714285714285,21.437645536147432,2101.939978563773,2192.9399785637725,52.315270935960584,60.36757812679287,1049.7015160414978,5769884392.399178,178.2947,14.5646
2015-04-10,21.488571428571426,21.613959464661107,2271.939978563773,2169.273311897106,61.54521510096576,65.85231478970431,1070.2825463623278,6168340077.081729,181.4038,14.7012
2015-04-17,21.650000000000002,21.692098202706294,2215.939978563773,2196.606645230439,59.60884353741495,71.93770532704798,1091.2731972895745,5782995607.911373,179.5988,14.1475
2015-04-24,21.797857142857143,21.73715177567879,2198.939978563773,2228.939978563773,58.690176322418125,65.783436113281,1112.6584612353658,5398761743.79165,182.7943,14.117
2015-05-01,21.943571428571428,21.872198205588283,2270.939978563773,2228.606645230439,58.585858585858574,66.3163571071685,1134.4786304600732,5799612894.9882965,181.9911,14.2565
2015-05-08,22.059285714285714,21.732571778176514,2078.439978563773,2182.773311897106,56.58536585365853,61.951384048975484,1156.7300030692747,5443583349.733072,182.7684,14.6925
2015-05-15,22.12357142857143,21.67489554108631,2124.1678726483356,2157.84927659196,53.88601036269431,55.0575950730491,1179.4548031306601,5829050503.333751,183.4766,14.8785
2015-05-22,22.020000000000003,21.566242802274804,2079.680620155039,2094.096157122382,42.828882294757676,47.58407464064474,1202.6362991932733,5469077989.105953,183.9517,15.2941
2015-05-29,22.005357142857143,21.641410428638164,2206.680620155039,2136.8430376528045,49.09731395860854,49.221389616194045,1226.2728251771389,5856966297.904676,182.3539,15.0413
2015-06-05,22.019642857142856,21.723889038153075,2219.680620155039,2168.680620155039,50.892060660124905,54.56784977456552,1250.3868016806816,6257463216.0089035,181.1707,14.6867
2015-06-12,21.916785714285716,21.642037166399334,2104.680620155039,2177.0139534883724,43.93428812131424,47.40582557479889,1274.9631377142953,5896974298.389051,181.3088,14.8203
2015-06-19,21.857499999999998,21.672432210879425,2180.680620155039,2168.3472868217054,46.674679487179496,46.359852904272316,1300.041200468581,6279802348.931981,182.9585,14.7166
2015-06-26,21.6625,21.548107916095503,2066.4237918215613,2117.261677377213,39.369158878504685,37.47775444234072,1325.6256244779527,5939440107.954269,182.1687,14.5166
2015-07-02,21.59392857142857,21.39769352728277,2035.1374570446737,2094.080623007091,45.663956639566415,39.023251752771465,1351.7251369675116,5600010385.331396,179.9296,14.3501
2015-07-10,21.500357142857144,21.1780010569784,1969.8494623655913,2023.8035704106087,44.2644483362522,38.14781759280529,1378.3602397068619,5266529672.131881,180.0685,14.7444
2015-07-17,21.308214285714286,21.030267582714615,2001.8494623655913,2002.2787939252855,36.60358565737052,36.18731557806591,1405.5442445009992,5618867681.234622,184.3992,15.1416
2015-07-24,21.109642857142855,20.815565238352665,1936.8494623655915,1969.5161290322578,36.278381046396866,31.261135382014572,1433.263729391019,5279427986.744125,180.4677,15.1562
2015-07-31,20.961071428571426,20.700156539905645,1989.9630606860158,1976.2206618057326,40.08579599618684,36.40575658610912,1461.5456039788394,5632337943.039932,182.6461,14.905
2015-08-07,20.9775,21.004135667918227,2293.5397196261683,2073.450747559258,50.8984375,42.74230506516884,1490.3947160584162,6042702384.09142,180.4503,15.46
2015-08-14,21.171428571428574,21.342250912195798,2350.072016460905,2211.191598924363,61.87144731088762,53.22646797103642,1519.8056103795846,6470543572.229523,181.7001,15.8485
2015-08-21,21.18357142857143,21.359284123903024,2143.072016460905,2262.227917515993,50.65234075211051,53.338686314506674,1549.7481225871763,6082408059.398737,171.5198,15.0569
2015-08-28,21.31714285714286,21.542046240715955,2269.072016460905,2254.072016460905,56.750902527075816,49.795446453494165,1580.3140850389198,6531563193.424644,172.9171,15.0394
2015-09-04,21.29,21.56977340862049,2171.072016460905,2194.405349794238,48.598820058997056,50.08390494468713,1611.5203667396981,6100484370.297288,167.1457,14.6918
2015-09-11,21.317857142857143,21.713803620804427,2261.072016460905,2233.7386831275717,51.36078157711095,49.46820892214852,1643.3227740744921,6543020165.292369,170.7474,15.1895
2015-09-18,21.47357142857143,21.923963138030505,2325.072016460905,2252.405349794238,57.88712011577423,56.30543526676934,1675.749329555982,6994034602.382722,170.4466,14.8138
2015-09-25,21.597857142857144,22.14876805295977,2357.1666666666665,2314.4368998628256,56.502242152466366,56.47764455360979,1708.8129141471018,7459787763.390272,168.2741,15.6973
2015-10-02,21.88785714285714,22.50226564589847,2476.6570938255177,2386.298592317696,65.10416666666669,65.68158126698464,1742.539172430044,7980316589.0594,170.1325,15.4478
2015-10-09,22.291428571428575,22.977963559778672,2604.344923504868,2479.3895613323507,69.63168867268936,72.08480770452027,1776.9269558786448,8538669747.425079,175.6553,15.5828
2015-10-16,22.870714285714286,23.628901751808183,2783.8859357696565,2621.629317700014,76.1444229529336,79.33967902677186,1811.9688949962176,9137440124.928455,177.3479,16.1346
2015-10-23,23.479285714285716,24.29038151823376,2857.0299277605777,2748.420262345034,76.75879396984925,80.10845460171424,1847.690172896142,9766144845.136057,181.0559,17.2353
2015-10-30,24.118571428571432,24.83433064913593,2835.0299277605777,2825.3152637636035,78.88960619754681,77.9495417278298,1884.0967763540648,9124119704.91893,181.4136,16.9917
2015-11-06,24.947142857142858,25.729753229251138,3153.358147229115,2948.472667583423,81.97353914002205,79.97467225528152,1921.2261118811462,9820613931.904037,183.2545,17.0944
2015-11-13,25.434285714285714,26.27245279868432,2978.324958123953,2988.904344371215,70.22538552787663,69.74925081596513,1959.098034118769,9171226632.135145,176.711,16.6101
2015-11-20,25.995,26.95479242552641,3137.324958123953,3089.66935449234,71.93963107881498,69.68575745799185,1997.6869948011442,9848718091.126259,182.6176,17.6022
2015-11-27,26.70357142857143,27.546153435456223,3137.324958123953,3084.324958123953,81.3527180783818,74.54025785707438,2037.0417346971672,9848718091.126259,182.8357,17.2794
2015-12-04,27.490714285714287,28.373332977395393,3373.275584206285,3215.975166818064,82.56501182033097,83.67149947453032,2077.1669693911103,10574137809.988655,182.8881,17.2999
2015-12-11,28.257857142857144,28.922221913742675,3247.1383834109183,3252.5796419137187,81.22093023255815,76.67659803266696,2118.0825087789326,9879379749.213215,176.1351,16.1743
2015-12-18,28.935714285714287,29.35125899191032,3212.0106100795756,3277.47485923226,78.4984984984985,70.35795866876295,2159.7967589545115,9219359257.328186,175.5694,16.4898
2015-12-24,29.641428571428573,29.860424459655615,3315.0106100795756,3258.053201190023,78.9906103286385,69.89220725498124,2202.350694133602,9891608438.420763,180.5375,17.0971
2015-12-31,30.309285714285714,30.2737011983682,3293.8544949026877,3273.6252383539463,77.61370348493799,69.38974857804524,2245.753708016274,9223415152.935781,178.9488,17.1502
2016-01-08,30.654285714285717,30.187874371919108,2960.2744237102083,3189.7131762308236,62.66386995280545,59.58717073609244,2290.021582176599,8611794738.183702,168.4595,16.4544
2016-01-15,30.728571428571428,29.77749112232989,2707.775980087119,2987.301632900005,52.55905511811023,49.74136821108282,2335.2307138201313,8053682079.130116,164.8519,16.6549
2016-01-22,30.770714285714288,29.60049230601924,2841.468624833111,2836.506342876813,51.48465022647206,42.18290258295142,2381.402528096534,8646461385.526169,167.2307,17.0204
2016-01-29,30.820714285714285,29.559093331883346,2925.468624833111,2824.9044099177795,51.75175175175175,41.47631647094446,2428.5015786584645,9270218657.076693,170.0395,18.2794
2016-02-05,30.682142857142853,29.141880887632237,2639.528326745718,2802.1551921373125,45.711759504862954,40.55246397294758,2476.521610231634,8691678865.300362,164.9748,17.5128
2016-02-12,30.266428571428573,28.68696343594794,2570.3068552774757,2711.7679356187678,35.5511420059583,30.195458155629595,2525.5250424362666,8108581329.879587,163.8162,18.0759
2016-02-19,30.312142857142856,28.92070164448822,3041.3068552774757,2750.380679100223,51.38528138528139,41.67070582694935,2575.540543284992,8747564595.788757,168.5298,18.5536
2016-02-26,30.33285714285714,29.28860809188979,3165.3068552774757,2925.6401886108088,50.63736263736263,42.83900788672893,2626.5309541506917,9406371790.617199,171.242,18.8248
2016-03-04,30.415714285714284,29.72346034630449,3252.3068552774753,3152.9735219441422,52.45554614733276,44.73349014715822,2678.4495732337055,10079252153.759594,175.9293,19.1462
2016-03-11,30.30642857142857,30.056332300130556,3219.3068552774757,3212.3068552774753,46.45669291338583,37.642695698675304,2731.3917646983796,9389489109.030102,177.9744,19.5276
2016-03-18,30.400714285714283,30.556821326779815,3378.3947368421054,3283.336149132352,53.01094890510949,45.08818233072469,2785.398799992347,10107450441.296907,180.3177,19.0926
2016-03-24,30.567857142857143,31.079911816542506,3445.50755287009,3347.7363816632237,55.26079136690647,51.4504373183369,2840.475375992194,10848561138.204235,179.206,18.9475
2016-04-01,30.780714285714282,31.75592357433684,3612.8478260869565,3478.916705266384,56.51223776223775,53.96567681818651,2896.621883512038,11626109816.058086,182.5587,19.5602
2016-04-08,30.97357142857143,32.2764670977586,3563.91841883936,3540.757932598802,55.82901554404145,56.44727171111606,2953.866721182279,10847428721.239061,180.4236,18.838
2016-04-15,31.509285714285713,32.923604818057456,3711.052714398112,3629.272986441476,67.6056338028169,65.45226384213535,3012.2514556059245,11659820294.678778,183.3174,19.0718
2016-04-22,32.16357142857142,33.36979084231646,3625.052714398112,3633.3412825451946,73.31975560081467,68.43816983491553,3071.793684718043,10867367342.839062,184.3673,18.9387
2016-04-29,32.669285714285714,33.657818730007605,3551.0527143981117,3629.052714398112,68.59243697478992,67.9044525866172,3132.507958412404,10098447290.999346,182.0381,18.2639
2016-05-06,33.10071428571428,33.880776232673256,3531.0527143981117,3569.052714398111,66.41304347826086,61.86350284806054,3194.4553175806523,9328738235.137651,181.4999,18.9505
2016-05-13,34.14,34.82733940165016,4096.476923076923,3726.1941172910483,84.3322321849929,71.99791206824321,3257.656423932265,10190635478.732458,180.653,18.8469
2016-05-20,35.46857142857143,36.09436081476347,4431.592752839372,4019.707463438135,89.01006711409394,79.82174289897017,3322.1109524109106,11119196225.367567,181.297,18.8292
2016-05-27,36.57285714285714,37.401779372795005,4588.010403120937,4372.02669301241,87.3429951690821,79.86335843428392,3387.7423714591287,12090591144.710785,185.4878,19.4359
2016-06-03,37.629999999999995,38.61220878975567,4646.118787878788,4555.240647946365,86.9261477045908,80.18544528172751,3454.6146188883113,13056911792.054003,185.5231,19.2583
2016-06-10,38.605000000000004,39.62391428445491,4618.118787878788,4617.4159929595035,85.08997429305913,73.14713302139822,3522.7937112660775,12111489836.104725,185.3378,19.5045
2016-06-17,39.64071428571429,40.57005904652759,4670.051234567901,4644.762936775159,86.91446028513238,78.2803123738957,3592.333585491399,13043454721.685583,183.1572,18.9989
2016-06-24,40.49214285714286,41.25805117365724,4570.846003898636,4619.672008781774,81.30252100840335,70.23025152297629,3663.257157201227,12148667428.252874,180.2483,18.7371
2016-07-01,41.362142857142864,41.97831101716961,4663.572033898305,4634.82309078828,81.55440414507771,63.801825558512874,3735.6163003452516,13065881750.918558,186.1726,19.2636
2016-07-08,42.412142857142854,43.161202881547,5082.939009046791,4772.452348947911,83.6846929422548,64.348018979297,3809.437226352157,14017511334.536623,188.5938,19.5937
2016-07-15,43.62928571428571,44.433042497340736,5268.226804123711,5004.912615689602,86.755823986195,65.5173602859884,3884.7053708792,14970856400.681004,191.414,20.0785
2016-07-22,44.88214285714286,45.79797016436197,5465.302910705476,5272.156241291993,87.03547297297297,66.04414641183857,3961.369078296784,15964430918.825384,192.6645,20.1618
2016-07-29,46.370000000000005,47.30490747578038,5708.494529540481,5480.674748123223,91.24752475247524,71.34265859323878,4039.54105986272,16999897264.463741,192.5581,21.0451
2016-08-05,47.989285714285714,48.75758647900967,5818.556441460344,5664.117960568768,94.26005466614605,76.24561423814734,4119.236681059974,18072723988.047153,193.4982,21.17
2016-08-12,49.96857142857142,50.66190828180838,6302.77223198594,5943.274400995589,95.80165289256199,82.21457542752417,4200.511414681174,19214336750.32638,193.7465,20.8637
2016-08-19,51.48857142857143,52.2083205109006,6224.234043665383,6115.187572370555,91.92277383766746,82.01916020784512,4283.359242974797,18065980201.19722,193.8175,20.9499
2016-08-26,52.75285714285714,53.51787777611385,6200.721311136815,6242.575862262712,89.75741239892186,74.50177190117499,4367.813327834293,16917934006.693058,192.7089,20.9648
2016-09-02,53.940714285714286,54.719494072632,6250.645088342209,6225.2001477148015,89.24020764511565,74.88446935649887,4453.954394390978,18075937402.45848,193.6667,21.3157
2016-09-09,54.87214285714286,55.3595615296144,5949.645088342209,6133.6704959404115,77.60372565622356,68.1285096397486,4541.810282278798,16950327390.905544,189.1525,20.5157
2016-09-16,56.06071428571429,56.35695332566582,6281.645088342209,6160.6450883422085,81.20780195048764,75.08368082714937,4631.466487924374,18136421937.894875,190.192,20.7577
2016-09-23,57.362857142857145,57.50269288224371,6492.864398658361,6241.384858447593,82.26548672566372,75.46068159548761,4722.949517682861,19349101956.01013,192.5274,20.7547
2016-09-30,58.99071428571428,58.97166716461122,6850.189683184403,6541.566390061657,86.96075251378528,81.79063622314925,4816.153708036519,20594586455.114788,192.8037,20.181
2016-10-07,60.43285714285714,60.02211154266306,6683.0553443177005,6675.369808720155,81.97656002534052,87.22448509962109,4911.206182197249,19373346582.975246,191.6806,20.0286
2016-10-14,61.51428571428571,60.81783000364132,6596.16611661166,6709.803714704588,76.80594900849859,80.24691154362677,5008.105105841194,18143633256.535187,189.9691,20.0913
2016-10-21,62.57428571428572,61.71411933648915,6750.883047844065,6676.701502924475,76.55690765926987,80.01533681004167,5106.993207958018,19394139846.934093,190.7357,19.7746
2016-10-28,63.70928571428571,62.89357009162393,7052.989554700385,6800.01290638537,77.4060020696792,80.45738823378986,5207.822672117178,20646234692.554775,189.4521,19.1501
2016-11-04,64.45714285714286,63.51709407940741,6753.8194842406865,6852.564028928379,67.71573604060913,73.64942865333337,5310.619325559522,19419862847.8787,185.8956,19.3264
2016-11-11,66.58357142857143,66.77748153548642,8795.177873152123,7533.995637364397,80.47082906857727,77.35794532006081,5415.500212070712,20748670040.958683,192.9107,19.8523
2016-11-18,68.74928571428572,70.3218173307549,9334.470674248145,8294.489343880317,80.68825910931173,79.50401808768784,5522.475016312126,22158751052.00333,194.7647,19.676
2016-11-25,71.02785714285714,73.50024168665425,9414.489122154006,9181.379223184756,82.27438284095507,79.53113918971984,5631.2521166383685,23577281882.955814,197.4567,19.6282
2016-12-02,72.91499999999999,75.49354279510035,8843.489122154006,9197.48297285205,74.06193078324225,74.60812039029466,5742.029558971136,22176275088.348366,195.8165,19.0874
2016-12-09,75.00714285714285,77.67040375575364,9180.541788576516,9146.173344294843,75.35052795568633,75.7902978927101,5855.174750150559,23562043809.71172,201.9046,20.5037
2016-12-16,77.92785714285715,80.70234992165317,10039.678921286159,9354.56994400556,82.2730860299921,82.12915143688235,5970.49824515357,25038845032.126743,201.7788,20.4317
2016-12-23,81.2807142857143,84.57936993209941,10976.66779912942,10065.629502997364,83.81844380403459,83.40801558065277,6088.157410056641,26603127822.688976,202.3796,20.1645
2016-12-30,84.26571428571428,87.53412060781949,10672.873581560283,10563.073433991953,79.70993885966158,86.4828864505321,6207.940558257774,25131700559.89966,200.4249,20.1495
2017-01-06,86.73571428571428,89.60957119344356,10308.867152765428,10652.802844485044,74.5596590909091,75.63817967488725,6330.04336942293,23653017341.316345,203.7246,20.5518
2017-01-13,89.34857142857142,91.45229503431776,10341.867152765428,10441.202629030378,76.48421662322619,77.16449930742951,6454.656636811388,25087266065.96967,203.5811,20.3266
2017-01-20,92.0642857142857,93.12665569640872,10399.795809593825,10350.17670504156,77.63884850247165,74.87268200361473,6581.717369547616,26537785170.465645,203.3031,20.2216
2017-01-27,95.22357142857142,95.61243493688755,11175.752225658327,10639.13839600586,79.49059874649953,75.79802477492176,6711.369516938568,28042957669.174076,205.3026,20.5218
2017-02-03,98.35357142857143,98.11477694530254,11436.752225658327,11004.100086970158,79.3778492893537,76.52743368183353,6843.52290727734,29583824714.854446,205.6344,21.1162
2017-02-10,101.64285714285714,100.1821400192622,11360.767355982274,11324.42393576631,81.82446440912233,80.63543600777422,6978.2351534228865,28122141357.376,207.5801,20.945
2017-02-17,103.01857142857143,101.1218546833606,10720.7581769437,11172.759252861433,66.5066849502914,72.80342547302614,7115.547856491345,26702846179.713657,210.79,21.4674
2017-02-24,103.59714285714286,101.1669407255792,10143.655048409406,10741.726860445126,56.89713896457765,65.09471160498867,7255.763013621172,25309214036.11467,212.2695,21.4494
2017-03-03,103.90214285714286,100.80201529550197,9840.655048409406,10235.022757920837,53.50287120590649,59.792492369036275,7398.964273893595,23959574125.88762,213.7758,21.3413
2017-03-10,104.66428571428571,100.57774658943504,9909.377471539845,9964.562522786218,59.53870910066155,59.02468048270733,7545.019159371467,25331616802.532288,213.1213,21.3023
2017-03-17,105.68214285714286,101.31004704417704,10604.377471539845,10118.136663829699,61.97277768442279,60.19342718964087,7694.016142558897,26791164646.776047,213.4558,21.3744
2017-03-24,106.18642857142856,102.13137410495344,10743.304077669904,10419.019673583198,56.74694189602447,60.06900831625794,7845.906265410074,28245129215.552,210.6011,21.0638
2017-03-31,106.12571428571428,103.03785755762631,10889.304077669904,10745.66187562655,49.04300833145688,54.37489678528333,8000.718390718276,29736698753.587093,212.2941,20.9432
2017-04-07,105.66785714285713,102.67680988327615,10029.304077669904,10553.97074433657,43.586151691014614,43.085408132904206,8158.661258532642,28303128323.274418,211.8078,20.8738
2017-04-13,105.12428571428572,101.718568565506,9545.304077669904,10154.637411003236,42.564002345124095,45.364323781052946,8319.866283703295,26926944544.961742,209.3854,20.5391
2017-04-21,104.99928571428572,101.7134260901052,10164.304077669904,9912.97074433657,48.465719796598286,43.403483231121896,8484.35380937736,28351150960.189274,211.2585,21.0819
2017-04-28,105.02,102.05830261142451,10426.304077669904,10045.304077669904,50.24547147452174,48.220846621295614,8652.124885564908,29781085376.23851,214.4014,20.7683
2017-05-05,104.45500000000001,102.29852892990124,10382.304077669904,10324.304077669904,42.35748792270532,47.385297501098265,8823.125183276206,28367836407.401394,215.8603,20.4788
2017-05-12,105.41999999999999,105.71072507258108,12786.300907543959,11198.303020961255,59.231925652589865,52.43532956860258,8997.53648694173,29902533446.52016,215.2119,20.3702
2017-05-19,107.01857142857143,109.7492950629036,13597.789314750291,12255.464766654717,63.89716840536512,54.95838347892774,9175.441016680565,31521677057.330063,214.6085,20.3371
2017-05-26,109.49071428571429,114.02805572118311,14182.100778287768,13522.063666860673,71.63936476178566,63.77488111286582,9356.408837014176,33166804237.703186,217.6704,20.3793
2017-06-02,112.50357142857142,117.9763149583587,14362.163804746284,14047.351299261447,77.75,71.2535021564248,9540.82281375446,34786605458.17934,219.8857,20.3552
2017-06-09,116.15857142857143,122.1928062972442,14958.702168280377,14500.988917104807,82.41479792220954,80.70844602232174,9728.798270029549,36326926182.95329,219.2013,21.2719
2017-06-16,119.90857142857143,126.1164321242783,15160.692096973018,14827.186023333226,82.70620483428856,72.71529878778028,9920.52403543014,37947199461.916824,219.5733,21.5736
2017-06-23,123.32000000000001,129.81157450770786,15381.69209697302,15167.028787408804,81.6207627118644,73.73380002101916,10116.092316138744,39482188396.8428,220.0168,21.1795
2017-06-30,125.96928571428573,131.7780312400135,14454.692096973018,14999.02543030635,72.23887756325698,65.08170282694273,10315.34976246152,38047994436.19316,218.8132,21.6737
2017-07-07,128.67142857142858,133.77562707467837,14674.692096973018,14837.02543030635,72.4830619279686,63.51155241228089,10518.78675771075,39542734563.84728,219.0937,21.7161
2017-07-14,133.28714285714287,137.93221013138793,16493.692096973016,15207.692096973018,84.47503201024327,70.3230723737392,10726.390892864965,41146043321.17136,222.2157,21.5433
2017-07-21,138.47357142857143,141.95458211386955,16808.696598639457,15992.360264195164,89.44909268716722,74.47456941100634,10937.945026722264,42813904638.595436,223.4103,22.0526
2017-07-28,142.95285714285714,144.9459711653536,16437.49433033015,16579.961008647544,85.01395868230037,69.52617863488032,11153.477927256708,41138171381.07457,223.4374,22.5468
2017-08-04,147.44642857142858,147.91450834330647,16719.490112160565,16655.227013710057,85.04735376044567,70.32468261785971,11373.396285801842,42838199894.91819,223.8899,22.7711
2017-08-11,151.16785714285714,148.98724056419894,15594.583944636679,16250.522795709132,75.90493237867939,64.22098325976796,11597.651811517879,41219171216.87365,220.9126,22.8894
2017-08-18,153.56857142857143,150.6556084889724,16147.325826141865,16153.799960979703,70.4764225661021,63.81767380115857,11826.546647748237,42785911462.68801,219.6367,22.7105
2017-08-25,155.555,152.40952735710943,16377.506821106821,16039.805530628457,68.23128359774485,57.8372676632705,12059.893580703201,44370949891.38935,221.3108,22.9652
2017-09-01,157.5992857142857,154.81625704282817,17042.14841578655,16522.327021011744,68.56512714063311,57.03436582365464,12297.944052317265,45993202149.07015,224.279,22.85
2017-09-08,159.03142857142856,155.99942277045108,16365.148415786549,16594.934550893304,62.21815965874466,52.84474367116367,12540.657713363611,44403105141.2411,223.1388,22.5407
2017-09-15,161.21071428571432,159.2141664010576,18007.663135083072,17138.31998888539,66.49010917738623,50.018438890582054,12788.216667630883,46077699510.07015,226.6179,22.7773
2017-09-22,163.16642857142855,161.85227754758327,17897.366400608134,17423.392650492588,64.94541484716156,61.436779501615945,13040.6746009835,44497362032.623726,226.8452,23.2862
2017-09-29,164.94785714285715,164.1079738745722,17874.366400608134,17926.465312099783,63.91430484266903,53.41746153510819,13297.93589300317,42843073213.02997,228.4731,23.6366
2017-10-06,167.57214285714284,166.40024402462925,18127.366400608134,17966.366400608134,72.16457528957528,60.65982105152889,13560.491410863233,44534454201.34373,231.3287,22.5183
2017-10-13,170.98857142857145,170.1588781546787,19455.78977368414,18485.840858300136,75.44961157816323,66.96232196439541,13828.161239080497,46300742920.48247,231.8561,22.6524
2017-10-20,173.2707142857143,173.7243610673882,19686.724293059127,19089.960155783803,70.45716480983481,65.60080736595486,14101.083863862106,48083051170.349846,233.8205,22.2197
2017-10-27,175.68214285714288,177.47577959173645,20182.876838235294,19775.13030165952,71.12640801001251,65.0767818846216,14379.25653913935,49928309836.54246,234.3661,22.0429
2017-11-03,178.8464285714286,181.6376756461716,20866.320189274447,20245.30710685629,76.68031799566369,71.50269731214031,14663.018269922137,51810599685.364784,235.0391,22.0612
2017-11-10,182.3414285714286,186.2379855600154,21611.67472627737,20886.95725126237,77.91215059897317,72.64519693594166,14952.254235320579,53754029722.76416,234.7117,22.4177
2017-11-17,186.29857142857145,189.5875874853467,21133.43278955954,21203.80923503712,84.12170485341218,81.66694020749463,15247.29192002699,51825626272.184425,234.5025,23.1429
2017-11-24,190.26000000000002,193.23724248730048,21693.43278955954,21479.51343513215,84.13343180699164,80.82829989550089,15548.08175842753,53786595759.45339,236.7761,23.5391
2017-12-01,192.67928571428573,193.82961015566042,19765.1234909323,20863.996356683794,67.24366154159455,76.52524376287411,15854.83339359608,51875667789.237236,240.5047,24.1515
2017-12-08,194.18142857142857,193.51766213490572,19146.092387419587,20201.549555970476,60.75703324808185,68.66998420384836,16168.105461468002,49954980890.065704,241.4596,24.0053
2017-12-15,196.17214285714286,193.2566405169183,19152.90121836926,19354.705698907048,65.30477759472818,67.41482479488118,16487.85597069736,51898118698.4278,243.5979,23.7341
2017-12-22,197.25500000000002,193.52508844799587,19523.492269635128,19274.16195847466,59.67577227470003,66.47877689667004,16813.921090111307,53849700879.89841,244.5119,23.2993
2017-12-29,198.2907142857143,193.52174332159643,19346.492269635128,19340.961919213172,59.17721518987342,63.519227560346145,17146.374511913535,51915629064.15664,243.9178,23.5259
2018-01-05,200.90714285714284,196.43884421205024,21535.752339812814,20135.245626361022,68.1931061885368,72.00202536217738,17485.465602151806,53895545742.41434,249.9139,24.2547
2018-01-12,203.8842857142857,199.9776649837769,22294.04771284745,21058.764107431798,69.7124479757851,72.82460894563204,17831.284914194843,55899094664.57661,254.027,24.9345
2018-01-19,206.42142857142858,203.99530965260664,23007.424866363097,22279.074973007784,67.83848935315389,72.38962708230574,18183.59061247874,57950013981.95554,256.3029,24.518
2018-01-26,209.73785714285714,209.2399350322591,24330.122689611217,23210.531756273922,71.01475513714132,72.55970247851693,18542.928624728316,60059031824.360725,261.9425,24.913
2018-02-02,211.9992857142857,212.47727702795788,23349.37108749454,23562.306214489614,63.72702046479362,64.26942441979978,18909.225197222884,58000167751.44725,251.7693,24.6007
2018-02-09,213.67000000000002,215.09097342423019,23205.37108749454,23628.2882882001,60.63858819248614,52.57070728801491,19282.786301167343,55857699053.886314,239.0186,23.3055
2018-02-16,215.64857142857142,218.92417696766617,24381.398732353788,23645.380302447622,62.12359943977592,53.65325247028609,19664.36202719069,58047997363.95826,249.6305,24.1965
2018-02-23,218.11785714285716,222.52495337197735,24590.470514077602,24059.080111308645,65.49529359031824,54.053963123471206,20053.148667734506,60240214548.2772,251.093,24.6436
2018-03-02,219.5164285714286,224.3936262557137,23651.470514077602,24207.779920169665,58.487948673487075,47.747273875026885,20449.421641089197,58040773451.012215,245.947,24.6773
2018-03-09,222.92000000000002,227.1851427549519,24530.470514077602,24257.470514077602,72.72293752980447,56.06341535111272,20853.97307391098,60304552191.35681,254.8953,26.4961
2018-03-16,227.13357142857146,230.29112372095832,25045.359084406296,24409.1000375205,78.41248434640207,63.77100412889999,21266.4621353892,62571441958.13403,251.6293,25.8285
2018-03-23,230.0914285714286,230.64830722483057,23293.97628458498,24289.935294356295,67.07628865979382,62.037897740906146,21686.870578096983,60375065324.85579,236.8087,24.8288
2018-03-29,232.68571428571428,230.77386626151986,23155.939693682194,23831.758354224487,65.27077026572485,54.667396390771565,22115.957589658923,58189819476.4533,241.4889,26.5205
2018-04-06,234.16785714285714,228.57068409331723,21421.758333333335,22623.89143720017,57.714328202840356,49.113547809895834,22553.9367414521,56087913372.08047,238.3412,26.2068
2018-04-13,235.31785714285715,228.9612595475416,23145.960396039605,22574.552807685046,56.19993838570547,49.851789780674494,23000.75407628114,58223348330.01681,243.3242,26.4313
2018-04-20,235.72714285714287,228.92775827453605,22866.960396039605,22478.226375137514,52.29108356657337,49.307655244151526,23456.477157806763,56123396446.115005,244.6641,26.8896
2018-04-27,235.45714285714286,228.58139050459792,22628.960396039605,22880.627062706273,48.42892768079801,44.40159448279597,23921.070700962897,53995176915.04622,244.6182,27.3141
2018-05-04,235.15214285714288,229.9785384373182,23901.960396039605,23132.627062706273,48.21801185209916,43.5090292215449,24395.286114982155,56165090636.027306,244.1226,26.9758
2018-05-11,236.65285714285716,233.25206664567577,25449.389380530974,23993.436724203395,58.37251932732924,51.800641000438745,24878.747837281797,58367198162.05609,250.3904,27.8493
2018-05-18,237.64285714285717,234.943791092919,24589.81075697211,24647.053511180897,55.22545619061981,54.326090281223394,25371.464994027432,56201416151.82484,248.9955,27.7048
2018-05-25,238.03142857142856,236.85528561386315,24923.81075697211,24987.6702981584,52.190016103059584,46.65704742643242,25874.06429390798,58416542271.749344,249.748,28.5383
2018-06-01,238.86642857142854,239.6239141986814,25757.81075697211,25090.477423638775,54.48064392487543,45.61296512555205,26386.74057978614,60671299182.69266,251.0787,28.3261
2018-06-08,240.70499999999998,242.6447256388572,26224.263990051517,25635.29516799858,60.237034680241806,52.98668256166693,26909.541391381863,62927677155.32213,255.2908,29.2612
2018-06-15,242.1285714285714,245.66009555367626,26522.429541595924,26168.168096206515,58.31039946626636,51.98981971345169,27442.5782192095,65191820116.56376,255.4612,29.3321
2018-06-22,242.16214285714287,246.36541614651944,25091.429541595924,25946.041024414455,50.18207174401488,45.34895755143499,27986.23658359369,62976305997.53027,253.258,28.9242
2018-06-29,242.44285714285715,245.10336066031687,23686.429541595924,25100.096208262592,51.564365894435156,46.13441562527115,28540.954715265565,60800347721.28304,250.0686,28.2042
2018-07-06,243.56714285714287,245.40024590560796,24729.429541595924,24502.429541595924,55.84434873013517,53.222437298682955,29107.073609570878,63004482456.75234,253.8849,27.8457
2018-07-13,246.07214285714284,245.92287978486024,24928.429541595924,24448.096208262592,64.69700779482022,61.51275503670501,29684.549881762294,65200718200.63428,257.7288,28.7728
2018-07-20,247.45714285714286,246.5851624802122,25085.429541595924,24914.429541595924,59.355399015729034,59.82455118353598,30273.319479397538,67405119021.68726,257.8118,29.3569
2018-07-27,249.12214285714285,247.30980748285057,25198.429541595924,25070.76287492926,61.42983230361872,59.41186332564337,30873.88226898549,69621988405.86337,259.4157,29.567
2018-08-03,250.96285714285713,247.9484998184705,25205.27234042553,25163.04380787246,62.92766128223136,60.63579694960635,31486.494314365198,71868015969.69771,261.4253,28.2722
2018-08-10,252.08642857142857,248.86069984267445,25472.509738452976,25292.070540158147,58.774963739819256,60.11300606189818,32111.400000652502,74112999380.98788,261.0197,28.4669
2018-08-17,251.39285714285714,248.32193986365118,24475.509738452976,25051.09727244383,44.22916914299299,46.69540595414439,32748.633800665553,71943197232.27129,262.7711,28.7512
2018-08-24,253.26999999999998,251.508347881831,27216.10214917826,25721.3738753614,62.764717311054994,58.83250206965369,33398.73187667887,74198204966.77052,265.0296,29.2734
2018-08-31,255.51285714285714,255.3979014975869,28063.18654560462,26584.93281107862,64.52896538959838,67.06318941804807,34061.932114212446,76495810512.82266,267.6106,29.4928
2018-09-07,256.53000000000003,257.5928479645753,27181.51077752117,27486.933157434683,56.55979362447025,61.32165021455164,34737.780156496694,74215111331.88809,265.1125,28.7852
2018-09-14,257.5407142857143,260.10446823596527,27638.51077752117,27627.736033548983,56.52374366067314,54.25851769261169,35427.19195962663,76522943479.28598,268.1361,28.1717
2018-09-21,257.4114285714286,260.5505391378366,26340.51077752117,27053.51077752117,49.23596454200084,47.616023654293684,36130.49739881916,74248373943.19312,270.3785,28.1158
2018-09-28,259.5592857142857,263.2798005861251,28097.51077752117,27358.844110854505,62.35313450004108,55.25416905005468,36847.86514679555,76563689526.74898,269.2025,26.6409
2018-10-05,261.9135714285714,264.15716050797505,26982.079663865545,27140.033739635965,63.86971890254166,63.787240448878,37579.648849731464,74292121286.57932,266.5171,26.5571
2018-10-12,261.85714285714283,261.8082057735784,24649.995555555557,26576.528665647424,49.70009870169311,56.25609952099793,38325.891026726094,72043132256.04976,255.5256,24.8462
2018-10-19,260.41785714285714,257.45644500376795,22913.500153704274,24848.525124375126,43.15045210415391,49.5623161003055,39087.72364726062,69844580412.76096,255.8034,25.0635
2018-10-26,256.6607142857143,249.56758566993224,19827.06182256122,22463.519177273683,35.0907029478458,42.7063601733818,39864.924120205826,67712014935.10201,245.6917,25.9298
2018-11-02,254.01071428571427,244.94790758060796,21490.492419700215,21410.351465321903,40.333507034914014,36.16093803269475,40658.36020260994,69902206432.39761,251.7661,27.0135
2018-11-09,250.6942857142857,239.7108532365269,20565.492419700215,20627.68222065388,38.45426965733327,41.171043052658945,41468.007206662136,67734673420.142944,257.2017,28.0692
2018-11-16,244.24,229.67340613832332,16441.767746854748,19499.25086208506,31.14514648192973,35.15333840580239,42293.34655079538,65667651862.76302,253.47,27.5538
2018-11-23,237.10999999999999,218.38361865321355,14499.163938538726,17168.808035031227,29.962261120925007,35.732592872717035,43135.98128181129,63622345606.89906,243.7656,27.2805
2018-11-30,229.33928571428572,211.05646949945174,16342.163938538726,15761.031874644066,27.345799841739193,32.95689554877913,43996.034707447514,65754036843.41736,255.2479,28.3548
2018-12-07,219.83428571428573,202.59694023285817,14760.163938538728,15200.49727187206,23.113912797510807,26.177795547931638,44873.02420159646,63688733027.98922,244.0619,27.1253
2018-12-14,210.87642857142856,195.11068153514375,14644.163938538724,15248.830605205394,23.852216337934195,26.025719681892397,45767.57228562839,61674556294.60264,241.1914,27.0065
2018-12-21,200.38642857142858,186.3719239971246,12956.218137553256,14120.182004876902,20.874980168173877,25.83549378847364,46680.027331340956,59740927762.128265,224.2138,24.8127
2018-12-28,191.11499999999998,179.34233413084132,13364.260487225192,13654.880854439058,23.31633911684895,26.185449501054052,47611.058677967776,61700104217.45261,230.781,25.131
2019-01-04,180.76999999999998,173.5886895800625,13618.260487225192,13312.913037334547,18.265480520618794,24.478254071871575,48560.79065152713,63691871151.045715,235.1031,25.5741
2019-01-11,172.125,170.2875309693875,14882.15160190866,13954.890858786348,23.651325815300225,23.65060153061235,49529.45266455768,65759274095.66585,241.2418,25.184
2019-01-18,165.7242857142857,168.50652684013585,15692.007654281613,14730.806581138488,29.10701795290278,30.435013337072434,50517.31311784883,67887992343.824066,248.2095,25.9455
2019-01-25,160.79428571428573,167.39232326145105,16013.877322749413,15529.34552631323,32.7708437343984,37.248786185505516,51524.74398020581,70086095442.78723,247.576,26.7413
2019-02-01,156.96857142857144,164.37068015992426,14471.72401066229,15392.536329231107,35.51179398398615,36.608039989628985,52552.28785980992,67775143097.93679,251.5629,27.2687
2019-02-08,152.20071428571427,162.21058947193436,14815.661000537923,15100.420777983209,30.556364695601516,43.74836232721315,53600.71361700612,70064873089.0357,251.9448,27.1688
2019-02-15,148.74857142857144,161.5611775423431,15732.489929628731,15006.624980276314,35.91536981989859,45.19332971297587,54669.845289346245,72387469364.37726,258.3722,27.3872
2019-02-22,148.37428571428572,161.24502053669735,15916.5217045002,15488.224211555616,48.0178544409139,52.8942829022939,55760.35219513317,74725566256.31091,260.021,27.7867
2019-03-01,149.19214285714287,160.6056844651377,15642.521704500197,15763.84444620971,54.95713914624642,55.60192289557569,56872.455639035834,72413711147.55228,261.2133,28.7073
2019-03-08,148.27857142857144,159.27692653645266,15061.521704500197,15540.188371166863,43.78341596189364,48.89690961360407,58006.84255181655,70110707781.9721,255.6615,26.0391
2019-03-15,149.8642857142857,160.68133633159232,16978.355852984918,15894.133087328437,60.45000941442289,56.928485740175745,59164.083402852884,72485092151.3618,263.191,26.21
2019-03-22,152.08214285714286,162.92382482071335,17747.944169144368,16595.94057554316,63.76940133037694,64.77379915762252,60344.37127090994,74870816611.48195,261.2637,26.3167
2019-03-29,155.65285714285713,165.14198151128488,17953.944169144368,17560.081397091217,75.52333299295414,72.01926395709445,61547.90149632814,77295375578.1848,264.2856,27.446
2019-04-05,159.74571428571429,168.58305064311358,19093.0035959975,18264.963978095413,77.22348916761686,77.43680929684173,62775.4373262547,79778019961.79546,269.9834,27.7911
2019-04-12,163.58999999999997,171.43997722403176,18998.90299343685,18681.950252859573,75.9648784253184,77.78358572280369,64027.3386727798,77304583697.94115,271.471,27.5433
2019-04-18,166.26642857142858,173.42131359416086,18627.90299343685,18906.603194290397,69.781438074121,72.7081422999926,65304.13424623539,74836257374.26074,271.34,28.2303
2019-04-26,167.77785714285716,174.0438051149394,17806.90299343685,18477.90299343685,61.15798354777473,66.27722005511859,66606.5549311601,72397365817.68182,274.5116,28.1895
2019-05-03,169.41071428571428,175.23929776628083,18298.90299343685,18244.569660103516,61.84210526315789,60.37146301320339,67935.2200297833,74864004346.9822,275.0917,28.8985
2019-05-10,171.1314285714286,174.38339139744338,16879.078840697202,17661.62827585697,62.64036100325323,64.43181962210375,69290.41443037897,72424287874.13226,269.5436,29.0208
2019-05-17,171.72857142857143,172.0029392111176,15650.04921380437,16942.677015979472,54.013827539850205,56.26843579111359,70672.94271898654,70042539419.1053,267.4292,28.3275
2019-05-24,170.8578571428571,168.42254731630192,14512.024861310869,15680.384305270813,44.268923366243534,48.54218679600314,72083.30277336627,67713264912.44802,264.5663,28.2428
2019-05-31,169.16285714285712,164.02754100746165,13543.668904958678,14568.580993357973,39.60942289167178,43.80369183078704,73522.0712288336,65427768685.87132,257.54,28.4342
2019-06-07,168.38071428571428,161.55720220646677,14547.821586988664,14201.171784419405,45.49345625154334,49.81724010820864,74989.80485341029,67761448240.179115,269.1226,30.1658
2019-06-14,167.95214285714286,159.30157524560454,14461.821586988663,14184.437359645335,47.425776557405186,54.82173307214521,76486.94895047849,65456498877.43435,270.6289,30.1725
2019-06-21,166.66285714285715,158.29603187952395,15173.821586988664,14727.821586988663,41.362809838262024,52.731253281071155,78013.83112948806,67770612095.99783,276.403,30.9859
2019-06-28,165.715,159.08722762892077,16420.821586988663,15352.154920321997,43.92788505536743,49.85266478464787,79571.23475207781,70127408063.73332,275.4629,30.3175
2019-07-05,164.33428571428573,159.239597278398,16020.821586988663,15871.821586988663,41.309234781044864,48.056811373335535,81159.64504711937,67800733142.71326,280.5961,31.856
2019-07-12,162.66714285714284,160.35565097461162,16758.821586988663,16400.154920321995,39.11380597014927,46.819293969702585,82779.68434806175,70163863017.51483,282.655,32.8742
2019-07-19,161.12642857142856,161.43356417799674,16841.797708021924,16540.48029399975,39.929031655616775,45.582289683018985,84432.17803502298,72523230926.00256,279.3833,32.0703
2019-07-26,160.3242857142857,163.2517556209305,17504.797708021924,17035.139001010837,44.895918552858824,51.82275885372749,86117.52479572344,74892706839.82396,283.9336,30.9134
2019-08-02,159.11714285714285,162.9768548714731,16116.463171991581,16821.019529345143,42.69536652835407,53.43307328801114,87836.49529163791,72555117244.81888,275.1056,30.8787
2019-08-09,157.05785714285713,161.80394088861004,15415.22245496439,16345.494444992632,37.76004075740851,53.77435038894067,89590.03959747066,70211496243.46948,274.1655,31.0647
2019-08-16,156.39642857142854,161.5047487701287,15953.135450421258,15828.273692459077,45.750734214390604,63.10481791498396,91378.86238942007,72602456481.33124,271.5613,30.7463
2019-08-23,156.81857142857143,161.62944893411156,16241.135450421258,15869.8311186023,52.968357609241586,74.37626476939027,93203.49183720848,74937633268.96014,267.8007,30.7431
2019-08-30,158.41571428571427,162.41352240956337,16748.135450421258,16314.135450421258,61.99056199056198,75.67414820586444,95064.32887395265,77289283052.03593,274.9458,31.4745
2019-09-06,161.50071428571428,164.57838608828825,17862.2654155496,16950.512105464037,72.80599852149118,81.39284037084175,96962.4354514317,79669956495.76643,280.2106,32.8679
2019-09-13,164.10357142857143,166.89326794318316,18190.864793678666,17600.42188654984,70.7186718216966,81.34324151110442,98898.41916046033,82035265810.88922,283.0687,31.5226
2019-09-20,166.10714285714286,167.66616555075873,17265.789944134078,17772.973384454115,64.55932731236376,75.85890558266647,100872.81174366953,79700462038.1484,281.7276,31.89
2019-09-27,167.53571428571428,168.2120101439909,17172.405998536942,17543.020245449894,61.0938540048813,69.71125135395373,102886.82237854293,77384217246.07976,279.0075,31.7
2019-10-04,168.80285714285716,170.0464087914588,18193.405998536942,17543.867313735987,60.0933090578061,69.4271771171565,104941.17242611379,79732947971.40955,278.0157,31.4307
2019-10-11,170.64285714285714,172.17222095259763,18595.486531585222,17987.099509553034,64.65301478953357,70.01339319438351,107036.59327463606,82105874334.60226,279.8386,31.4561
2019-10-18,172.27714285714288,174.61459149225126,19046.160115606937,18611.684215243033,63.45565749235474,69.87007361284174,109173.79514012879,84470296093.19095,281.4348,31.2375
2019-10-25,174.8557142857143,178.60464595995109,20451.458354888775,19364.368334026978,68.37337133550488,69.95082370466653,111353.58324293136,86868868057.68208,284.8634,31.1773
2019-11-01,176.82142857142858,181.80269316529095,20256.60380425947,19918.074091585062,64.70713980333477,69.54299613878159,113576.83430778999,84474556494.35507,289.1515,31.4307
2019-11-08,180.14928571428572,185.2663340765855,20775.708132483283,20494.590097210512,77.4478614351361,75.96389308386048,115844.41479394579,86867701765.29079,291.7961,31.8837
2019-11-15,183.72142857142856,187.78948953304078,20416.713820381574,20483.00858570811,80.69981583793738,72.76070197699943,118157.2208898247,84496691547.23564,294.4879,32.8117
2019-11-22,187.38785714285714,190.869557595302,21086.13771377138,20759.519888878745,81.00761145342514,72.7837695687802,120516.3525076212,86883559063.08485,293.704,33.0588
2019-11-29,191.26642857142858,194.3189499159284,21671.452331357155,21058.10128850337,81.66550034989504,71.82278506322547,122922.60415777362,89252107400.50452,296.8681,33.195
2019-12-06,194.45642857142857,196.69908992713798,21214.19308803301,21323.92771105385,76.19662130455184,70.66863496953248,125376.74584092908,86867431348.57193,297.397,33.3312
2019-12-13,197.695,200.33787793685292,22396.161917532685,21760.60244564095,76.38500931098696,71.1085869388391,127880.27335774766,89269656830.93594,299.7111,33.243
2019-12-20,201.79714285714286,205.54216087860587,23934.617560151964,22514.99085523922,79.29803081318232,72.05429377348355,130433.66082490262,91716337714.36014,304.4147,34.2357
2019-12-27,206.38142857142856,209.7192060947918,23684.664229548904,23338.48123574452,85.16326977865438,76.99178464181718,133037.83864140068,89284728764.65594,306.4364,34.3598
2020-01-03,210.975,213.23264528215287,23604.626534598214,23741.302774766362,85.28475803796772,77.64533321832104,135693.87921422868,86848111865.07445,306.0093,34.4521
2020-01-10,215.42857142857142,217.37762591119915,24429.550312283136,23906.280358810083,84.9613098575754,77.94127983072116,138403.15419851325,89302992282.5101,309.1414,33.9939
2020-01-17,219.9492857142857,221.63127578970594,24925.312099125364,24319.829648668907,85.11818888025743,77.91172936844991,141166.5918824835,91762391148.6077,315.064,34.7798
2020-01-24,224.2342857142857,225.4777723510785,25045.210018986418,24800.02414346497,84.5524709134892,77.48330790128267,143985.0331201332,94211217125.53514,312.0457,35.0662
2020-01-31,226.51214285714286,226.9380693709347,23639.793483546768,24536.771867219515,68.36769957378182,69.29870308075492,146859.80238253585,91783964334.6922,305.3638,37.0548
