Date,pcf,PEG_trailing,dpr,npm,gpm,roa,roe,capital_ratio,de_ratio,cash_ratio,curr_ratio,inv_turn,pay_turn,sale_nwc,rd_sale,accrual
2015-07-31,12.448,0.924,0.364,0.11,0.605,0.143,0.115,0.244,0.633,4.977,6.165,4.272,6.94,1.015,0.282,-0.077
2015-07-31,14.3,1.063,0.364,0.11,0.605,0.143,0.115,0.244,0.633,4.977,6.165,4.272,6.94,1.015,0.282,-0.077
2015-07-31,15.989,1.189,0.364,0.11,0.605,0.143,0.115,0.244,0.633,4.977,6.165,4.272,6.94,1.015,0.282,-0.077
2015-07-24,15.989,1.189,0.364,0.11,0.605,0.143,0.115,0.244,0.633,4.977,6.165,4.272,6.94,1.015,0.282,-0.077
2015-07-17,15.989,1.189,0.364,0.11,0.605,0.143,0.115,0.244,0.633,4.977,6.165,4.272,6.94,1.015,0.282,-0.077
2015-07-10,15.989,1.189,0.364,0.11,0.605,0.143,0.115,0.244,0.633,4.977,6.165,4.272,6.94,1.015,0.282,-0.077
2015-07-02,15.989,1.189,0.364,0.11,0.605,0.143,0.115,0.244,0.633,4.977,6.165,4.272,6.94,1.015,0.282,-0.077
2015-06-26,15.989,1.189,0.364,0.11,0.605,0.143,0.115,0.244,0.633,4.977,6.165,4.272,6.94,1.015,0.282,-0.077
2015-06-19,15.989,1.189,0.364,0.11,0.605,0.143,0.115,0.244,0.633,4.977,6.165,4.272,6.94,1.015,0.282,-0.077
2015-06-12,15.989,1.189,0.364,0.11,0.605,0.143,0.115,0.244,0.633,4.977,6.165,4.272,6.94,1.015,0.282,-0.077
2015-06-05,15.989,1.189,0.364,0.11,0.605,0.143,0.115,0.244,0.633,4.977,6.165,4.272,6.94,1.015,0.282,-0.077
2015-05-29,15.989,1.189,0.364,0.11,0.605,0.143,0.115,0.244,0.633,4.977,6.165,4.272,6.94,1.015,0.282,-0.077
2015-05-22,15.989,1.189,0.364,0.11,0.605,0.143,0.115,0.244,0.633,4.977,6.165,4.272,6.94,1.015,0.282,-0.077
2015-05-15,15.989,1.189,0.364,0.11,0.605,0.143,0.115,0.244,0.633,4.977,6.165,4.272,6.94,1.015,0.282,-0.077
2015-05-08,15.989,1.189,0.364,0.11,0.605,0.143,0.115,0.244,0.633,4.977,6.165,4.272,6.94,1.015,0.282,-0.077
2015-05-01,15.989,1.189,0.364,0.11,0.605,0.143,0.115,0.244,0.633,4.977,6.165,4.272,6.94,1.015,0.282,-0.077
2015-04-24,15.989,1.189,0.364,0.11,0.605,0.143,0.115,0.244,0.633,4.977,6.165,4.272,6.94,1.015,0.282,-0.077
2015-04-17,15.989,1.189,0.364,0.11,0.605,0.143,0.115,0.244,0.633,4.977,6.165,4.272,6.94,1.015,0.282,-0.077
2015-04-10,15.989,1.189,0.364,0.11,0.605,0.143,0.115,0.244,0.633,4.977,6.165,4.272,6.94,1.015,0.282,-0.077
2015-04-02,15.989,1.189,0.364,0.11,0.605,0.143,0.115,0.244,0.633,4.977,6.165,4.272,6.94,1.015,0.282,-0.077
2015-03-27,15.989,1.189,0.364,0.11,0.605,0.143,0.115,0.244,0.633,4.977,6.165,4.272,6.94,1.015,0.282,-0.077
2015-03-20,15.989,1.189,0.364,0.11,0.605,0.143,0.115,0.244,0.633,4.977,6.165,4.272,6.94,1.015,0.282,-0.077
2015-03-13,15.989,1.189,0.364,0.11,0.605,0.143,0.115,0.244,0.633,4.977,6.165,4.272,6.94,1.015,0.282,-0.077
2015-03-06,15.989,1.189,0.364,0.11,0.605,0.143,0.115,0.244,0.633,4.977,6.165,4.272,6.94,1.015,0.282,-0.077
2015-02-27,15.989,1.189,0.364,0.11,0.605,0.143,0.115,0.244,0.633,4.977,6.165,4.272,6.94,1.015,0.282,-0.077
2015-02-20,15.989,1.189,0.364,0.11,0.605,0.143,0.115,0.244,0.633,4.977,6.165,4.272,6.94,1.015,0.282,-0.077
2015-02-13,15.989,1.189,0.364,0.11,0.605,0.143,0.115,0.244,0.633,4.977,6.165,4.272,6.94,1.015,0.282,-0.077
2015-02-06,15.989,1.189,0.364,0.11,0.605,0.143,0.115,0.244,0.633,4.977,6.165,4.272,6.94,1.015,0.282,-0.077
2015-01-30,15.989,1.189,0.364,0.11,0.605,0.143,0.115,0.244,0.633,4.977,6.165,4.272,6.94,1.015,0.282,-0.077
2015-01-23,15.989,1.189,0.364,0.11,0.605,0.143,0.115,0.244,0.633,4.977,6.165,4.272,6.94,1.015,0.282,-0.077
2015-01-16,15.989,1.189,0.364,0.11,0.605,0.143,0.115,0.244,0.633,4.977,6.165,4.272,6.94,1.015,0.282,-0.077
2015-01-09,15.989,1.189,0.364,0.11,0.605,0.143,0.115,0.244,0.633,4.977,6.165,4.272,6.94,1.015,0.282,-0.077
2015-01-02,15.989,1.189,0.364,0.11,0.605,0.143,0.115,0.244,0.633,4.977,6.165,4.272,6.94,1.015,0.282,-0.077
2014-12-26,15.989,1.189,0.364,0.11,0.605,0.143,0.115,0.244,0.633,4.977,6.165,4.272,6.94,1.015,0.282,-0.077
2014-12-19,15.989,1.189,0.364,0.11,0.605,0.143,0.115,0.244,0.633,4.977,6.165,4.272,6.94,1.015,0.282,-0.077
2014-12-12,15.989,1.189,0.364,0.11,0.605,0.143,0.115,0.244,0.633,4.977,6.165,4.272,6.94,1.015,0.282,-0.077
2014-12-05,15.989,1.189,0.364,0.11,0.605,0.143,0.115,0.244,0.633,4.977,6.165,4.272,6.94,1.015,0.282,-0.077
2014-11-28,15.989,1.189,0.364,0.11,0.605,0.143,0.115,0.244,0.633,4.977,6.165,4.272,6.94,1.015,0.282,-0.077
2014-11-21,15.989,1.189,0.364,0.11,0.605,0.143,0.115,0.244,0.633,4.977,6.165,4.272,6.94,1.015,0.282,-0.077
2014-11-14,15.989,1.189,0.364,0.11,0.605,0.143,0.115,0.244,0.633,4.977,6.165,4.272,6.94,1.015,0.282,-0.077
2014-11-07,15.989,1.189,0.364,0.11,0.605,0.143,0.115,0.244,0.633,4.977,6.165,4.272,6.94,1.015,0.282,-0.077
2014-10-31,12.619,3.155,0.323,0.128,0.598,0.138,0.13,0.244,0.631,4.84,5.929,4.672,6.113,1.018,0.295,-0.041
2014-10-31,12.117,3.022,0.323,0.128,0.598,0.138,0.13,0.244,0.631,4.84,5.929,4.672,6.113,1.018,0.295,-0.041
2014-10-31,13.919,3.472,0.323,0.128,0.598,0.138,0.13,0.244,0.631,4.84,5.929,4.672,6.113,1.018,0.295,-0.041
2014-10-24,13.919,3.472,0.323,0.128,0.598,0.138,0.13,0.244,0.631,4.84,5.929,4.672,6.113,1.018,0.295,-0.041
2014-10-17,13.919,3.472,0.323,0.128,0.598,0.138,0.13,0.244,0.631,4.84,5.929,4.672,6.113,1.018,0.295,-0.041
2014-10-10,13.919,3.472,0.323,0.128,0.598,0.138,0.13,0.244,0.631,4.84,5.929,4.672,6.113,1.018,0.295,-0.041
2014-10-03,13.919,3.472,0.323,0.128,0.598,0.138,0.13,0.244,0.631,4.84,5.929,4.672,6.113,1.018,0.295,-0.041
2014-09-26,13.919,3.472,0.323,0.128,0.598,0.138,0.13,0.244,0.631,4.84,5.929,4.672,6.113,1.018,0.295,-0.041
2014-09-19,13.919,3.472,0.323,0.128,0.598,0.138,0.13,0.244,0.631,4.84,5.929,4.672,6.113,1.018,0.295,-0.041
2014-09-12,13.919,3.472,0.323,0.128,0.598,0.138,0.13,0.244,0.631,4.84,5.929,4.672,6.113,1.018,0.295,-0.041
2014-09-05,13.919,3.472,0.323,0.128,0.598,0.138,0.13,0.244,0.631,4.84,5.929,4.672,6.113,1.018,0.295,-0.041
2014-08-29,13.919,3.472,0.323,0.128,0.598,0.138,0.13,0.244,0.631,4.84,5.929,4.672,6.113,1.018,0.295,-0.041
2014-08-22,13.919,3.472,0.323,0.128,0.598,0.138,0.13,0.244,0.631,4.84,5.929,4.672,6.113,1.018,0.295,-0.041
2014-08-15,13.919,3.472,0.323,0.128,0.598,0.138,0.13,0.244,0.631,4.84,5.929,4.672,6.113,1.018,0.295,-0.041
2014-08-08,13.919,3.472,0.323,0.128,0.598,0.138,0.13,0.244,0.631,4.84,5.929,4.672,6.113,1.018,0.295,-0.041
2014-08-01,13.919,3.472,0.323,0.128,0.598,0.138,0.13,0.244,0.631,4.84,5.929,4.672,6.113,1.018,0.295,-0.041
2014-07-25,13.919,3.472,0.323,0.128,0.598,0.138,0.13,0.244,0.631,4.84,5.929,4.672,6.113,1.018,0.295,-0.041
2014-07-18,13.919,3.472,0.323,0.128,0.598,0.138,0.13,0.244,0.631,4.84,5.929,4.672,6.113,1.018,0.295,-0.041
2014-07-11,13.919,3.472,0.323,0.128,0.598,0.138,0.13,0.244,0.631,4.84,5.929,4.672,6.113,1.018,0.295,-0.041
2014-07-03,13.919,3.472,0.323,0.128,0.598,0.138,0.13,0.244,0.631,4.84,5.929,4.672,6.113,1.018,0.295,-0.041
2014-06-27,13.919,3.472,0.323,0.128,0.598,0.138,0.13,0.244,0.631,4.84,5.929,4.672,6.113,1.018,0.295,-0.041
2014-06-20,13.919,3.472,0.323,0.128,0.598,0.138,0.13,0.244,0.631,4.84,5.929,4.672,6.113,1.018,0.295,-0.041
2014-06-13,13.919,3.472,0.323,0.128,0.598,0.138,0.13,0.244,0.631,4.84,5.929,4.672,6.113,1.018,0.295,-0.041
2014-06-06,13.919,3.472,0.323,0.128,0.598,0.138,0.13,0.244,0.631,4.84,5.929,4.672,6.113,1.018,0.295,-0.041
2014-05-30,13.919,3.472,0.323,0.128,0.598,0.138,0.13,0.244,0.631,4.84,5.929,4.672,6.113,1.018,0.295,-0.041
2014-05-23,13.919,3.472,0.323,0.128,0.598,0.138,0.13,0.244,0.631,4.84,5.929,4.672,6.113,1.018,0.295,-0.041
2014-05-16,13.919,3.472,0.323,0.128,0.598,0.138,0.13,0.244,0.631,4.84,5.929,4.672,6.113,1.018,0.295,-0.041
2014-05-09,13.919,3.472,0.323,0.128,0.598,0.138,0.13,0.244,0.631,4.84,5.929,4.672,6.113,1.018,0.295,-0.041
2014-05-02,13.919,3.472,0.323,0.128,0.598,0.138,0.13,0.244,0.631,4.84,5.929,4.672,6.113,1.018,0.295,-0.041
2014-04-25,13.919,3.472,0.323,0.128,0.598,0.138,0.13,0.244,0.631,4.84,5.929,4.672,6.113,1.018,0.295,-0.041
2014-04-17,13.919,3.472,0.323,0.128,0.598,0.138,0.13,0.244,0.631,4.84,5.929,4.672,6.113,1.018,0.295,-0.041
2014-04-11,13.919,3.472,0.323,0.128,0.598,0.138,0.13,0.244,0.631,4.84,5.929,4.672,6.113,1.018,0.295,-0.041
2014-04-04,13.919,3.472,0.323,0.128,0.598,0.138,0.13,0.244,0.631,4.84,5.929,4.672,6.113,1.018,0.295,-0.041
2014-03-28,13.919,3.472,0.323,0.128,0.598,0.138,0.13,0.244,0.631,4.84,5.929,4.672,6.113,1.018,0.295,-0.041
2014-03-21,13.919,3.472,0.323,0.128,0.598,0.138,0.13,0.244,0.631,4.84,5.929,4.672,6.113,1.018,0.295,-0.041
2014-03-14,13.919,3.472,0.323,0.128,0.598,0.138,0.13,0.244,0.631,4.84,5.929,4.672,6.113,1.018,0.295,-0.041
2014-03-07,13.919,3.472,0.323,0.128,0.598,0.138,0.13,0.244,0.631,4.84,5.929,4.672,6.113,1.018,0.295,-0.041
2014-02-28,13.919,3.472,0.323,0.128,0.598,0.138,0.13,0.244,0.631,4.84,5.929,4.672,6.113,1.018,0.295,-0.041
2014-02-21,13.919,3.472,0.323,0.128,0.598,0.138,0.13,0.244,0.631,4.84,5.929,4.672,6.113,1.018,0.295,-0.041
2014-02-14,13.919,3.472,0.323,0.128,0.598,0.138,0.13,0.244,0.631,4.84,5.929,4.672,6.113,1.018,0.295,-0.041
2014-02-07,13.919,3.472,0.323,0.128,0.598,0.138,0.13,0.244,0.631,4.84,5.929,4.672,6.113,1.018,0.295,-0.041
2014-01-31,11.886,0.752,0.412,0.107,0.606,0.113,0.091,0.236,0.627,4.941,5.949,4.031,4.687,0.883,0.323,-0.058
2014-01-31,12.34,0.775,0.412,0.107,0.606,0.113,0.091,0.236,0.627,4.941,5.949,4.031,4.687,0.883,0.323,-0.058
2014-01-31,12.694,0.798,0.412,0.107,0.606,0.113,0.091,0.236,0.627,4.941,5.949,4.031,4.687,0.883,0.323,-0.058
2014-01-24,12.694,0.798,0.412,0.107,0.606,0.113,0.091,0.236,0.627,4.941,5.949,4.031,4.687,0.883,0.323,-0.058
2014-01-17,12.694,0.798,0.412,0.107,0.606,0.113,0.091,0.236,0.627,4.941,5.949,4.031,4.687,0.883,0.323,-0.058
2014-01-10,12.694,0.798,0.412,0.107,0.606,0.113,0.091,0.236,0.627,4.941,5.949,4.031,4.687,0.883,0.323,-0.058
2014-01-03,12.694,0.798,0.412,0.107,0.606,0.113,0.091,0.236,0.627,4.941,5.949,4.031,4.687,0.883,0.323,-0.058
2013-12-27,12.694,0.798,0.412,0.107,0.606,0.113,0.091,0.236,0.627,4.941,5.949,4.031,4.687,0.883,0.323,-0.058
2013-12-20,12.694,0.798,0.412,0.107,0.606,0.113,0.091,0.236,0.627,4.941,5.949,4.031,4.687,0.883,0.323,-0.058
2013-12-13,12.694,0.798,0.412,0.107,0.606,0.113,0.091,0.236,0.627,4.941,5.949,4.031,4.687,0.883,0.323,-0.058
2013-12-06,12.694,0.798,0.412,0.107,0.606,0.113,0.091,0.236,0.627,4.941,5.949,4.031,4.687,0.883,0.323,-0.058
2013-11-29,12.694,0.798,0.412,0.107,0.606,0.113,0.091,0.236,0.627,4.941,5.949,4.031,4.687,0.883,0.323,-0.058
2013-11-22,12.694,0.798,0.412,0.107,0.606,0.113,0.091,0.236,0.627,4.941,5.949,4.031,4.687,0.883,0.323,-0.058
2013-11-15,12.694,0.798,0.412,0.107,0.606,0.113,0.091,0.236,0.627,4.941,5.949,4.031,4.687,0.883,0.323,-0.058
2013-11-08,12.694,0.798,0.412,0.107,0.606,0.113,0.091,0.236,0.627,4.941,5.949,4.031,4.687,0.883,0.323,-0.058
2013-11-01,12.694,0.798,0.412,0.107,0.606,0.113,0.091,0.236,0.627,4.941,5.949,4.031,4.687,0.883,0.323,-0.058
2013-10-25,12.694,0.798,0.412,0.107,0.606,0.113,0.091,0.236,0.627,4.941,5.949,4.031,4.687,0.883,0.323,-0.058
2013-10-18,12.694,0.798,0.412,0.107,0.606,0.113,0.091,0.236,0.627,4.941,5.949,4.031,4.687,0.883,0.323,-0.058
2013-10-11,12.694,0.798,0.412,0.107,0.606,0.113,0.091,0.236,0.627,4.941,5.949,4.031,4.687,0.883,0.323,-0.058
2013-10-04,12.694,0.798,0.412,0.107,0.606,0.113,0.091,0.236,0.627,4.941,5.949,4.031,4.687,0.883,0.323,-0.058
2013-09-27,12.694,0.798,0.412,0.107,0.606,0.113,0.091,0.236,0.627,4.941,5.949,4.031,4.687,0.883,0.323,-0.058
2013-09-20,12.694,0.798,0.412,0.107,0.606,0.113,0.091,0.236,0.627,4.941,5.949,4.031,4.687,0.883,0.323,-0.058
2013-09-13,12.694,0.798,0.412,0.107,0.606,0.113,0.091,0.236,0.627,4.941,5.949,4.031,4.687,0.883,0.323,-0.058
2013-09-06,12.694,0.798,0.412,0.107,0.606,0.113,0.091,0.236,0.627,4.941,5.949,4.031,4.687,0.883,0.323,-0.058
2013-08-30,12.694,0.798,0.412,0.107,0.606,0.113,0.091,0.236,0.627,4.941,5.949,4.031,4.687,0.883,0.323,-0.058
2013-08-23,12.694,0.798,0.412,0.107,0.606,0.113,0.091,0.236,0.627,4.941,5.949,4.031,4.687,0.883,0.323,-0.058
2013-08-16,12.694,0.798,0.412,0.107,0.606,0.113,0.091,0.236,0.627,4.941,5.949,4.031,4.687,0.883,0.323,-0.058
2013-08-09,12.694,0.798,0.412,0.107,0.606,0.113,0.091,0.236,0.627,4.941,5.949,4.031,4.687,0.883,0.323,-0.058
2013-08-02,12.694,0.798,0.412,0.107,0.606,0.113,0.091,0.236,0.627,4.941,5.949,4.031,4.687,0.883,0.323,-0.058
2013-07-26,12.694,0.798,0.412,0.107,0.606,0.113,0.091,0.236,0.627,4.941,5.949,4.031,4.687,0.883,0.323,-0.058
2013-07-19,12.694,0.798,0.412,0.107,0.606,0.113,0.091,0.236,0.627,4.941,5.949,4.031,4.687,0.883,0.323,-0.058
2013-07-12,12.694,0.798,0.412,0.107,0.606,0.113,0.091,0.236,0.627,4.941,5.949,4.031,4.687,0.883,0.323,-0.058
2013-07-05,12.694,0.798,0.412,0.107,0.606,0.113,0.091,0.236,0.627,4.941,5.949,4.031,4.687,0.883,0.323,-0.058
2013-06-28,12.694,0.798,0.412,0.107,0.606,0.113,0.091,0.236,0.627,4.941,5.949,4.031,4.687,0.883,0.323,-0.058
2013-06-21,12.694,0.798,0.412,0.107,0.606,0.113,0.091,0.236,0.627,4.941,5.949,4.031,4.687,0.883,0.323,-0.058
2013-06-14,12.694,0.798,0.412,0.107,0.606,0.113,0.091,0.236,0.627,4.941,5.949,4.031,4.687,0.883,0.323,-0.058
2013-06-07,12.694,0.798,0.412,0.107,0.606,0.113,0.091,0.236,0.627,4.941,5.949,4.031,4.687,0.883,0.323,-0.058
2013-05-31,12.694,0.798,0.412,0.107,0.606,0.113,0.091,0.236,0.627,4.941,5.949,4.031,4.687,0.883,0.323,-0.058
2013-05-24,12.694,0.798,0.412,0.107,0.606,0.113,0.091,0.236,0.627,4.941,5.949,4.031,4.687,0.883,0.323,-0.058
2013-05-17,12.694,0.798,0.412,0.107,0.606,0.113,0.091,0.236,0.627,4.941,5.949,4.031,4.687,0.883,0.323,-0.058
2013-05-10,12.694,0.798,0.412,0.107,0.606,0.113,0.091,0.236,0.627,4.941,5.949,4.031,4.687,0.883,0.323,-0.058
2013-05-03,12.694,0.798,0.412,0.107,0.606,0.113,0.091,0.236,0.627,4.941,5.949,4.031,4.687,0.883,0.323,-0.058
2013-04-26,12.694,0.798,0.412,0.107,0.606,0.113,0.091,0.236,0.627,4.941,5.949,4.031,4.687,0.883,0.323,-0.058
2013-04-19,12.694,0.798,0.412,0.107,0.606,0.113,0.091,0.236,0.627,4.941,5.949,4.031,4.687,0.883,0.323,-0.058
2013-04-12,12.694,0.798,0.412,0.107,0.606,0.113,0.091,0.236,0.627,4.941,5.949,4.031,4.687,0.883,0.323,-0.058
2013-04-05,12.694,0.798,0.412,0.107,0.606,0.113,0.091,0.236,0.627,4.941,5.949,4.031,4.687,0.883,0.323,-0.058
2013-03-28,12.694,0.798,0.412,0.107,0.606,0.113,0.091,0.236,0.627,4.941,5.949,4.031,4.687,0.883,0.323,-0.058
2013-03-22,12.694,0.798,0.412,0.107,0.606,0.113,0.091,0.236,0.627,4.941,5.949,4.031,4.687,0.883,0.323,-0.058
2013-03-15,12.694,0.798,0.412,0.107,0.606,0.113,0.091,0.236,0.627,4.941,5.949,4.031,4.687,0.883,0.323,-0.058
2013-03-08,12.694,0.798,0.412,0.107,0.606,0.113,0.091,0.236,0.627,4.941,5.949,4.031,4.687,0.883,0.323,-0.058
2013-03-01,12.694,0.798,0.412,0.107,0.606,0.113,0.091,0.236,0.627,4.941,5.949,4.031,4.687,0.883,0.323,-0.058
2013-02-22,12.694,0.798,0.412,0.107,0.606,0.113,0.091,0.236,0.627,4.941,5.949,4.031,4.687,0.883,0.323,-0.058
2013-02-15,12.694,0.798,0.412,0.107,0.606,0.113,0.091,0.236,0.627,4.941,5.949,4.031,4.687,0.883,0.323,-0.058
2013-02-08,12.694,0.798,0.412,0.107,0.606,0.113,0.091,0.236,0.627,4.941,5.949,4.031,4.687,0.883,0.323,-0.058
2013-02-01,12.694,0.798,0.412,0.107,0.606,0.113,0.091,0.236,0.627,4.941,5.949,4.031,4.687,0.883,0.323,-0.058
2013-01-25,12.694,0.798,0.412,0.107,0.606,0.113,0.091,0.236,0.627,4.941,5.949,4.031,4.687,0.883,0.323,-0.058
2013-01-18,12.694,0.798,0.412,0.107,0.606,0.113,0.091,0.236,0.627,4.941,5.949,4.031,4.687,0.883,0.323,-0.058
2013-01-11,12.694,0.798,0.412,0.107,0.606,0.113,0.091,0.236,0.627,4.941,5.949,4.031,4.687,0.883,0.323,-0.058
2013-01-04,12.694,0.798,0.412,0.107,0.606,0.113,0.091,0.236,0.627,4.941,5.949,4.031,4.687,0.883,0.323,-0.058
2012-12-28,12.694,0.798,0.412,0.107,0.606,0.113,0.091,0.236,0.627,4.941,5.949,4.031,4.687,0.883,0.323,-0.058
2012-12-21,12.694,0.798,0.412,0.107,0.606,0.113,0.091,0.236,0.627,4.941,5.949,4.031,4.687,0.883,0.323,-0.058
2012-12-14,12.694,0.798,0.412,0.107,0.606,0.113,0.091,0.236,0.627,4.941,5.949,4.031,4.687,0.883,0.323,-0.058
2012-12-07,12.694,0.798,0.412,0.107,0.606,0.113,0.091,0.236,0.627,4.941,5.949,4.031,4.687,0.883,0.323,-0.058
2012-11-30,12.694,0.798,0.412,0.107,0.606,0.113,0.091,0.236,0.627,4.941,5.949,4.031,4.687,0.883,0.323,-0.058
2012-11-23,12.694,0.798,0.412,0.107,0.606,0.113,0.091,0.236,0.627,4.941,5.949,4.031,4.687,0.883,0.323,-0.058
2012-11-16,12.694,0.798,0.412,0.107,0.606,0.113,0.091,0.236,0.627,4.941,5.949,4.031,4.687,0.883,0.323,-0.058
2012-11-09,12.694,0.798,0.412,0.107,0.606,0.113,0.091,0.236,0.627,4.941,5.949,4.031,4.687,0.883,0.323,-0.058
2012-11-02,12.694,0.798,0.412,0.107,0.606,0.113,0.091,0.236,0.627,4.941,5.949,4.031,4.687,0.883,0.323,-0.058
2012-10-26,12.694,0.798,0.412,0.107,0.606,0.113,0.091,0.236,0.627,4.941,5.949,4.031,4.687,0.883,0.323,-0.058
2012-10-19,12.694,0.798,0.412,0.107,0.606,0.113,0.091,0.236,0.627,4.941,5.949,4.031,4.687,0.883,0.323,-0.058
2012-10-12,12.694,0.798,0.412,0.107,0.606,0.113,0.091,0.236,0.627,4.941,5.949,4.031,4.687,0.883,0.323,-0.058
2012-10-05,12.694,0.798,0.412,0.107,0.606,0.113,0.091,0.236,0.627,4.941,5.949,4.031,4.687,0.883,0.323,-0.058
2012-09-28,12.694,0.798,0.412,0.107,0.606,0.113,0.091,0.236,0.627,4.941,5.949,4.031,4.687,0.883,0.323,-0.058
2012-09-21,12.694,0.798,0.412,0.107,0.606,0.113,0.091,0.236,0.627,4.941,5.949,4.031,4.687,0.883,0.323,-0.058
2012-09-14,12.694,0.798,0.412,0.107,0.606,0.113,0.091,0.236,0.627,4.941,5.949,4.031,4.687,0.883,0.323,-0.058
2012-09-07,12.694,0.798,0.412,0.107,0.606,0.113,0.091,0.236,0.627,4.941,5.949,4.031,4.687,0.883,0.323,-0.058
2012-08-31,12.694,0.798,0.412,0.107,0.606,0.113,0.091,0.236,0.627,4.941,5.949,4.031,4.687,0.883,0.323,-0.058
2012-08-24,12.694,0.798,0.412,0.107,0.606,0.113,0.091,0.236,0.627,4.941,5.949,4.031,4.687,0.883,0.323,-0.058
2012-08-17,12.694,0.798,0.412,0.107,0.606,0.113,0.091,0.236,0.627,4.941,5.949,4.031,4.687,0.883,0.323,-0.058
2012-08-10,12.694,0.798,0.412,0.107,0.606,0.113,0.091,0.236,0.627,4.941,5.949,4.031,4.687,0.883,0.323,-0.058
2012-08-03,12.694,0.798,0.412,0.107,0.606,0.113,0.091,0.236,0.627,4.941,5.949,4.031,4.687,0.883,0.323,-0.058
2012-07-27,12.694,0.798,0.412,0.107,0.606,0.113,0.091,0.236,0.627,4.941,5.949,4.031,4.687,0.883,0.323,-0.058
2012-07-20,12.694,0.798,0.412,0.107,0.606,0.113,0.091,0.236,0.627,4.941,5.949,4.031,4.687,0.883,0.323,-0.058
2012-07-13,12.694,0.798,0.412,0.107,0.606,0.113,0.091,0.236,0.627,4.941,5.949,4.031,4.687,0.883,0.323,-0.058
2012-07-06,12.694,0.798,0.412,0.107,0.606,0.113,0.091,0.236,0.627,4.941,5.949,4.031,4.687,0.883,0.323,-0.058
2012-06-29,12.694,0.798,0.412,0.107,0.606,0.113,0.091,0.236,0.627,4.941,5.949,4.031,4.687,0.883,0.323,-0.058
2012-06-22,12.694,0.798,0.412,0.107,0.606,0.113,0.091,0.236,0.627,4.941,5.949,4.031,4.687,0.883,0.323,-0.058
2012-06-15,12.694,0.798,0.412,0.107,0.606,0.113,0.091,0.236,0.627,4.941,5.949,4.031,4.687,0.883,0.323,-0.058
2012-06-08,12.694,0.798,0.412,0.107,0.606,0.113,0.091,0.236,0.627,4.941,5.949,4.031,4.687,0.883,0.323,-0.058
2012-06-01,12.694,0.798,0.412,0.107,0.606,0.113,0.091,0.236,0.627,4.941,5.949,4.031,4.687,0.883,0.323,-0.058
2012-05-25,12.694,0.798,0.412,0.107,0.606,0.113,0.091,0.236,0.627,4.941,5.949,4.031,4.687,0.883,0.323,-0.058
2012-05-18,12.694,0.798,0.412,0.107,0.606,0.113,0.091,0.236,0.627,4.941,5.949,4.031,4.687,0.883,0.323,-0.058
2012-05-11,12.694,0.798,0.412,0.107,0.606,0.113,0.091,0.236,0.627,4.941,5.949,4.031,4.687,0.883,0.323,-0.058
2012-05-04,12.694,0.798,0.412,0.107,0.606,0.113,0.091,0.236,0.627,4.941,5.949,4.031,4.687,0.883,0.323,-0.058
2012-04-27,12.694,0.798,0.412,0.107,0.606,0.113,0.091,0.236,0.627,4.941,5.949,4.031,4.687,0.883,0.323,-0.058
2012-04-20,12.694,0.798,0.412,0.107,0.606,0.113,0.091,0.236,0.627,4.941,5.949,4.031,4.687,0.883,0.323,-0.058
2012-04-13,12.694,0.798,0.412,0.107,0.606,0.113,0.091,0.236,0.627,4.941,5.949,4.031,4.687,0.883,0.323,-0.058
2012-04-05,12.694,0.798,0.412,0.107,0.606,0.113,0.091,0.236,0.627,4.941,5.949,4.031,4.687,0.883,0.323,-0.058
2012-03-30,12.694,0.798,0.412,0.107,0.606,0.113,0.091,0.236,0.627,4.941,5.949,4.031,4.687,0.883,0.323,-0.058
2012-03-23,12.694,0.798,0.412,0.107,0.606,0.113,0.091,0.236,0.627,4.941,5.949,4.031,4.687,0.883,0.323,-0.058
2012-03-16,12.694,0.798,0.412,0.107,0.606,0.113,0.091,0.236,0.627,4.941,5.949,4.031,4.687,0.883,0.323,-0.058
2012-03-09,12.694,0.798,0.412,0.107,0.606,0.113,0.091,0.236,0.627,4.941,5.949,4.031,4.687,0.883,0.323,-0.058
2012-03-02,12.694,0.798,0.412,0.107,0.606,0.113,0.091,0.236,0.627,4.941,5.949,4.031,4.687,0.883,0.323,-0.058
2012-02-24,12.694,0.798,0.412,0.107,0.606,0.113,0.091,0.236,0.627,4.941,5.949,4.031,4.687,0.883,0.323,-0.058
2012-02-17,12.694,0.798,0.412,0.107,0.606,0.113,0.091,0.236,0.627,4.941,5.949,4.031,4.687,0.883,0.323,-0.058
2012-02-10,12.694,0.798,0.412,0.107,0.606,0.113,0.091,0.236,0.627,4.941,5.949,4.031,4.687,0.883,0.323,-0.058
2012-02-03,12.694,0.798,0.412,0.107,0.606,0.113,0.091,0.236,0.627,4.941,5.949,4.031,4.687,0.883,0.323,-0.058
2012-01-27,12.694,0.798,0.412,0.107,0.606,0.113,0.091,0.236,0.627,4.941,5.949,4.031,4.687,0.883,0.323,-0.058
2012-01-20,12.694,0.798,0.412,0.107,0.606,0.113,0.091,0.236,0.627,4.941,5.949,4.031,4.687,0.883,0.323,-0.058
2012-01-13,12.694,0.798,0.412,0.107,0.606,0.113,0.091,0.236,0.627,4.941,5.949,4.031,4.687,0.883,0.323,-0.058
2012-01-06,12.694,0.798,0.412,0.107,0.606,0.113,0.091,0.236,0.627,4.941,5.949,4.031,4.687,0.883,0.323,-0.058
2011-12-30,12.694,0.798,0.412,0.107,0.606,0.113,0.091,0.236,0.627,4.941,5.949,4.031,4.687,0.883,0.323,-0.058
2011-12-23,12.694,0.798,0.412,0.107,0.606,0.113,0.091,0.236,0.627,4.941,5.949,4.031,4.687,0.883,0.323,-0.058
2011-12-16,12.694,0.798,0.412,0.107,0.606,0.113,0.091,0.236,0.627,4.941,5.949,4.031,4.687,0.883,0.323,-0.058
2011-12-09,12.694,0.798,0.412,0.107,0.606,0.113,0.091,0.236,0.627,4.941,5.949,4.031,4.687,0.883,0.323,-0.058
2011-12-02,12.694,0.798,0.412,0.107,0.606,0.113,0.091,0.236,0.627,4.941,5.949,4.031,4.687,0.883,0.323,-0.058
2011-11-25,12.694,0.798,0.412,0.107,0.606,0.113,0.091,0.236,0.627,4.941,5.949,4.031,4.687,0.883,0.323,-0.058
2011-11-18,12.694,0.798,0.412,0.107,0.606,0.113,0.091,0.236,0.627,4.941,5.949,4.031,4.687,0.883,0.323,-0.058
2011-11-11,12.694,0.798,0.412,0.107,0.606,0.113,0.091,0.236,0.627,4.941,5.949,4.031,4.687,0.883,0.323,-0.058
2011-11-04,12.694,0.798,0.412,0.107,0.606,0.113,0.091,0.236,0.627,4.941,5.949,4.031,4.687,0.883,0.323,-0.058
2011-10-28,12.694,0.798,0.412,0.107,0.606,0.113,0.091,0.236,0.627,4.941,5.949,4.031,4.687,0.883,0.323,-0.058
2011-10-21,12.694,0.798,0.412,0.107,0.606,0.113,0.091,0.236,0.627,4.941,5.949,4.031,4.687,0.883,0.323,-0.058
2011-10-14,12.694,0.798,0.412,0.107,0.606,0.113,0.091,0.236,0.627,4.941,5.949,4.031,4.687,0.883,0.323,-0.058
2011-10-07,12.694,0.798,0.412,0.107,0.606,0.113,0.091,0.236,0.627,4.941,5.949,4.031,4.687,0.883,0.323,-0.058
2011-09-30,12.694,0.798,0.412,0.107,0.606,0.113,0.091,0.236,0.627,4.941,5.949,4.031,4.687,0.883,0.323,-0.058
2011-09-23,12.694,0.798,0.412,0.107,0.606,0.113,0.091,0.236,0.627,4.941,5.949,4.031,4.687,0.883,0.323,-0.058
2011-09-16,12.694,0.798,0.412,0.107,0.606,0.113,0.091,0.236,0.627,4.941,5.949,4.031,4.687,0.883,0.323,-0.058
2011-09-09,12.694,0.798,0.412,0.107,0.606,0.113,0.091,0.236,0.627,4.941,5.949,4.031,4.687,0.883,0.323,-0.058
2011-09-02,12.694,0.798,0.412,0.107,0.606,0.113,0.091,0.236,0.627,4.941,5.949,4.031,4.687,0.883,0.323,-0.058
2011-08-26,12.694,0.798,0.412,0.107,0.606,0.113,0.091,0.236,0.627,4.941,5.949,4.031,4.687,0.883,0.323,-0.058
2011-08-19,12.694,0.798,0.412,0.107,0.606,0.113,0.091,0.236,0.627,4.941,5.949,4.031,4.687,0.883,0.323,-0.058
2011-08-12,12.694,0.798,0.412,0.107,0.606,0.113,0.091,0.236,0.627,4.941,5.949,4.031,4.687,0.883,0.323,-0.058
2011-08-05,12.694,0.798,0.412,0.107,0.606,0.113,0.091,0.236,0.627,4.941,5.949,4.031,4.687,0.883,0.323,-0.058
2011-07-29,12.694,0.798,0.412,0.107,0.606,0.113,0.091,0.236,0.627,4.941,5.949,4.031,4.687,0.883,0.323,-0.058
2011-07-22,12.694,0.798,0.412,0.107,0.606,0.113,0.091,0.236,0.627,4.941,5.949,4.031,4.687,0.883,0.323,-0.058
2011-07-15,12.694,0.798,0.412,0.107,0.606,0.113,0.091,0.236,0.627,4.941,5.949,4.031,4.687,0.883,0.323,-0.058
2011-07-08,12.694,0.798,0.412,0.107,0.606,0.113,0.091,0.236,0.627,4.941,5.949,4.031,4.687,0.883,0.323,-0.058
2011-07-01,12.694,0.798,0.412,0.107,0.606,0.113,0.091,0.236,0.627,4.941,5.949,4.031,4.687,0.883,0.323,-0.058
2011-06-24,12.694,0.798,0.412,0.107,0.606,0.113,0.091,0.236,0.627,4.941,5.949,4.031,4.687,0.883,0.323,-0.058
2011-06-17,12.694,0.798,0.412,0.107,0.606,0.113,0.091,0.236,0.627,4.941,5.949,4.031,4.687,0.883,0.323,-0.058
2011-06-10,12.694,0.798,0.412,0.107,0.606,0.113,0.091,0.236,0.627,4.941,5.949,4.031,4.687,0.883,0.323,-0.058
2011-06-03,12.694,0.798,0.412,0.107,0.606,0.113,0.091,0.236,0.627,4.941,5.949,4.031,4.687,0.883,0.323,-0.058
2011-05-27,12.694,0.798,0.412,0.107,0.606,0.113,0.091,0.236,0.627,4.941,5.949,4.031,4.687,0.883,0.323,-0.058
2011-05-20,12.694,0.798,0.412,0.107,0.606,0.113,0.091,0.236,0.627,4.941,5.949,4.031,4.687,0.883,0.323,-0.058
2011-05-13,12.694,0.798,0.412,0.107,0.606,0.113,0.091,0.236,0.627,4.941,5.949,4.031,4.687,0.883,0.323,-0.058
2011-05-06,12.694,0.798,0.412,0.107,0.606,0.113,0.091,0.236,0.627,4.941,5.949,4.031,4.687,0.883,0.323,-0.058
2011-04-29,12.694,0.798,0.412,0.107,0.606,0.113,0.091,0.236,0.627,4.941,5.949,4.031,4.687,0.883,0.323,-0.058
2011-04-21,12.694,0.798,0.412,0.107,0.606,0.113,0.091,0.236,0.627,4.941,5.949,4.031,4.687,0.883,0.323,-0.058
2011-04-15,12.694,0.798,0.412,0.107,0.606,0.113,0.091,0.236,0.627,4.941,5.949,4.031,4.687,0.883,0.323,-0.058
2011-04-08,12.694,0.798,0.412,0.107,0.606,0.113,0.091,0.236,0.627,4.941,5.949,4.031,4.687,0.883,0.323,-0.058
2011-04-01,12.694,0.798,0.412,0.107,0.606,0.113,0.091,0.236,0.627,4.941,5.949,4.031,4.687,0.883,0.323,-0.058
2011-03-25,12.694,0.798,0.412,0.107,0.606,0.113,0.091,0.236,0.627,4.941,5.949,4.031,4.687,0.883,0.323,-0.058
2011-03-18,12.694,0.798,0.412,0.107,0.606,0.113,0.091,0.236,0.627,4.941,5.949,4.031,4.687,0.883,0.323,-0.058
2011-03-11,12.694,0.798,0.412,0.107,0.606,0.113,0.091,0.236,0.627,4.941,5.949,4.031,4.687,0.883,0.323,-0.058
2011-03-04,12.694,0.798,0.412,0.107,0.606,0.113,0.091,0.236,0.627,4.941,5.949,4.031,4.687,0.883,0.323,-0.058
2011-02-25,12.694,0.798,0.412,0.107,0.606,0.113,0.091,0.236,0.627,4.941,5.949,4.031,4.687,0.883,0.323,-0.058
2011-02-18,12.694,0.798,0.412,0.107,0.606,0.113,0.091,0.236,0.627,4.941,5.949,4.031,4.687,0.883,0.323,-0.058
2011-02-11,12.694,0.798,0.412,0.107,0.606,0.113,0.091,0.236,0.627,4.941,5.949,4.031,4.687,0.883,0.323,-0.058
2011-02-04,12.694,0.798,0.412,0.107,0.606,0.113,0.091,0.236,0.627,4.941,5.949,4.031,4.687,0.883,0.323,-0.058
2011-01-28,12.694,0.798,0.412,0.107,0.606,0.113,0.091,0.236,0.627,4.941,5.949,4.031,4.687,0.883,0.323,-0.058
2011-01-21,12.694,0.798,0.412,0.107,0.606,0.113,0.091,0.236,0.627,4.941,5.949,4.031,4.687,0.883,0.323,-0.058
2011-01-14,12.694,0.798,0.412,0.107,0.606,0.113,0.091,0.236,0.627,4.941,5.949,4.031,4.687,0.883,0.323,-0.058
2011-01-07,12.694,0.798,0.412,0.107,0.606,0.113,0.091,0.236,0.627,4.941,5.949,4.031,4.687,0.883,0.323,-0.058
2010-12-31,12.694,0.798,0.412,0.107,0.606,0.113,0.091,0.236,0.627,4.941,5.949,4.031,4.687,0.883,0.323,-0.058
2010-12-23,12.694,0.798,0.412,0.107,0.606,0.113,0.091,0.236,0.627,4.941,5.949,4.031,4.687,0.883,0.323,-0.058
2010-12-17,12.694,0.798,0.412,0.107,0.606,0.113,0.091,0.236,0.627,4.941,5.949,4.031,4.687,0.883,0.323,-0.058
2010-12-10,12.694,0.798,0.412,0.107,0.606,0.113,0.091,0.236,0.627,4.941,5.949,4.031,4.687,0.883,0.323,-0.058
2010-12-03,12.694,0.798,0.412,0.107,0.606,0.113,0.091,0.236,0.627,4.941,5.949,4.031,4.687,0.883,0.323,-0.058
2010-11-26,12.694,0.798,0.412,0.107,0.606,0.113,0.091,0.236,0.627,4.941,5.949,4.031,4.687,0.883,0.323,-0.058
2010-11-19,12.694,0.798,0.412,0.107,0.606,0.113,0.091,0.236,0.627,4.941,5.949,4.031,4.687,0.883,0.323,-0.058
2010-11-12,12.694,0.798,0.412,0.107,0.606,0.113,0.091,0.236,0.627,4.941,5.949,4.031,4.687,0.883,0.323,-0.058
2010-11-05,12.694,0.798,0.412,0.107,0.606,0.113,0.091,0.236,0.627,4.941,5.949,4.031,4.687,0.883,0.323,-0.058
2010-10-29,12.694,0.798,0.412,0.107,0.606,0.113,0.091,0.236,0.627,4.941,5.949,4.031,4.687,0.883,0.323,-0.058
2010-10-22,12.694,0.798,0.412,0.107,0.606,0.113,0.091,0.236,0.627,4.941,5.949,4.031,4.687,0.883,0.323,-0.058
2010-10-15,12.694,0.798,0.412,0.107,0.606,0.113,0.091,0.236,0.627,4.941,5.949,4.031,4.687,0.883,0.323,-0.058
2010-10-08,12.694,0.798,0.412,0.107,0.606,0.113,0.091,0.236,0.627,4.941,5.949,4.031,4.687,0.883,0.323,-0.058
2010-10-01,12.694,0.798,0.412,0.107,0.606,0.113,0.091,0.236,0.627,4.941,5.949,4.031,4.687,0.883,0.323,-0.058
2010-09-24,12.694,0.798,0.412,0.107,0.606,0.113,0.091,0.236,0.627,4.941,5.949,4.031,4.687,0.883,0.323,-0.058
2010-09-17,12.694,0.798,0.412,0.107,0.606,0.113,0.091,0.236,0.627,4.941,5.949,4.031,4.687,0.883,0.323,-0.058
2010-09-10,12.694,0.798,0.412,0.107,0.606,0.113,0.091,0.236,0.627,4.941,5.949,4.031,4.687,0.883,0.323,-0.058
2010-09-03,12.694,0.798,0.412,0.107,0.606,0.113,0.091,0.236,0.627,4.941,5.949,4.031,4.687,0.883,0.323,-0.058
2010-08-27,12.694,0.798,0.412,0.107,0.606,0.113,0.091,0.236,0.627,4.941,5.949,4.031,4.687,0.883,0.323,-0.058
2010-08-20,12.694,0.798,0.412,0.107,0.606,0.113,0.091,0.236,0.627,4.941,5.949,4.031,4.687,0.883,0.323,-0.058
2010-08-13,12.694,0.798,0.412,0.107,0.606,0.113,0.091,0.236,0.627,4.941,5.949,4.031,4.687,0.883,0.323,-0.058
2010-08-06,12.694,0.798,0.412,0.107,0.606,0.113,0.091,0.236,0.627,4.941,5.949,4.031,4.687,0.883,0.323,-0.058
2010-07-30,12.694,0.798,0.412,0.107,0.606,0.113,0.091,0.236,0.627,4.941,5.949,4.031,4.687,0.883,0.323,-0.058
2010-07-23,12.694,0.798,0.412,0.107,0.606,0.113,0.091,0.236,0.627,4.941,5.949,4.031,4.687,0.883,0.323,-0.058
2010-07-16,12.694,0.798,0.412,0.107,0.606,0.113,0.091,0.236,0.627,4.941,5.949,4.031,4.687,0.883,0.323,-0.058
2010-07-09,12.694,0.798,0.412,0.107,0.606,0.113,0.091,0.236,0.627,4.941,5.949,4.031,4.687,0.883,0.323,-0.058
2010-07-02,12.694,0.798,0.412,0.107,0.606,0.113,0.091,0.236,0.627,4.941,5.949,4.031,4.687,0.883,0.323,-0.058
2010-06-25,12.694,0.798,0.412,0.107,0.606,0.113,0.091,0.236,0.627,4.941,5.949,4.031,4.687,0.883,0.323,-0.058
2010-06-18,12.694,0.798,0.412,0.107,0.606,0.113,0.091,0.236,0.627,4.941,5.949,4.031,4.687,0.883,0.323,-0.058
2010-06-11,12.694,0.798,0.412,0.107,0.606,0.113,0.091,0.236,0.627,4.941,5.949,4.031,4.687,0.883,0.323,-0.058
2010-06-04,12.694,0.798,0.412,0.107,0.606,0.113,0.091,0.236,0.627,4.941,5.949,4.031,4.687,0.883,0.323,-0.058
2010-05-28,12.694,0.798,0.412,0.107,0.606,0.113,0.091,0.236,0.627,4.941,5.949,4.031,4.687,0.883,0.323,-0.058
2010-05-21,12.694,0.798,0.412,0.107,0.606,0.113,0.091,0.236,0.627,4.941,5.949,4.031,4.687,0.883,0.323,-0.058
2010-05-14,12.694,0.798,0.412,0.107,0.606,0.113,0.091,0.236,0.627,4.941,5.949,4.031,4.687,0.883,0.323,-0.058
2010-05-07,12.694,0.798,0.412,0.107,0.606,0.113,0.091,0.236,0.627,4.941,5.949,4.031,4.687,0.883,0.323,-0.058
2010-04-30,17.169,0.798,0.0,0.074,0.42,0.168,0.11,0.01,0.388,1.98,2.923,6.662,6.7,2.289,0.225,-0.02
2010-04-30,15.502,0.798,0.0,0.074,0.42,0.168,0.11,0.01,0.388,1.98,2.923,6.662,6.7,2.289,0.225,-0.02
2010-04-30,15.73,0.798,0.0,0.074,0.42,0.168,0.11,0.01,0.388,1.98,2.923,6.662,6.7,2.289,0.225,-0.02
2010-04-23,15.73,0.798,0.0,0.074,0.42,0.168,0.11,0.01,0.388,1.98,2.923,6.662,6.7,2.289,0.225,-0.02
2010-04-16,15.73,0.798,0.0,0.074,0.42,0.168,0.11,0.01,0.388,1.98,2.923,6.662,6.7,2.289,0.225,-0.02
2010-04-09,15.73,0.798,0.0,0.074,0.42,0.168,0.11,0.01,0.388,1.98,2.923,6.662,6.7,2.289,0.225,-0.02
2010-04-01,15.73,0.798,0.0,0.074,0.42,0.168,0.11,0.01,0.388,1.98,2.923,6.662,6.7,2.289,0.225,-0.02
2010-03-26,15.73,0.798,0.0,0.074,0.42,0.168,0.11,0.01,0.388,1.98,2.923,6.662,6.7,2.289,0.225,-0.02
2010-03-19,15.73,0.798,0.0,0.074,0.42,0.168,0.11,0.01,0.388,1.98,2.923,6.662,6.7,2.289,0.225,-0.02
2010-03-12,15.73,0.798,0.0,0.074,0.42,0.168,0.11,0.01,0.388,1.98,2.923,6.662,6.7,2.289,0.225,-0.02
2010-03-05,15.73,0.798,0.0,0.074,0.42,0.168,0.11,0.01,0.388,1.98,2.923,6.662,6.7,2.289,0.225,-0.02
2010-02-26,15.73,0.798,0.0,0.074,0.42,0.168,0.11,0.01,0.388,1.98,2.923,6.662,6.7,2.289,0.225,-0.02
2010-02-19,15.73,0.798,0.0,0.074,0.42,0.168,0.11,0.01,0.388,1.98,2.923,6.662,6.7,2.289,0.225,-0.02
2010-02-12,15.73,0.798,0.0,0.074,0.42,0.168,0.11,0.01,0.388,1.98,2.923,6.662,6.7,2.289,0.225,-0.02
2010-02-05,15.73,0.798,0.0,0.074,0.42,0.168,0.11,0.01,0.388,1.98,2.923,6.662,6.7,2.289,0.225,-0.02
2010-01-29,15.73,0.798,0.0,0.074,0.42,0.168,0.11,0.01,0.388,1.98,2.923,6.662,6.7,2.289,0.225,-0.02
2010-01-22,15.73,0.798,0.0,0.074,0.42,0.168,0.11,0.01,0.388,1.98,2.923,6.662,6.7,2.289,0.225,-0.02
2010-01-15,15.73,0.798,0.0,0.074,0.42,0.168,0.11,0.01,0.388,1.98,2.923,6.662,6.7,2.289,0.225,-0.02
2010-01-08,15.73,0.798,0.0,0.074,0.42,0.168,0.11,0.01,0.388,1.98,2.923,6.662,6.7,2.289,0.225,-0.02
