Date,adjusted_close,volume,direction,direction2,Symbol,volatility
2007-01-05,5.1485,53257667,0,0,NVDA,0.04579665280861279
2007-01-12,5.3886,69214468,1,0,NVDA,0.015748277669436154
2007-01-19,4.8761,64400601,0,0,NVDA,0.009411535902802727
2007-01-26,4.8135,58209734,0,1,NVDA,0.011971296891518586
2007-02-02,4.8716,59998601,1,1,NVDA,0.04161841982796856
2007-02-09,4.994,63009601,1,0,NVDA,0.04821301413476319
2007-02-16,5.0047,68744667,1,0,NVDA,0.04970759477821972
2007-02-23,4.994,38990134,0,0,NVDA,0.05814842377140838
2007-03-02,4.5535,58478334,0,0,NVDA,0.06129333851961614
2007-03-09,4.6667,60118468,1,0,NVDA,0.057036099859262585
2007-03-16,4.3363,53301401,0,1,NVDA,0.05151060264473145
2007-03-23,4.633,62032734,1,1,NVDA,0.03470111630262179
2007-03-30,4.402,44602000,0,1,NVDA,0.02381172855695828
2007-04-05,4.7263,42819067,1,1,NVDA,0.009978544169984933
2007-04-13,4.6774,60460801,0,1,NVDA,0.0098467460332132
2007-04-20,4.8777,59547534,1,1,NVDA,0.018706299209316383
2007-04-27,5.0582,53118734,1,1,NVDA,0.03325934456445994
2007-05-04,5.1561,44551468,1,1,NVDA,0.03066534599841699
2007-05-11,5.3748,67421334,1,1,NVDA,0.03842576749914303
2007-05-18,5.3565,48732667,0,1,NVDA,0.019457395340616145
2007-05-25,5.1485,40208800,0,1,NVDA,0.022687187267717124
2007-06-01,5.3351,25975734,1,1,NVDA,0.06908936862220269
2007-06-08,5.5905,54940801,1,1,NVDA,0.06568108959556698
2007-06-15,6.0494,52319601,1,1,NVDA,0.05052518830893934
2007-06-22,6.6719,69672401,1,1,NVDA,0.033583334673708734
2007-06-29,6.3186,56923668,0,1,NVDA,0.031024319213391223
2007-07-06,6.6948,24310401,1,1,NVDA,0.009860413029233732
2007-07-13,7.016,41390134,1,0,NVDA,0.0307048660690577
2007-07-20,6.8983,44153334,0,0,NVDA,0.03231872790178692
2007-07-27,6.7683,43016267,0,0,NVDA,0.019648346376641722
2007-08-03,6.5067,50791534,0,1,NVDA,0.01954416069595574
2007-08-10,6.7285,69067934,1,1,NVDA,0.03572452220476086
2007-08-17,6.8952,66607668,1,1,NVDA,0.043759594060102255
2007-08-24,7.3801,47180001,1,1,NVDA,0.04785454333466142
2007-08-31,7.8252,48683601,1,1,NVDA,0.050090894106528304
2007-09-07,7.7472,39455667,0,1,NVDA,0.020808016261593135
2007-09-14,7.3992,58657867,0,1,NVDA,0.0296314822222069
2007-09-21,7.9131,63065800,1,1,NVDA,0.02381171705642901
2007-09-28,8.3146,52942800,1,1,NVDA,0.046886421288918234
2007-10-05,8.4729,46854300,1,0,NVDA,0.063408343945863
2007-10-12,8.2894,49592100,0,0,NVDA,0.07275820436974761
2007-10-19,8.5785,54914800,1,0,NVDA,0.06571739878222767
2007-10-26,7.8925,70505500,0,0,NVDA,0.026762795846751848
2007-11-02,8.4293,71834400,1,0,NVDA,0.04641835123106238
2007-11-09,7.6539,85147600,0,0,NVDA,0.06145992455701807
2007-11-16,7.4451,75729400,0,1,NVDA,0.016769589116036734
2007-11-23,6.9334,49536700,0,1,NVDA,0.02928521095658209
2007-11-30,7.2363,64026000,1,1,NVDA,0.019191690152547104
2007-12-07,7.7732,55513700,1,1,NVDA,0.0632488964461973
2007-12-14,8.0462,59767000,1,0,NVDA,0.05315180419501885
2007-12-21,8.0668,46779700,1,0,NVDA,0.023470708628977783
2007-12-28,7.9819,20569500,0,0,NVDA,0.0450356135737262
2008-01-04,6.883,49290000,0,0,NVDA,0.06469408345257051
2008-01-11,6.2061,99545900,0,0,NVDA,0.05968677875954
2008-01-18,5.6991,119592000,0,0,NVDA,0.07978086328300896
2008-01-25,5.7243,73101900,1,0,NVDA,0.045990863680528564
2008-02-01,6.1626,67609500,1,0,NVDA,0.04567347050634593
2008-02-08,5.7335,66887400,0,0,NVDA,0.03603257724237749
2008-02-15,5.1095,121434800,0,0,NVDA,0.01812209235077391
2008-02-22,5.1209,67123700,1,0,NVDA,0.04134580752784839
2008-02-29,4.9076,70480100,0,0,NVDA,0.05151636255736119
2008-03-07,4.4854,92883900,0,0,NVDA,0.044252936260112646
2008-03-14,4.2032,118821500,0,0,NVDA,0.04540955883674303
2008-03-20,4.2491,84753600,1,1,NVDA,0.029514619557737383
2008-03-28,4.5152,87689400,1,1,NVDA,0.029730215753981253
2008-04-04,4.3087,106022800,0,1,NVDA,0.037689709575659404
2008-04-11,4.2514,106066700,0,1,NVDA,0.04783070072042311
2008-04-18,4.3638,75931600,1,1,NVDA,0.04919537105110705
2008-04-25,4.6231,87400700,1,1,NVDA,0.05622691862781884
2008-05-02,5.1668,108076700,1,1,NVDA,0.061275790019927355
2008-05-09,5.1691,144460300,1,1,NVDA,0.05229706834246168
2008-05-16,5.6004,121723200,1,1,NVDA,0.07476242265714408
2008-05-23,5.3022,112309400,0,0,NVDA,0.03609787417861636
2008-05-30,5.667,77707400,1,0,NVDA,0.03678066051442201
2008-06-06,5.5201,100495400,0,0,NVDA,0.14451528981986236
2008-06-13,4.8892,109857300,0,0,NVDA,0.14580762492071728
2008-06-20,4.5336,97740400,0,0,NVDA,0.15008729432304171
2008-06-27,4.4235,104654800,0,0,NVDA,0.02897409291394742
2008-07-03,2.8656,132153000,0,0,NVDA,0.02740845040314251
2008-07-11,2.6775,182147500,0,0,NVDA,0.0334012783454716
2008-07-18,2.6522,120024800,0,0,NVDA,0.10023965463945166
2008-07-25,2.6522,86691600,0,1,NVDA,0.07016597075783561
2008-08-01,2.487,86405800,0,1,NVDA,0.10184123201330537
2008-08-08,2.5238,92393900,1,1,NVDA,0.05858282421239715
2008-08-15,2.9734,177888000,1,1,NVDA,0.02500270151327493
2008-08-22,3.1226,113315600,1,0,NVDA,0.10640233588540718
2008-08-29,2.9,60513200,0,0,NVDA,0.10152572430312999
2008-09-05,2.6775,72900300,0,0,NVDA,0.1465186199015104
2008-09-12,2.3379,133339900,0,0,NVDA,0.12339185168181495
2008-09-19,2.6178,155395200,1,0,NVDA,0.1699219476520573
2008-09-26,2.6821,90568900,1,0,NVDA,0.15481952810733882
2008-10-03,2.0718,97376200,0,0,NVDA,0.18880574181694565
2008-10-10,1.5624,151669200,0,0,NVDA,0.19404057023203553
2008-10-17,1.7552,120971200,1,1,NVDA,0.20865802442473844
2008-10-24,1.5165,87160100,0,0,NVDA,0.07126050641399893
2008-10-31,2.0098,94799700,1,0,NVDA,0.15094487619731115
2008-11-07,2.0006,101527700,0,0,NVDA,0.11667587528740601
2008-11-14,1.645,83430600,0,0,NVDA,0.08694718546952854
2008-11-21,1.4638,72475800,0,1,NVDA,0.0851184516465303
2008-11-28,1.7139,47615100,1,1,NVDA,0.11829827145868471
2008-12-05,1.6886,62912700,0,1,NVDA,0.1145342331360716
2008-12-12,1.9731,94021100,1,1,NVDA,0.12497228602823623
2008-12-19,1.9548,70426100,0,0,NVDA,0.10264565302979353
2008-12-26,1.723,31817200,0,0,NVDA,0.03976199726145308
2009-01-02,1.9984,45218300,1,1,NVDA,0.027408164900652576
2009-01-09,1.8194,100239600,0,0,NVDA,0.11791198760308484
2009-01-16,1.8332,131859800,1,1,NVDA,0.16319193628717968
2009-01-23,1.7689,63388300,0,1,NVDA,0.17358728638700416
2009-01-30,1.824,73767200,1,0,NVDA,0.10310599828814308
2009-02-06,2.2645,95781100,1,1,NVDA,0.07053013210974948
2009-02-13,1.9066,140437900,0,0,NVDA,0.06320715782594197
2009-02-20,1.746,73496800,0,1,NVDA,0.08424957339638997
2009-02-27,1.8997,97860800,1,1,NVDA,0.08088280907241154
2009-03-06,1.9249,119502800,1,1,NVDA,0.0557151320292414
2009-03-13,2.2484,140056100,1,1,NVDA,0.013897860463429841
2009-03-20,2.1865,124515200,0,1,NVDA,0.04597437193254924
2009-03-27,2.3999,131008100,1,1,NVDA,0.04212928220633273
2009-04-03,2.5972,111982800,1,1,NVDA,0.02209062898019048
2009-04-09,2.7624,78278900,1,1,NVDA,0.09817177126092168
2009-04-17,2.6981,106487300,0,0,NVDA,0.09495689232104763
2009-04-24,2.6224,98817700,0,0,NVDA,0.13526313946252508
2009-05-01,2.6775,105797700,1,0,NVDA,0.07413543329728643
2009-05-08,2.1222,172990700,0,0,NVDA,0.03591838955299226
2009-05-15,2.0052,133594000,0,1,NVDA,0.011393428380335541
2009-05-22,2.253,119784600,1,1,NVDA,0.038669498150374085
2009-05-29,2.393,87730300,1,1,NVDA,0.03827880042907841
2009-06-05,2.4847,97490200,1,1,NVDA,0.038719236395387886
2009-06-12,2.6408,86561400,1,1,NVDA,0.041710355217151975
2009-06-19,2.5651,78825800,0,0,NVDA,0.10245141023559762
2009-06-26,2.6545,76603100,1,1,NVDA,0.08710211106387263
2009-07-02,2.5008,58715800,0,1,NVDA,0.06793593082084584
2009-07-10,2.3792,106647100,0,1,NVDA,0.033129825115163464
2009-07-17,2.7692,95845500,1,1,NVDA,0.03481165458753714
2009-07-24,2.9734,100541800,1,1,NVDA,0.0343650421623133
2009-07-31,2.9666,65616000,0,1,NVDA,0.03340954887125163
2009-08-07,3.1455,103437700,1,1,NVDA,0.013017603781122834
2009-08-14,3.079,70032800,0,1,NVDA,0.02221302561846946
2009-08-21,3.196,77034800,1,1,NVDA,0.0608081325070205
2009-08-28,3.3795,69372900,1,1,NVDA,0.06521504850571906
2009-09-04,3.4667,65509400,1,0,NVDA,0.010046353784313783
2009-09-11,3.7439,61052000,1,0,NVDA,0.03264074216634975
2009-09-18,3.492,81788800,0,0,NVDA,0.038365958936469935
2009-09-25,3.3268,58988300,0,0,NVDA,0.03764551385162474
2009-10-02,3.1776,85675700,0,0,NVDA,0.0359276678361759
2009-10-09,3.2511,95880500,1,0,NVDA,0.07804907279559561
2009-10-16,3.0331,107852700,0,0,NVDA,0.07882085693463849
2009-10-23,3.017,66714500,0,1,NVDA,0.06086409472386087
2009-10-30,2.744,77209100,0,0,NVDA,0.032280891439894085
2009-11-06,3.0193,124567900,1,1,NVDA,0.06962517825601992
2009-11-13,3.1111,84137400,1,1,NVDA,0.05081272506268762
2009-11-20,2.9597,61726200,0,1,NVDA,0.02095938176840886
2009-11-27,2.9344,38278000,0,1,NVDA,0.016779384066719995
2009-12-04,3.2717,76466600,1,1,NVDA,0.03003134665612003
2009-12-11,3.4897,132826000,1,1,NVDA,0.03367523793682474
2009-12-18,3.859,109100000,1,1,NVDA,0.04560444636141473
2009-12-24,4.1504,44996100,1,1,NVDA,0.028925804228861828
2009-12-31,4.2858,58648900,1,0,NVDA,0.01653918080506276
2010-01-08,4.256,80099500,0,0,NVDA,0.050904031481939324
2010-01-15,3.9256,77990700,0,0,NVDA,0.0601152350943497
2010-01-22,3.7765,73540100,0,1,NVDA,0.05045083041940715
2010-01-29,3.531,90832000,0,1,NVDA,0.0494744813443705
2010-02-05,3.7214,93756900,1,1,NVDA,0.04494064029111225
2010-02-12,3.9806,84683100,1,1,NVDA,0.03441778609034234
2010-02-19,3.804,83991000,0,0,NVDA,0.027185863012035384
2010-02-26,3.7168,59102100,0,1,NVDA,0.0023448817980349355
2010-03-05,3.9393,67101100,1,1,NVDA,0.004983742759598637
2010-03-12,3.9577,68741900,1,1,NVDA,0.007701783333311573
2010-03-19,3.9577,75015900,0,0,NVDA,0.007204838702535467
2010-03-26,3.9784,55126500,1,0,NVDA,0.016559124274951563
2010-04-01,3.9508,36201600,0,0,NVDA,0.021222663862466434
2010-04-09,3.8981,97388400,0,0,NVDA,0.03364249498177394
2010-04-16,3.9141,124280200,1,0,NVDA,0.027504266917162352
2010-04-23,3.7719,101960900,0,0,NVDA,0.038385758620055
2010-04-30,3.6044,95628400,0,0,NVDA,0.04240223582723135
2010-05-07,3.2029,146944700,0,0,NVDA,0.04568494990983272
2010-05-14,2.9734,161364600,0,0,NVDA,0.04625335098085367
2010-05-21,2.9207,113885700,0,0,NVDA,0.058465706077195034
2010-05-28,3.0147,97123000,1,0,NVDA,0.06545219300482082
2010-06-04,2.775,60859900,0,0,NVDA,0.06975506560434071
2010-06-11,2.6637,82397700,0,0,NVDA,0.04668722011286127
2010-06-18,2.822,76552300,1,0,NVDA,0.03459445998276874
2010-06-25,2.5421,81107700,0,0,NVDA,0.02476716993782201
2010-07-02,2.3517,78249800,0,0,NVDA,0.058963061679292744
2010-07-09,2.3746,66880500,1,0,NVDA,0.06981567807966728
2010-07-16,2.3058,122151700,0,0,NVDA,0.06281294608354325
2010-07-23,2.3769,96614600,1,0,NVDA,0.03299183200736416
2010-07-30,2.1085,158414800,0,0,NVDA,0.032230667387701285
2010-08-06,2.1911,106709200,1,1,NVDA,0.0342110941393133
2010-08-13,2.1544,129403500,0,1,NVDA,0.017970285231101477
2010-08-20,2.2874,114214000,1,1,NVDA,0.028462865699726645
2010-08-27,2.3219,96637400,1,1,NVDA,0.06233532593159619
2010-09-03,2.2711,88712700,0,1,NVDA,0.09647292014235287
2010-09-10,2.3104,85775400,1,1,NVDA,0.10483972220791014
2010-09-17,2.4205,76301600,1,1,NVDA,0.04802286635080775
2010-09-24,2.8128,138765900,1,1,NVDA,0.040414014379257325
2010-10-01,2.6041,112108800,0,0,NVDA,0.011407073995357833
2010-10-08,2.4916,100727800,0,1,NVDA,0.013378801858149566
2010-10-15,2.5902,81393300,1,1,NVDA,0.014962321536358474
2010-10-22,2.7073,110373200,1,1,NVDA,0.006364984189753422
2010-10-29,2.7579,77607300,1,1,NVDA,0.026903839756762603
2010-11-05,2.892,79045900,1,1,NVDA,0.04023734121219203
2010-11-12,3.0423,124816900,1,1,NVDA,0.04228197789107651
2010-11-19,3.1552,93356800,1,1,NVDA,0.05190023506084709
2010-11-26,3.1203,36534700,0,1,NVDA,0.031811758451024866
2010-12-03,3.3933,73775600,1,1,NVDA,0.034912196800470245
2010-12-10,3.4294,86819900,1,1,NVDA,0.12023517681073645
2010-12-17,3.2969,80336800,0,1,NVDA,0.10605749189579207
2010-12-23,3.4231,39070300,1,1,NVDA,0.1461143188423429
2010-12-31,3.5333,29829000,1,1,NVDA,0.10018044995889783
2011-01-07,4.5588,224258600,1,1,NVDA,0.06284566239857374
2011-01-14,5.4123,304596900,1,1,NVDA,0.0758223084517379
2011-01-21,5.0978,121547400,0,0,NVDA,0.08117174468793331
2011-01-28,5.4513,149265200,1,1,NVDA,0.08679992126933214
2011-02-04,5.8895,122863900,1,0,NVDA,0.09058551296003907
2011-02-11,5.3848,142249200,0,0,NVDA,0.014367329302488178
2011-02-18,5.8803,208942000,1,0,NVDA,0.04508843230532494
2011-02-25,5.3045,122750600,0,0,NVDA,0.07684639068143195
2011-03-04,4.7619,154093700,0,0,NVDA,0.038068727655019195
2011-03-11,4.1412,187371700,0,0,NVDA,0.04120290387652626
2011-03-18,4.0426,146540900,0,0,NVDA,0.0453202597129169
2011-03-25,4.2743,130738600,1,1,NVDA,0.04326000024963317
2011-04-01,4.1757,115038800,0,0,NVDA,0.039605146401965136
2011-04-08,4.0265,109253700,0,1,NVDA,0.04904747290999235
2011-04-15,4.2927,109024400,1,1,NVDA,0.05922619376232762
2011-04-21,4.2491,61881500,0,0,NVDA,0.018620343402142105
2011-04-29,4.5886,81640400,1,0,NVDA,0.055103183361073824
2011-05-06,4.4326,86156500,0,0,NVDA,0.054553221769043425
2011-05-13,4.1894,131562400,0,0,NVDA,0.06688428378376311
2011-05-20,4.1504,100852500,0,0,NVDA,0.01021773627368324
2011-05-27,4.4739,80473600,1,0,NVDA,0.033319314737601816
2011-06-03,4.2353,77995400,0,0,NVDA,0.043061585578388566
2011-06-10,3.9279,66860300,0,0,NVDA,0.028692006531231627
2011-06-17,3.6262,113451100,0,0,NVDA,0.04616562734135653
2011-06-24,3.6113,84375800,0,0,NVDA,0.06320363721270139
2011-07-01,3.7042,99700000,1,0,NVDA,0.0688747800906669
2011-07-08,3.5401,66763200,0,0,NVDA,0.06374935012809613
2011-07-15,3.235,103327300,0,0,NVDA,0.03140258460563862
2011-07-22,3.4415,99099800,1,0,NVDA,0.03510911128804042
2011-07-29,3.173,81081000,0,0,NVDA,0.08133189355255042
2011-08-05,2.9711,134790200,0,0,NVDA,0.08139839122889915
2011-08-12,2.9551,195716000,0,0,NVDA,0.04861372230593189
2011-08-19,2.6912,92456100,0,1,NVDA,0.05025697084398125
2011-08-26,2.9849,91532900,1,1,NVDA,0.0966130470684082
2011-09-02,2.9643,80644100,0,1,NVDA,0.10118844157492371
2011-09-09,3.1845,101321500,1,0,NVDA,0.10931697066132459
2011-09-16,3.547,136550100,1,1,NVDA,0.10114818355414247
2011-09-23,3.1639,120049100,0,1,NVDA,0.09459657368609074
2011-09-30,2.8702,113356100,0,1,NVDA,0.08270943837291865
2011-10-07,3.2465,118708000,1,1,NVDA,0.06786007207941991
2011-10-14,3.6067,87995100,1,1,NVDA,0.051992985680907614
2011-10-21,3.3222,84475000,0,0,NVDA,0.03438474177078081
2011-10-28,3.5791,67106400,1,0,NVDA,0.03746314625524263
2011-11-04,3.4002,91915700,0,0,NVDA,0.0778813964456426
2011-11-11,3.4369,110938800,1,1,NVDA,0.0712115635786529
2011-11-18,3.196,66930700,0,0,NVDA,0.09224205160159399
2011-11-25,3.2212,96255700,1,0,NVDA,0.05973361805001741
2011-12-02,3.6067,78015100,1,1,NVDA,0.05803830714289606
2011-12-09,3.4185,69396800,0,0,NVDA,0.033407572654304524
2011-12-16,3.0996,69502200,0,0,NVDA,0.04365392772666485
2011-12-23,3.2511,57060400,1,1,NVDA,0.04655061229314641
2011-12-30,3.1799,20693500,0,1,NVDA,0.0463996183696324
2012-01-06,3.3359,47805400,1,1,NVDA,0.010352209007920655
2012-01-13,3.1501,67387700,0,1,NVDA,0.024136663270566433
2012-01-20,3.2625,60360900,1,1,NVDA,0.028490331274778985
2012-01-27,3.4208,95438300,1,1,NVDA,0.003814700712132264
2012-02-03,3.6296,59411600,1,1,NVDA,0.010678947026535204
2012-02-10,3.6468,63474700,1,0,NVDA,0.013599183406317116
2012-02-17,3.6365,127105700,0,0,NVDA,0.008804548146431584
2012-02-24,3.6227,42531100,0,0,NVDA,0.0135576240654731
2012-03-02,3.5287,81709200,0,0,NVDA,0.032252688991808574
2012-03-09,3.4002,55673000,0,1,NVDA,0.0443065342625445
2012-03-16,3.3497,59991600,0,0,NVDA,0.04737345185533132
2012-03-23,3.3371,51592100,0,0,NVDA,0.009585693479355029
2012-03-30,3.5321,62523900,1,0,NVDA,0.010866844109111545
2012-04-05,3.3566,42589300,0,0,NVDA,0.011464091589045666
2012-04-13,3.2488,47625400,0,0,NVDA,0.05772799849152342
2012-04-20,3.0721,62542700,0,0,NVDA,0.07084838864578163
2012-04-27,2.978,79459000,0,0,NVDA,0.06810766929872467
2012-05-04,2.8128,57989600,0,0,NVDA,0.04580066550189781
2012-05-11,3.0308,90489800,1,0,NVDA,0.02570096642460615
2012-05-18,2.7715,60263700,0,0,NVDA,0.022052363609804226
2012-05-25,2.845,55864300,1,1,NVDA,0.021013506459865536
2012-06-01,2.7486,37224200,0,1,NVDA,0.0220203120444054
2012-06-08,2.7807,51603400,1,1,NVDA,0.042894578927184214
2012-06-15,2.8197,70116400,1,1,NVDA,0.05364576903996133
2012-06-22,2.9815,90483900,1,1,NVDA,0.034137903005045996
2012-06-29,3.1708,65005900,1,0,NVDA,0.04859270650805895
2012-07-06,3.0744,36595100,0,0,NVDA,0.01569685035943666
2012-07-13,2.8805,52500000,0,1,NVDA,0.019996019899002647
2012-07-20,2.9379,56299500,1,1,NVDA,0.027019262933535425
2012-07-27,3.0916,48318700,1,1,NVDA,0.03136849512278498
2012-08-03,3.1478,44542800,1,1,NVDA,0.018206766771452054
2012-08-10,3.3545,84644300,1,1,NVDA,0.018327727298343467
2012-08-17,3.3612,52783700,1,0,NVDA,0.03533652250744493
2012-08-24,3.3497,42374000,0,0,NVDA,0.03187705608582779
2012-08-31,3.2189,42366800,0,0,NVDA,0.024484281988873303
2012-09-07,3.0744,65326700,0,0,NVDA,0.008494611465869904
2012-09-14,3.1753,46245700,1,0,NVDA,0.019384484665094976
2012-09-21,3.1352,49149200,0,0,NVDA,0.020566525580049986
2012-09-28,3.0606,58014600,0,0,NVDA,0.01985643200504616
2012-10-05,3.0514,55406900,0,0,NVDA,0.03187623315942684
2012-10-12,2.8977,37868400,0,0,NVDA,0.02521830181389699
2012-10-19,2.7773,49330300,0,0,NVDA,0.042249767194101596
2012-10-26,2.7647,52110900,0,0,NVDA,0.04924899720542665
2012-11-02,2.8656,26925800,1,0,NVDA,0.048963101157381866
2012-11-09,2.7968,70139200,0,0,NVDA,0.023857005515910964
2012-11-16,2.6109,71157100,0,0,NVDA,0.024115142601171275
2012-11-23,2.7481,36007800,1,1,NVDA,0.030688275616941447
2012-11-30,2.7642,54088200,1,1,NVDA,0.03430352677381903
2012-12-07,2.7608,57591400,0,1,NVDA,0.05018230298120237
2012-12-14,2.9074,61149700,1,1,NVDA,0.06593172915321585
2012-12-21,2.852,52917900,0,0,NVDA,0.06481003129649841
2012-12-28,2.7942,21113000,0,0,NVDA,0.03871214881048094
2013-01-04,3.0367,40728800,1,1,NVDA,0.010826686717267253
2013-01-11,2.8197,69792900,0,0,NVDA,0.010134329561532342
2013-01-18,2.8104,49919300,0,1,NVDA,0.014578610653098378
2013-01-25,2.8658,38023300,1,1,NVDA,0.01892970133194558
2013-02-01,2.8566,46457900,0,1,NVDA,0.019994984939489913
2013-02-08,2.8566,53924000,0,1,NVDA,0.01577065531516128
2013-02-15,2.94,78961600,1,1,NVDA,0.014648702468411214
2013-02-22,2.8912,52428000,0,0,NVDA,0.010396825650154972
2013-03-01,2.9529,64742900,1,1,NVDA,0.019520158893578544
2013-03-08,2.9785,40601600,1,1,NVDA,0.023930100380974404
2013-03-15,2.9366,45888100,0,0,NVDA,0.03342092302318359
2013-03-22,2.8995,39147200,0,1,NVDA,0.040248618022085215
2013-03-28,2.9808,29970900,1,1,NVDA,0.04686224208133762
2013-04-05,2.8948,50338400,0,1,NVDA,0.044578031754736874
2013-04-12,3.0412,70792500,1,1,NVDA,0.013307461412629598
2013-04-19,2.9204,53444700,0,1,NVDA,0.010483408849324208
2013-04-26,3.1155,46415700,1,1,NVDA,0.026979708063152644
2013-05-03,3.2224,37627100,1,1,NVDA,0.016683523971534553
2013-05-10,3.3781,60678800,1,1,NVDA,0.006710933467052657
2013-05-17,3.4547,41940200,1,0,NVDA,0.0020120182221733092
2013-05-24,3.3951,43793900,0,0,NVDA,0.00455077275848202
2013-05-31,3.3787,36909100,0,0,NVDA,0.012630300194591486
2013-06-07,3.3729,47207300,0,0,NVDA,0.017159544041169275
2013-06-14,3.3507,32633500,0,0,NVDA,0.02295398366011507
2013-06-21,3.3659,81115500,1,1,NVDA,0.02354704834390626
2013-06-28,3.2783,71436400,0,0,NVDA,0.022671878659332605
2013-07-05,3.325,19524700,1,1,NVDA,0.027564178718863092
2013-07-12,3.4184,27102700,1,1,NVDA,0.02438347543781868
2013-07-19,3.325,33875300,0,0,NVDA,0.029497941644123657
2013-07-26,3.3157,32352700,0,1,NVDA,0.029626048194120846
2013-08-02,3.4464,30076300,1,1,NVDA,0.02847796840294467
2013-08-09,3.3834,47202400,0,1,NVDA,0.00997510108067347
2013-08-16,3.5466,61922184,1,1,NVDA,0.031770197164269195
2013-08-23,3.5106,31582500,0,1,NVDA,0.027400760423147145
2013-08-30,3.4614,38769400,0,1,NVDA,0.032885344632125606
2013-09-06,3.4919,22710500,1,1,NVDA,0.0065133199941767705
2013-09-13,3.7078,34955200,1,1,NVDA,0.00904594083017055
2013-09-20,3.7066,31294900,0,0,NVDA,0.023560668893249846
2013-09-27,3.6561,25871700,0,1,NVDA,0.031061517635156775
2013-10-04,3.6585,32466200,1,0,NVDA,0.029421721821037777
2013-10-11,3.5811,29342800,0,0,NVDA,0.023266941423729134
2013-10-18,3.7101,26347800,1,1,NVDA,0.01559951744969395
2013-10-25,3.5764,29840100,0,1,NVDA,0.04112795805235704
2013-11-01,3.5799,37137800,1,1,NVDA,0.04244344924194541
2013-11-08,3.6515,57957100,1,1,NVDA,0.034289827495025973
2013-11-15,3.7946,42619000,1,0,NVDA,0.023449585926411057
2013-11-22,3.5819,27516900,0,0,NVDA,0.030877755825901323
2013-11-29,3.681,32490500,1,1,NVDA,0.029980031475916533
2013-12-06,3.6503,42760500,0,1,NVDA,0.021515869321182376
2013-12-13,3.5441,44173900,0,1,NVDA,0.00473552386094987
2013-12-20,3.701,39464500,1,1,NVDA,0.009099773737720127
2013-12-27,3.7187,15701600,1,1,NVDA,0.018217322699108765
2014-01-03,3.6975,25084500,0,0,NVDA,0.01893133370269844
2014-01-10,3.7117,39040900,1,1,NVDA,0.01735507740958843
2014-01-17,3.773,30531400,1,1,NVDA,0.05593664341041123
2014-01-24,3.6716,25393500,0,1,NVDA,0.04996236516798211
2014-01-31,3.7046,27574900,1,1,NVDA,0.05704485268574549
2014-02-07,3.7447,31318100,1,1,NVDA,0.021966645010906234
2014-02-14,4.2261,75616400,1,1,NVDA,0.011882079262010903
2014-02-21,4.3983,43211700,1,0,NVDA,0.028674286961074276
2014-02-28,4.3566,42918000,0,0,NVDA,0.03418340004156766
2014-03-07,4.3519,35909000,0,0,NVDA,0.031027932805067996
2014-03-14,4.2239,42068900,0,0,NVDA,0.02020290196348045
2014-03-21,4.3946,42941100,1,1,NVDA,0.010660341566576343
2014-03-28,4.2429,52695600,0,1,NVDA,0.010636360747943548
2014-04-04,4.3021,53430100,1,1,NVDA,0.016621727345326947
2014-04-11,4.295,51177400,0,1,NVDA,0.013090422699438815
2014-04-17,4.3993,24587200,1,0,NVDA,0.006564772268084114
2014-04-25,4.4396,33469900,1,0,NVDA,0.02310252234385693
2014-05-02,4.3685,26457700,0,0,NVDA,0.017154034453657395
2014-05-09,4.2784,48040200,0,1,NVDA,0.014115516436929777
2014-05-16,4.2571,33628400,0,1,NVDA,0.012087958478999829
2014-05-23,4.4031,28650200,1,1,NVDA,0.02376027629332718
2014-05-30,4.5246,21134200,1,1,NVDA,0.02686296943333845
2014-06-06,4.5317,23392400,1,0,NVDA,0.02628711739170004
2014-06-13,4.6532,32407300,1,0,NVDA,0.023056199877962164
2014-06-20,4.5079,34987600,0,0,NVDA,0.024408460094941232
2014-06-27,4.3769,36628200,0,0,NVDA,0.020898593410615465
2014-07-03,4.4889,20446700,1,0,NVDA,0.013275419444043899
2014-07-11,4.5365,29865000,1,0,NVDA,0.046160698009852084
2014-07-18,4.3912,47011300,0,0,NVDA,0.0358817575197046
2014-07-25,4.2364,34006000,0,1,NVDA,0.03293462332711307
2014-08-01,4.2126,35406800,0,1,NVDA,0.0073372870442276784
2014-08-08,4.5246,51634000,1,1,NVDA,0.008355274235673277
2014-08-15,4.5341,38079000,1,1,NVDA,0.031077499605101727
2014-08-22,4.5636,31945600,1,1,NVDA,0.02841836550192586
2014-08-29,4.6521,24840600,1,0,NVDA,0.016747452495469092
2014-09-05,4.7764,29942900,1,0,NVDA,0.010640785828584945
2014-09-12,4.5731,30087700,0,0,NVDA,0.025607533452950366
2014-09-19,4.5636,37714800,0,0,NVDA,0.044990199912276305
2014-09-26,4.4356,27882381,0,0,NVDA,0.059222828243773354
2014-10-03,4.3603,34122171,0,0,NVDA,0.01186347207624246
2014-10-10,4.029,43986904,0,1,NVDA,0.02187962020464497
2014-10-17,4.1665,45513659,1,1,NVDA,0.024661926414599054
2014-10-24,4.4201,30396243,1,1,NVDA,0.01598803409774016
2014-10-31,4.6736,23315456,1,1,NVDA,0.015986078290890975
2014-11-07,4.7334,46238157,1,1,NVDA,0.013778752829734935
2014-11-14,4.7322,27413983,0,1,NVDA,0.04014189218876594
2014-11-21,4.9132,25668816,1,0,NVDA,0.045198082179183884
2014-11-28,5.0369,16758561,1,0,NVDA,0.04555861213138431
2014-12-05,5.0609,26819536,1,0,NVDA,0.02554776970448177
2014-12-12,4.7151,28275718,0,0,NVDA,0.012578749479305406
2014-12-19,4.9048,33432248,1,1,NVDA,0.009547788216068498
2014-12-26,4.9457,8913568,1,0,NVDA,0.02016662221445179
2015-01-02,4.8352,11886108,0,1,NVDA,0.04585323058151996
2015-01-09,4.7895,30237340,0,0,NVDA,0.05864909244121091
2015-01-16,4.7943,23829355,1,1,NVDA,0.07214035474978761
2015-01-23,4.9745,14130412,1,1,NVDA,0.03841063756094762
2015-01-30,4.613,32436442,0,1,NVDA,0.04606124293062856
2015-02-06,4.9,24388959,1,1,NVDA,0.012850682890370654
2015-02-13,5.3588,45199821,1,1,NVDA,0.012565566002292309
2015-02-20,5.3648,17537043,1,1,NVDA,0.01117825831431176
2015-02-27,5.3189,17713632,0,1,NVDA,0.0527289657215983
2015-03-06,5.4371,31728648,1,0,NVDA,0.05055332335218717
2015-03-13,5.4732,44449373,1,0,NVDA,0.06949536771616194
2015-03-20,5.6589,43089482,1,1,NVDA,0.04754447716952921
2015-03-27,5.155,48231291,0,0,NVDA,0.04617825983387382
2015-04-02,5.0778,28337507,0,1,NVDA,0.02402737837384025
2015-04-10,5.4877,43398435,1,1,NVDA,0.048654792468656116
2015-04-17,5.3527,24434538,0,0,NVDA,0.05311606373330576
2015-04-24,5.3117,29245933,0,0,NVDA,0.04440052547036641
2015-05-01,5.4853,19638612,1,0,NVDA,0.03143509595620936
2015-05-08,5.0212,62281185,0,0,NVDA,0.0323825258115571
2015-05-15,5.1357,43758607,1,1,NVDA,0.0459426239127637
2015-05-22,5.0529,30697627,0,0,NVDA,0.036362454967668725
2015-05-29,5.3605,33872223,1,1,NVDA,0.041328001323145076
2015-06-05,5.392,37119544,1,0,NVDA,0.0359760486873893
2015-06-12,5.1135,43398509,0,0,NVDA,0.014806085562086893
2015-06-19,5.2976,36301091,1,0,NVDA,0.020288738201870212
2015-06-26,5.0238,48835681,0,0,NVDA,0.023002613807777097
2015-07-02,4.9463,28908069,0,0,NVDA,0.025913471133686205
2015-07-10,4.784,42895489,0,0,NVDA,0.07675719839791698
2015-07-17,4.8615,30767167,1,1,NVDA,0.05942336907885024
2015-07-24,4.7041,26334059,0,1,NVDA,0.09643426633205135
2015-07-31,4.8325,25798976,1,1,NVDA,0.06085387907595542
2015-08-07,5.5664,73810141,1,1,NVDA,0.06002679279585341
2015-08-14,5.7021,49323264,1,0,NVDA,0.0444788442280879
2015-08-21,5.2226,40495838,0,0,NVDA,0.03713216912162972
2015-08-28,5.5291,67616337,1,1,NVDA,0.011297287680598499
2015-09-04,5.2907,36684278,0,1,NVDA,0.015079867725750443
2015-09-11,5.5097,29662571,1,1,NVDA,0.017479582875903107
2015-09-18,5.6654,32226756,1,1,NVDA,0.008421750408500418
2015-09-25,5.7432,35599687,1,1,NVDA,0.017421730387691816
2015-10-02,6.0327,54815516,1,1,NVDA,0.03123507783695045
2015-10-09,6.3416,53247847,1,1,NVDA,0.05040990191203347
2015-10-16,6.777,52816602,1,1,NVDA,0.0704766887475717
2015-10-23,6.9546,40871891,1,1,NVDA,0.06975161693280987
2015-10-30,6.9011,32526607,0,1,NVDA,0.04602481570401087
2015-11-06,7.6746,66504749,1,1,NVDA,0.032063596102357955
2015-11-13,7.2489,56224397,0,1,NVDA,0.046791288463869936
2015-11-20,7.664,36133919,1,1,NVDA,0.04801985561499291
2015-11-27,7.664,16582121,0,1,NVDA,0.0285826252722036
2015-12-04,8.2402,43409846,1,1,NVDA,0.019227831388620536
2015-12-11,7.9326,37116744,0,0,NVDA,0.055926401874897315
2015-12-18,7.8471,36751341,0,0,NVDA,0.04139059650137426
2015-12-24,8.0986,14730012,1,0,NVDA,0.0674787046356633
2015-12-31,8.0473,16863987,0,0,NVDA,0.059265420347666777
2016-01-08,7.2343,58536682,0,0,NVDA,0.06515102820285286
2016-01-15,6.619,70052917,0,0,NVDA,0.05204106000236011
2016-01-22,6.9462,41944728,1,0,NVDA,0.11914917865114406
2016-01-29,7.1513,32941986,1,1,NVDA,0.08735889230287426
2016-02-05,6.453,47678295,0,1,NVDA,0.0694413341715203
2016-02-12,6.2821,51274616,0,1,NVDA,0.022086005758914208
2016-02-19,7.4321,71277682,1,1,NVDA,0.024897053771195048
2016-02-26,7.7348,46686923,1,1,NVDA,0.02428567603005983
2016-03-04,7.9764,34579785,1,1,NVDA,0.01370815210020408
2016-03-11,7.8955,32306366,0,1,NVDA,0.025326539348488667
2016-03-18,8.2851,41984117,1,1,NVDA,0.027673477395976188
2016-03-24,8.4493,31343830,1,1,NVDA,0.028358293514778657
2016-04-01,8.8585,40801811,1,1,NVDA,0.029721518542521003
2016-04-08,8.7385,45523162,0,0,NVDA,0.0076992155322559595
2016-04-15,9.0987,47113440,1,0,NVDA,0.08174294545404756
2016-04-22,8.8879,30461783,0,1,NVDA,0.06761834679621614
2016-04-29,8.7066,36551100,0,1,NVDA,0.05041260135988085
2016-05-06,8.6576,35899683,0,1,NVDA,0.028540969915761702
2016-05-13,10.0421,92799718,1,1,NVDA,0.018062356556406214
2016-05-20,10.863,73311387,1,1,NVDA,0.008489670146348348
2016-05-27,11.2763,46889479,1,1,NVDA,0.013252937676769423
2016-06-03,11.4188,39748464,1,0,NVDA,0.0178248444511609
2016-06-10,11.35,40568048,0,1,NVDA,0.04578772434005552
2016-06-17,11.4777,44810657,1,1,NVDA,0.029696131910105242
2016-06-24,11.2345,50611512,0,1,NVDA,0.02495156330126618
2016-07-01,11.463,45015404,1,1,NVDA,0.0035927893883855684
2016-07-08,12.4924,38037920,1,1,NVDA,0.010608126830648035
2016-07-15,12.9468,48891252,1,1,NVDA,0.02628269471482401
2016-07-22,13.4308,40229452,1,1,NVDA,0.039737590602119836
2016-07-29,14.0278,47630434,1,1,NVDA,0.042777974511652626
2016-08-05,14.298,38199937,1,1,NVDA,0.008343514248528467
2016-08-12,15.4871,78998813,1,1,NVDA,0.02448808200893159
2016-08-19,15.2955,51985339,0,0,NVDA,0.04246966632915324
2016-08-26,15.2668,39725392,0,1,NVDA,0.04468133665298441
2016-09-02,15.3899,42509590,1,1,NVDA,0.010279091688819986
2016-09-09,14.6491,42959205,0,1,NVDA,0.0335147019892523
2016-09-16,15.4662,70180981,1,1,NVDA,0.03500312904011927
2016-09-23,15.9855,41733007,1,1,NVDA,0.020398173169579006
2016-09-30,16.8641,42979945,1,1,NVDA,0.023776838906082638
2016-10-07,16.4531,36903326,0,1,NVDA,0.03707878853073671
2016-10-14,16.2414,45427130,0,1,NVDA,0.14616187814168038
2016-10-21,16.6229,31383622,1,1,NVDA,0.1442168700467517
2016-10-28,17.3662,43765255,1,1,NVDA,0.1272357289115131
2016-11-04,16.6303,41497661,0,1,NVDA,0.049982269379270076
2016-11-11,21.6512,110465557,1,1,NVDA,0.041549989737885526
2016-11-18,22.9777,109298058,1,1,NVDA,0.06377202362354824
2016-11-25,23.2092,35140035,1,1,NVDA,0.02608415495141007
2016-12-02,21.8017,66940476,0,1,NVDA,0.05709944552423562
2016-12-09,22.6324,58643494,1,1,NVDA,0.05861366299207918
2016-12-16,24.7497,95229548,1,1,NVDA,0.016284296136011137
2016-12-23,27.0593,88378815,1,1,NVDA,0.018178198318473105
2016-12-30,26.31,171958399,0,0,NVDA,0.03310842783882141
2017-01-06,25.4128,112709180,0,1,NVDA,0.02925486907573018
2017-01-13,25.4941,85156739,1,1,NVDA,0.033546708189340545
2017-01-20,25.6371,59298209,1,1,NVDA,0.03282036189129721
2017-01-27,27.5498,56303308,1,1,NVDA,0.02257426827081002
2017-02-03,28.1931,57618704,1,0,NVDA,0.011673681051266087
2017-02-10,28.0058,104905778,0,0,NVDA,0.024567844469806963
2017-02-17,26.4307,90382221,0,0,NVDA,0.04128375230086749
2017-02-24,25.0401,90212849,0,0,NVDA,0.02840388715617186
2017-03-03,24.2923,86633828,0,1,NVDA,0.026742342865410305
2017-03-10,24.4626,77586982,1,1,NVDA,0.04353090051122759
2017-03-17,26.1779,88849333,1,1,NVDA,0.03848270248924775
2017-03-24,26.5234,81306449,1,0,NVDA,0.06182263794327735
2017-03-31,26.8837,56385514,1,0,NVDA,0.04688803285509589
2017-04-07,24.7612,88095942,0,0,NVDA,0.028267871612079568
2017-04-13,23.5667,57386652,0,1,NVDA,0.10470864137579906
2017-04-21,25.0944,49853656,1,1,NVDA,0.09892154889822205
2017-04-28,25.741,43465418,1,1,NVDA,0.08420467844293608
2017-05-05,25.6324,42355366,0,1,NVDA,0.02125361906719294
2017-05-12,31.563,148225683,1,1,NVDA,0.013931341378065737
2017-05-19,33.5991,140158723,1,1,NVDA,0.013389970276559542
2017-05-26,35.0419,92439688,1,1,NVDA,0.01294882644517668
2017-06-02,35.4866,70826837,1,1,NVDA,0.03502855914816613
2017-06-09,36.959,174910930,1,1,NVDA,0.035432091974112734
2017-06-16,37.458,159150839,1,0,NVDA,0.07560780057603783
2017-06-23,38.004,99537344,1,1,NVDA,0.0503622549258371
2017-06-30,35.7138,120256299,0,1,NVDA,0.06146964996142228
2017-07-07,36.2574,72590297,1,1,NVDA,0.01896603690605183
2017-07-14,40.7512,128221300,1,1,NVDA,0.03450004802358401
2017-07-21,41.5295,92217943,1,0,NVDA,0.04476584467678133
2017-07-28,40.6129,75291789,0,0,NVDA,0.04445034429319076
2017-08-04,41.3096,61552325,1,0,NVDA,0.010983108815062939
2017-08-11,38.5302,112774691,0,1,NVDA,0.03351529318341228
2017-08-18,39.8989,93264035,1,1,NVDA,0.057372029904999976
2017-08-25,40.5045,61055553,1,1,NVDA,0.05969433656152741
2017-09-01,42.1488,53070587,1,1,NVDA,0.04908366471675724
2017-09-08,40.4748,48256287,0,1,NVDA,0.008659577907889635
2017-09-15,44.5349,84497361,1,1,NVDA,0.03214740904863043
2017-09-22,44.2604,118496869,0,1,NVDA,0.028437627198746193
2017-09-29,44.2035,92511679,0,1,NVDA,0.02638717137678213
2017-10-06,44.8291,51516901,1,1,NVDA,0.009033941071416128
2017-10-13,48.1153,79963232,1,1,NVDA,0.004578270210865673
2017-10-20,48.6865,64991106,1,1,NVDA,0.026824990096558147
2017-10-27,49.9129,63068301,1,1,NVDA,0.02548953571129881
2017-11-03,51.6017,52346179,1,1,NVDA,0.047565247276862135
2017-11-10,53.4438,84506454,1,0,NVDA,0.04738817512971722
2017-11-17,52.2619,62577386,0,0,NVDA,0.03693480761839903
2017-11-24,53.684,32971844,1,0,NVDA,0.020904586225312428
2017-12-01,48.9134,98834833,0,0,NVDA,0.011824781617460443
2017-12-08,47.3818,91640990,0,0,NVDA,0.052230857118095365
2017-12-15,47.3991,61109694,1,1,NVDA,0.05053524091942424
2017-12-22,48.3171,47205430,1,1,NVDA,0.03754472413451002
2017-12-29,47.8791,29793211,0,1,NVDA,0.011328284369486854
2018-01-05,53.298,59158713,1,1,NVDA,0.0414109607407893
2018-01-12,55.1736,65773210,1,1,NVDA,0.04051363058206356
2018-01-19,56.9378,54833898,1,1,NVDA,0.0375283410036967
2018-01-26,60.209,58174870,1,1,NVDA,0.024006055424680373
2018-02-02,57.7816,67745017,0,1,NVDA,0.03630078144297602
2018-02-09,57.4253,137139885,0,1,NVDA,0.031096945967885467
2018-02-16,60.3351,94411496,1,1,NVDA,0.03238563362665685
2018-02-23,60.89,61354774,1,1,NVDA,0.047125064193710875
2018-03-02,58.5651,84258226,0,0,NVDA,0.03812341830023116
2018-03-09,60.7414,68713781,1,0,NVDA,0.03139771746684259
2018-03-16,62.0165,62664961,1,0,NVDA,0.06356984544406408
2018-03-23,57.6812,73928732,0,0,NVDA,0.06382220858754874
2018-03-29,57.3395,96155995,0,0,NVDA,0.043252478831506645
2018-04-06,53.0463,93572928,0,0,NVDA,0.03181435114182313
2018-04-13,57.3172,70536826,1,1,NVDA,0.03359419803975277
2018-04-20,56.6265,51189371,0,1,NVDA,0.044553507628127965
2018-04-27,56.0372,55181779,0,1,NVDA,0.040201298792314495
2018-05-04,59.189,42342157,1,1,NVDA,0.028256957245049633
2018-05-11,63.0193,99988167,1,1,NVDA,0.008316334510913525
2018-05-18,60.8925,76099940,0,1,NVDA,0.009247354413114861
2018-05-25,61.7568,58283260,1,1,NVDA,0.032488743068577235
2018-06-01,63.823,41487904,1,1,NVDA,0.031279036430555726
2018-06-08,64.9774,53374957,1,0,NVDA,0.04667332896758525
2018-06-15,65.7157,44625296,1,0,NVDA,0.04136191776985199
2018-06-22,62.1705,52866352,0,0,NVDA,0.01738803230337532
2018-06-29,58.6898,58222645,0,0,NVDA,0.0014463264119221459
2018-07-06,61.2737,29571943,1,1,NVDA,0.002505853470785481
2018-07-13,61.7667,40601823,1,1,NVDA,0.004252946158044296
2018-07-20,62.1557,32376306,1,1,NVDA,0.021456947563704573
2018-07-27,62.4356,39923380,1,0,NVDA,0.06284662912034229
2018-08-03,62.4554,34796015,1,1,NVDA,0.06170659448624973
2018-08-10,63.1219,29716017,1,1,NVDA,0.05865988056795363
2018-08-17,60.6519,84425208,0,1,NVDA,0.026919946044705788
2018-08-24,67.44,88260663,1,1,NVDA,0.027149434438395865
2018-08-31,69.5733,51361753,1,0,NVDA,0.046511427663166696
2018-09-07,67.3871,35077303,0,1,NVDA,0.051950702938540004
2018-09-14,68.5199,39370301,1,0,NVDA,0.06406969434374893
2018-09-21,65.3025,39890403,0,0,NVDA,0.019381805921792995
2018-09-28,69.6576,44166891,1,0,NVDA,0.027333170831204286
2018-10-05,66.8913,53610690,0,0,NVDA,0.09173619608283988
2018-10-12,61.1109,67518058,0,0,NVDA,0.08963283480793839
2018-10-19,56.8053,58144325,0,0,NVDA,0.11632135883974108
2018-10-26,49.151,87401903,0,0,NVDA,0.06431188000070825
2018-11-02,53.2731,83261723,1,0,NVDA,0.1396770727864379
2018-11-09,50.9803,52168692,0,0,NVDA,0.11146704894914497
2018-11-16,40.758,114815886,0,0,NVDA,0.092546301795032
2018-11-23,35.9418,120682894,0,0,NVDA,0.046889131800961055
2018-11-30,40.5513,90903903,1,0,NVDA,0.06202158857238888
2018-12-07,36.6259,76922586,0,0,NVDA,0.06643237413635972
2018-12-14,36.3381,72468220,0,0,NVDA,0.03225541896967906
2018-12-21,32.1497,89648303,0,1,NVDA,0.03013988371192159
2018-12-28,33.1621,60611861,1,1,NVDA,0.02953178685659803
2019-01-04,33.7923,56626612,1,1,NVDA,0.0645547082213869
2019-01-11,36.9286,87758856,1,1,NVDA,0.05584384504807045
2019-01-18,38.9384,74051420,1,0,NVDA,0.06739975815333613
2019-01-25,39.7374,77919129,1,1,NVDA,0.021370760862324402
2019-02-01,35.9113,152689768,0,0,NVDA,0.03230214626177747
2019-02-08,36.7649,71805427,1,1,NVDA,0.020028829825411713
2019-02-15,39.0402,100890638,1,1,NVDA,0.07306116863908338
2019-02-22,39.4992,48579252,1,1,NVDA,0.06711322412242908
2019-03-01,38.8596,58171676,0,1,NVDA,0.04856663872203463
2019-03-08,37.4165,51224022,0,1,NVDA,0.021471817429383047
2019-03-15,42.178,84726148,1,1,NVDA,0.029118347571341623
2019-03-22,44.0881,90826708,1,1,NVDA,0.03615852517307325
2019-03-29,44.5998,66006254,1,1,NVDA,0.016153406215400654
2019-04-05,47.4288,66316144,1,0,NVDA,0.029751639961810798
2019-04-12,47.1954,53881176,0,0,NVDA,0.043868962790359206
2019-04-18,46.2739,39176208,0,0,NVDA,0.04849699825376409
2019-04-26,44.2346,57832055,0,0,NVDA,0.0022571627141882485
2019-05-03,45.4567,46015776,1,0,NVDA,0.0033299016545228224
2019-05-10,41.9321,65657672,0,0,NVDA,0.06761948224977954
2019-05-17,38.8795,87181694,0,0,NVDA,0.05727512366480589
2019-05-24,36.0529,55230362,0,0,NVDA,0.03344128399504161
2019-05-31,33.6847,44304371,0,1,NVDA,0.03633838617459692
2019-06-07,36.1814,59727250,1,1,NVDA,0.04453220402763939
2019-06-14,35.9675,46201254,0,1,NVDA,0.04423525783844193
2019-06-21,37.738,49354940,1,1,NVDA,0.0288814796047768
2019-06-28,40.839,50549901,1,1,NVDA,0.018009411262989775
2019-07-05,39.8443,43873718,0,1,NVDA,0.04983918187311033
2019-07-12,41.6795,57841860,1,1,NVDA,0.04968992312707935
2019-07-19,41.8858,44189067,1,0,NVDA,0.04768176354410294
2019-07-26,43.5345,44430299,1,0,NVDA,0.033689831731635825
2019-08-02,40.083,41372747,0,0,NVDA,0.007395264787481348
2019-08-09,38.3398,49352638,0,1,NVDA,0.020341105090112957
2019-08-16,39.6777,65736035,1,1,NVDA,0.020215805019552748
2019-08-23,40.3938,64525225,1,1,NVDA,0.04816572313496842
2019-08-30,41.6959,37862350,1,1,NVDA,0.028730926493193372
2019-09-06,44.4689,39952323,1,1,NVDA,0.045255277493224805
2019-09-13,45.2878,44607032,1,1,NVDA,0.026569185001867224
2019-09-20,42.9853,33448430,0,1,NVDA,0.017134714572607426
2019-09-27,42.7538,37348986,0,1,NVDA,0.023875744958525392
2019-10-04,45.2953,39677941,1,1,NVDA,0.034207905873421554
2019-10-11,46.2959,50598044,1,1,NVDA,0.034141168066034955
2019-10-18,47.416,46932818,1,1,NVDA,0.018666013373770794
2019-10-25,50.9133,38678410,1,1,NVDA,0.0221128636837897
2019-11-01,50.4279,30880947,0,1,NVDA,0.022663132590608995
2019-11-08,51.7198,35408637,1,1,NVDA,0.024453117204498696
2019-11-15,50.8262,60280411,0,1,NVDA,0.031791997006471714
2019-11-22,52.4939,49405107,1,1,NVDA,0.039609630199773566
2019-11-29,53.9896,31275351,1,1,NVDA,0.03464420846177243
2019-12-06,52.8512,38479755,0,1,NVDA,0.03574234101748862
2019-12-13,55.7956,39172062,1,1,NVDA,0.01994196112112397
2019-12-20,59.6267,51133532,1,1,NVDA,0.01579051382109033
2019-12-27,59.004,23307114,0,1,NVDA,0.012303877123845165
2020-01-03,58.8047,23322738,0,1,NVDA,0.032973266162625234
2020-01-10,60.8598,35781586,1,1,NVDA,
2020-01-17,62.0953,36755842,1,0,NVDA,
2020-01-24,62.3942,26752927,1,0,NVDA,
2020-01-31,58.8944,42547117,0,0,NVDA,
