Date,adjusted_close,volume,direction,Symbol,volatility
2010-07-09,1.16,25550600,0,TSLA,
2010-07-16,1.376,15438900,0,TSLA,
2010-07-23,1.4193,7175700,1,TSLA,
2010-07-30,1.3293,3052000,1,TSLA,0.08634999999999993
2010-08-06,1.306,4399700,1,TSLA,0.0666500000000001
2010-08-13,1.2213,4216600,0,TSLA,0.0333500000000001
2010-08-20,1.2733,2410100,0,TSLA,0.03070000000000006
2010-08-27,1.3133,3077900,0,TSLA,0.06835000000000002
2010-09-03,1.4033,2350500,1,TSLA,0.006000000000000116
2010-09-10,1.3447,1294600,0,TSLA,0.025000000000000133
2010-09-17,1.3487,5583100,1,TSLA,0.07430000000000003
2010-09-24,1.34,3953400,0,TSLA,0.031299999999999994
2010-10-01,1.3733,6395900,1,TSLA,0.006349999999999967
2010-10-08,1.362,1697800,0,TSLA,0.020999999999999908
2010-10-15,1.3693,1312900,0,TSLA,0.022299999999999875
2010-10-22,1.3813,1298700,0,TSLA,0.009299999999999864
2010-10-29,1.456,1640700,0,TSLA,0.0023500000000000743
2010-11-05,1.6293,4035900,0,TSLA,0.03134999999999999
2010-11-12,1.9893,9200800,0,TSLA,0.04930000000000001
2010-11-19,2.066,6827100,0,TSLA,0.09335000000000004
2010-11-26,2.3547,4883100,1,TSLA,0.14165000000000016
2010-12-03,2.0993,7834500,0,TSLA,0.1060000000000001
2010-12-10,2.1013,4081100,1,TSLA,0.2720499999999999
2010-12-17,2.0907,4522100,1,TSLA,0.12870000000000004
2010-12-23,2.006,3687000,1,TSLA,0.006300000000000194
2010-12-31,1.7753,20136400,0,TSLA,0.03705000000000003
2011-01-07,1.8827,8226200,1,TSLA,0.07299999999999973
2011-01-14,1.7167,5932900,1,TSLA,0.1690499999999998
2011-01-21,1.536,7490100,0,TSLA,0.13670000000000004
2011-01-28,1.6007,5940600,1,TSLA,0.007349999999999857
2011-02-04,1.564,3163600,1,TSLA,0.12269999999999992
2011-02-11,1.55,8506200,1,TSLA,0.05069999999999997
2011-02-18,1.5453,11341000,0,TSLA,0.011349999999999971
2011-02-25,1.574,6071800,0,TSLA,0.004649999999999932
2011-03-04,1.6633,5041200,1,TSLA,0.01670000000000016
2011-03-11,1.6047,6306100,1,TSLA,0.030299999999999883
2011-03-18,1.5307,5265000,1,TSLA,0.07394999999999996
2011-03-25,1.5167,2447600,0,TSLA,0.00770000000000004
2011-04-01,1.7773,17419400,1,TSLA,0.030000000000000027
2011-04-08,1.766,11835200,1,TSLA,0.1373000000000001
2011-04-15,1.7053,5865200,0,TSLA,0.13595000000000013
2011-04-21,1.7827,3805900,0,TSLA,0.024699999999999944
2011-04-29,1.84,5523800,1,TSLA,0.06904999999999994
2011-05-06,1.808,4943200,0,TSLA,0.010049999999999892
2011-05-13,1.8367,4703700,0,TSLA,0.04465000000000008
2011-05-20,1.8647,6217000,0,TSLA,0.030349999999999988
2011-05-27,1.97,11194400,0,TSLA,0.00034999999999996145
2011-06-03,2.0087,12015900,1,TSLA,0.03864999999999996
2011-06-10,1.8573,8418900,1,TSLA,0.033299999999999885
2011-06-17,1.7667,8188000,0,TSLA,0.09505000000000019
2011-06-24,1.8377,9287900,0,TSLA,0.030400000000000094
2011-07-01,1.9347,5962000,1,TSLA,0.08079999999999998
2011-07-08,1.9207,4491400,1,TSLA,0.013000000000000123
2011-07-15,1.8387,4955200,0,TSLA,0.055500000000000105
2011-07-22,1.9527,6521300,1,TSLA,0.03400000000000003
2011-07-29,1.878,4279300,1,TSLA,0.09800000000000009
2011-08-05,1.616,9537700,0,TSLA,0.09435000000000016
2011-08-12,1.754,7351700,1,TSLA,0.09364999999999979
2011-08-19,1.4867,4351900,0,TSLA,0.19999999999999984
2011-08-26,1.582,3981000,1,TSLA,0.20265
2011-09-02,1.538,3611400,1,TSLA,0.18130000000000013
2011-09-09,1.5313,2444000,0,TSLA,0.0696500000000001
2011-09-16,1.72,4103600,0,TSLA,0.018650000000000055
2011-09-23,1.7587,5257600,1,TSLA,0.0976999999999999
2011-09-30,1.626,4598300,0,TSLA,0.07499999999999996
2011-10-07,1.7993,6533700,0,TSLA,0.0857
2011-10-14,1.87,5066600,1,TSLA,0.15300000000000002
2011-10-21,1.8687,4689400,0,TSLA,0.0512999999999999
2011-10-28,1.9913,4238900,0,TSLA,0.03600000000000014
2011-11-04,2.154,8187100,0,TSLA,0.06195000000000006
2011-11-11,2.2427,8003500,1,TSLA,0.0200499999999999
2011-11-18,2.1733,6302000,1,TSLA,0.03699999999999981
2011-11-25,2.1107,2455600,0,TSLA,0.07905000000000029
2011-12-02,2.22,3865600,1,TSLA,0.0034000000000002917
2011-12-09,2.0693,7331500,1,TSLA,0.08594999999999997
2011-12-16,1.8667,4646700,1,TSLA,0.13000000000000012
2011-12-23,1.86,5136600,0,TSLA,0.02595000000000003
2011-12-30,1.904,2180700,1,TSLA,0.09795000000000009
2012-01-06,1.794,3550000,1,TSLA,0.025349999999999873
2012-01-13,1.5193,8470800,0,TSLA,0.07699999999999985
2012-01-20,1.7733,7820400,0,TSLA,0.08235000000000003
2012-01-27,1.9553,4083300,0,TSLA,0.26435
2012-02-03,2.0767,3778800,1,TSLA,0.03600000000000003
2012-02-10,2.0733,5448700,0,TSLA,0.030299999999999883
2012-02-17,2.3313,9326900,1,TSLA,0.06240000000000012
2012-02-24,2.25,4570700,0,TSLA,0.13070000000000004
2012-03-02,2.2693,3007400,0,TSLA,0.16965000000000008
2012-03-09,2.316,3592400,0,TSLA,0.05030000000000001
2012-03-16,2.3547,5117300,1,TSLA,0.013700000000000045
2012-03-23,2.272,3882800,0,TSLA,0.0040000000000000036
2012-03-30,2.4827,8317500,1,TSLA,0.060699999999999976
2012-04-05,2.2987,8117900,1,TSLA,0.14670000000000005
2012-04-13,2.2393,6292400,1,TSLA,0.19734999999999991
2012-04-20,2.2107,4634900,0,TSLA,0.0622999999999998
2012-04-27,2.2227,3293800,1,TSLA,0.01540000000000008
2012-05-04,2.122,3659000,0,TSLA,0.020299999999999985
2012-05-11,2.15,12980700,1,TSLA,0.05635000000000012
2012-05-18,1.8373,6989200,0,TSLA,0.06435000000000013
2012-05-25,1.9873,6894400,1,TSLA,0.17035
2012-06-01,1.8767,4961700,0,TSLA,0.23135000000000006
2012-06-08,2.0053,3944900,1,TSLA,0.13030000000000008
2012-06-15,1.994,3568100,0,TSLA,0.11960000000000004
2012-06-22,2.2523,10528800,1,TSLA,0.06995000000000007
2012-06-29,2.086,7199500,1,TSLA,0.13480000000000003
2012-07-06,2.066,4300900,0,TSLA,0.21230000000000004
2012-07-13,2.2833,4738000,1,TSLA,0.07315000000000005
2012-07-20,2.1193,10199600,1,TSLA,0.11865000000000014
2012-07-27,1.9673,9664600,1,TSLA,0.1906500000000002
2012-08-03,1.818,7747200,0,TSLA,0.006000000000000116
2012-08-10,1.996,6604300,0,TSLA,0.0013499999999999623
2012-08-17,2.0007,3366100,1,TSLA,0.16364999999999996
2012-08-24,1.9667,5616600,1,TSLA,0.0866499999999999
2012-08-31,1.9013,4788200,0,TSLA,0.0193500000000002
2012-09-07,1.9567,3186700,0,TSLA,0.015699999999999825
2012-09-14,2.026,6664700,1,TSLA,0.06040000000000001
2012-09-21,2.0013,8832200,1,TSLA,0.00694999999999979
2012-09-28,1.952,14611500,1,TSLA,0.04699999999999971
2012-10-05,1.926,5146100,1,TSLA,0.0123000000000002
2012-10-12,1.8427,4024500,0,TSLA,0.01165000000000005
2012-10-19,1.8493,4384400,1,TSLA,0.028649999999999953
2012-10-26,1.8253,3290700,0,TSLA,0.044949999999999934
2012-11-02,1.9279,2829600,0,TSLA,0.01529999999999998
2012-11-09,2.0213,8224400,0,TSLA,0.06330000000000002
2012-11-16,2.1227,4318200,0,TSLA,0.0045999999999999375
2012-11-23,2.142,3708400,0,TSLA,0.0039999999999998925
2012-11-30,2.2547,5455500,0,TSLA,0.04105000000000003
2012-12-07,2.278,5335300,1,TSLA,0.046700000000000186
2012-12-14,2.254,7740500,0,TSLA,0.044700000000000184
2012-12-21,2.2667,6091200,1,TSLA,0.02364999999999995
2012-12-28,2.2147,1952400,0,TSLA,0.01835000000000009
2013-01-04,2.2933,3205700,1,TSLA,0.0323500000000001
2013-01-11,2.194,4909700,0,TSLA,0.06529999999999991
2013-01-18,2.3013,8919300,0,TSLA,0.08894999999999986
2013-01-25,2.4653,6742700,0,TSLA,0.10329999999999995
2013-02-01,2.5533,6382700,0,TSLA,0.028350000000000097
2013-02-08,2.616,6667800,1,TSLA,0.038000000000000034
2013-02-15,2.4693,9502700,1,TSLA,0.01265000000000005
2013-02-22,2.4073,17408500,1,TSLA,0.10470000000000002
2013-03-01,2.31,11123000,0,TSLA,0.04235000000000011
2013-03-08,2.5647,7065100,1,TSLA,0.017650000000000166
2013-03-15,2.3527,8977200,0,TSLA,0.17600000000000016
2013-03-22,2.4413,5424100,0,TSLA,0.23335000000000017
2013-03-28,2.526,6642000,0,TSLA,0.1503000000000001
2013-04-05,2.758,30211700,0,TSLA,0.0019500000000001183
2013-04-12,2.9167,12093000,0,TSLA,0.07365000000000022
2013-04-19,3.1887,13359900,0,TSLA,0.03665000000000007
2013-04-26,3.4133,16721200,0,TSLA,0.05664999999999987
2013-05-03,3.6367,18334200,0,TSLA,0.023699999999999832
2013-05-10,5.1176,74815200,0,TSLA,0.000600000000000156
2013-05-17,6.1,117075700,0,TSLA,0.6287500000000004
2013-05-24,6.472,54061000,0,TSLA,0.24925000000000064
2013-05-31,6.5173,76097100,0,TSLA,0.30519999999999925
2013-06-07,6.8027,60443000,1,TSLA,0.16335000000000077
2013-06-14,6.6867,38341600,1,TSLA,0.12005000000000043
2013-06-21,6.6367,46265500,0,TSLA,0.20069999999999988
2013-06-28,7.1573,34064600,0,TSLA,0.03299999999999992
2013-07-05,8.006,34593100,0,TSLA,0.2852999999999999
2013-07-12,8.66,40845200,1,TSLA,0.16405000000000003
2013-07-19,7.9787,85611700,0,TSLA,0.09735000000000005
2013-07-26,8.626,39320600,0,TSLA,0.6676500000000001
2013-08-02,9.2,40751100,0,TSLA,0.6642999999999999
2013-08-09,10.2,73841900,1,TSLA,0.03664999999999985
2013-08-16,9.4667,52642200,0,TSLA,0.21300000000000008
2013-08-23,10.7893,44246500,0,TSLA,0.8666499999999999
2013-08-30,11.2667,76942500,1,TSLA,1.0279500000000006
2013-09-06,11.1313,38841800,1,TSLA,0.422600000000001
2013-09-13,11.036,40706000,0,TSLA,0.3064
2013-09-20,12.226,47507800,0,TSLA,0.020050000000000345
2013-09-27,12.7267,35230300,1,TSLA,0.6426500000000006
2013-10-04,12.0653,75686500,1,TSLA,0.34465000000000146
2013-10-11,11.9133,57754300,0,TSLA,0.5810499999999985
2013-10-18,12.2267,39589300,1,TSLA,0.2546999999999988
2013-10-25,11.3107,54660400,1,TSLA,0.23270000000000035
2013-11-01,10.8113,46869600,1,TSLA,0.6146999999999991
2013-11-08,9.1967,111421800,1,TSLA,0.2082999999999986
2013-11-15,9.03,63745000,1,TSLA,0.557599999999999
2013-11-22,8.092,79804500,0,TSLA,0.7239499999999994
2013-11-29,8.4853,46236600,0,TSLA,0.38564999999999916
2013-12-06,9.1573,63779300,0,TSLA,0.6656499999999994
2013-12-13,9.8436,48307200,1,TSLA,0.13934999999999942
2013-12-20,9.5493,48904800,0,TSLA,0.0071500000000011
2013-12-27,10.0747,27916700,1,TSLA,0.4903000000000004
2014-01-03,9.9707,19613300,1,TSLA,0.4098499999999996
2014-01-10,9.7147,29386500,0,TSLA,0.3146999999999993
2014-01-17,11.334,75554300,0,TSLA,0.07600000000000051
2014-01-24,11.64,32289000,0,TSLA,0.9376499999999997
2014-01-31,12.094,35819100,0,TSLA,0.6566499999999991
2014-02-07,12.4353,33489300,0,TSLA,0.07399999999999896
2014-02-14,13.2153,43041600,0,TSLA,0.056349999999999234
2014-02-21,13.9733,51322900,0,TSLA,0.2193499999999995
2014-02-28,16.3207,98100300,0,TSLA,0.010999999999999233
2014-03-07,16.414,42944000,1,TSLA,0.7946999999999989
2014-03-14,15.398,40818600,1,TSLA,1.1270499999999979
2014-03-21,15.2593,29261000,1,TSLA,0.5546500000000023
2014-03-28,14.158,45282000,1,TSLA,0.4386500000000009
2014-04-04,14.1483,48803000,1,TSLA,0.48130000000000006
2014-04-11,13.5853,38181400,1,TSLA,0.5458000000000007
2014-04-17,13.208,34491300,0,TSLA,0.27665000000000095
2014-04-25,13.3233,34850400,0,TSLA,0.09285000000000032
2014-05-02,14.0607,26788400,1,TSLA,0.24629999999999974
2014-05-09,12.1507,49514800,0,TSLA,0.3110500000000007
2014-05-16,12.7707,30034300,0,TSLA,1.3237000000000005
2014-05-23,13.82,25624500,0,TSLA,1.2649999999999997
2014-05-30,13.8513,20109800,0,TSLA,0.21465000000000067
2014-06-06,13.8781,19071700,1,TSLA,0.5090000000000003
2014-06-13,13.7613,19835900,0,TSLA,0.0022500000000000853
2014-06-20,15.306,47077000,0,TSLA,0.07179999999999964
2014-06-27,15.9373,32425000,1,TSLA,0.8307499999999992
2014-07-03,15.2833,22358800,1,TSLA,0.4566999999999988
2014-07-11,14.542,26011500,0,TSLA,0.6426500000000006
2014-07-18,14.668,25869300,0,TSLA,0.04365000000000041
2014-07-25,14.9047,15968100,0,TSLA,0.4336500000000001
2014-08-01,15.5513,34388400,0,TSLA,0.055350000000000676
2014-08-08,16.542,33121300,0,TSLA,0.2049499999999993
2014-08-15,17.4673,29354100,1,TSLA,0.17205000000000137
2014-08-22,17.1187,19936100,0,TSLA,0.03270000000000106
2014-08-29,17.98,20403100,0,TSLA,0.6369500000000006
2014-09-05,18.4927,36062000,0,TSLA,0.6049500000000005
2014-09-12,18.6133,20932400,1,TSLA,0.17430000000000057
2014-09-19,17.288,40436700,1,TSLA,0.1960499999999996
2014-09-26,16.44,26239129,0,TSLA,0.7229499999999991
2014-10-03,17.014,29459990,1,TSLA,0.2386499999999998
2014-10-10,15.794,37532830,1,TSLA,0.7109999999999985
2014-10-17,15.1653,43496954,0,TSLA,0.8969999999999985
2014-10-24,15.6827,18720237,0,TSLA,0.2956499999999993
2014-10-31,16.1133,32040983,1,TSLA,0.5730500000000003
2014-11-07,16.0133,37451505,0,TSLA,0.04340000000000099
2014-11-14,17.2453,30737772,1,TSLA,0.2652999999999981
2014-11-21,16.1853,27490754,0,TSLA,0.6659999999999986
2014-11-28,16.3013,12051019,1,TSLA,1.145999999999999
2014-12-05,14.914,29756957,1,TSLA,0.5879999999999992
2014-12-12,13.8,39839440,0,TSLA,0.7516500000000006
2014-12-19,14.6193,35406001,0,TSLA,0.13665000000000127
2014-12-26,15.188,13980772,1,TSLA,0.9666499999999996
2015-01-02,14.6207,12881610,1,TSLA,0.1253000000000002
2015-01-09,13.7773,22622034,1,TSLA,0.5680000000000005
2015-01-16,12.8713,30799137,0,TSLA,0.1380499999999989
2015-01-23,13.4193,16215501,0,TSLA,0.03130000000000077
2015-01-30,13.5733,15720217,0,TSLA,0.7270000000000003
2015-02-06,14.4907,19047685,1,TSLA,0.19700000000000006
2015-02-13,13.5847,40472677,0,TSLA,0.3817000000000004
2015-02-20,14.474,17829482,1,TSLA,0.9117000000000006
2015-02-27,13.556,29367794,1,TSLA,0.8976500000000005
2015-03-06,12.9253,28165809,1,TSLA,0.9036500000000007
2015-03-13,12.5787,26874878,0,TSLA,0.14365000000000094
2015-03-20,13.2053,28088482,1,TSLA,0.14204999999999934
2015-03-27,12.3333,24744778,0,TSLA,0.48660000000000014
2015-04-02,12.7333,23921074,0,TSLA,0.7492999999999999
2015-04-10,14.06,30974693,1,TSLA,0.6360000000000001
2015-04-17,13.786,12865556,0,TSLA,0.46335000000000015
2015-04-24,14.5617,20693856,0,TSLA,0.8003500000000008
2015-05-01,15.0687,30887629,0,TSLA,0.5248500000000007
2015-05-08,15.774,29626547,0,TSLA,0.1343500000000004
2015-05-15,16.5893,24899355,1,TSLA,0.09914999999999985
2015-05-22,16.5153,14976744,0,TSLA,0.05500000000000149
2015-05-29,16.72,14343448,1,TSLA,0.444650000000002
2015-06-05,16.6093,11897012,0,TSLA,0.1393500000000003
2015-06-12,16.7127,14548989,0,TSLA,0.1576999999999984
2015-06-19,17.5007,14929489,0,TSLA,0.1070499999999992
2015-06-26,17.806,17531828,0,TSLA,0.34229999999999805
2015-07-02,18.668,15830998,1,TSLA,0.24134999999999707
2015-07-10,17.2767,22393071,0,TSLA,0.2783499999999979
2015-07-17,18.3107,13509641,1,TSLA,1.126649999999998
2015-07-24,17.694,19255837,0,TSLA,1.2126499999999982
2015-07-31,17.7433,15637207,1,TSLA,0.8253500000000003
2015-08-07,16.1673,29401206,0,TSLA,0.33300000000000196
2015-08-14,16.21,21243948,1,TSLA,0.8126500000000014
2015-08-21,15.3847,26471998,0,TSLA,0.8093500000000002
2015-08-28,16.5653,32041553,1,TSLA,0.43400000000000016
2015-09-04,16.1287,22668096,0,TSLA,1.0029500000000002
2015-09-11,16.6827,11588887,0,TSLA,0.8086000000000011
2015-09-18,17.3747,17590274,1,TSLA,0.49530000000000207
2015-09-25,17.1273,19606869,1,TSLA,0.06899999999999906
2015-10-02,16.5047,22461718,1,TSLA,0.46969999999999956
2015-10-09,14.7127,28031307,0,TSLA,0.18760000000000154
2015-10-16,15.134,19291010,1,TSLA,0.5846999999999989
2015-10-23,13.9393,28652034,1,TSLA,1.1066500000000001
2015-10-30,13.7953,15883413,0,TSLA,0.8080000000000007
2015-11-06,15.4907,31928932,1,TSLA,0.5253500000000004
2015-11-13,13.8127,18161900,0,TSLA,0.9197000000000006
2015-11-20,14.6673,14790718,0,TSLA,1.686700000000001
2015-11-27,15.4407,10946624,1,TSLA,1.2663000000000002
2015-12-04,15.3587,14888403,1,TSLA,0.040599999999999525
2015-12-11,14.468,14230030,0,TSLA,0.42769999999999975
2015-12-18,15.364,16493091,0,TSLA,0.4043500000000009
2015-12-24,15.3713,6179925,0,TSLA,0.8933500000000008
2015-12-31,16.0007,10720553,1,TSLA,0.4443500000000009
2016-01-08,14.0667,20975335,1,TSLA,0.3110499999999998
2016-01-15,13.666,23379136,1,TSLA,1.281699999999998
2016-01-22,13.5033,16167498,1,TSLA,0.7666499999999985
2016-01-29,12.7467,18725183,1,TSLA,0.11899999999999977
2016-02-05,10.84,32825595,1,TSLA,0.29694999999999894
2016-02-12,10.0693,49859296,0,TSLA,0.575050000000001
2016-02-19,11.1053,18265917,0,TSLA,0.5680000000000005
2016-02-26,12.6893,28255892,0,TSLA,0.9033499999999997
2016-03-04,13.4027,27391628,0,TSLA,0.274
2016-03-11,13.8333,21059948,0,TSLA,0.4352999999999998
2016-03-18,15.516,19257545,1,TSLA,0.14139999999999997
2016-03-24,15.1833,19533551,0,TSLA,0.6260500000000002
2016-04-01,15.8393,35983378,0,TSLA,1.0077000000000007
2016-04-08,16.6713,51349611,0,TSLA,0.49435000000000073
2016-04-15,16.9673,27735047,1,TSLA,0.08799999999999919
2016-04-22,16.9167,22392325,1,TSLA,0.267999999999998
2016-04-29,16.0507,18032772,1,TSLA,0.1733000000000029
2016-05-06,14.3287,33786680,1,TSLA,0.4076999999999984
2016-05-13,13.8407,20482120,0,TSLA,0.42799999999999994
2016-05-20,14.6853,27283909,0,TSLA,0.617
2016-05-27,14.8693,18971633,1,TSLA,0.6662999999999997
2016-06-03,14.5993,10033499,1,TSLA,0.33029999999999937
2016-06-10,14.586,24953754,1,TSLA,0.2270000000000012
2016-06-17,14.3647,16234590,1,TSLA,0.12835000000000107
2016-06-24,12.8767,48984154,0,TSLA,0.10400000000000098
2016-07-01,14.4333,29670715,0,TSLA,0.6333499999999992
2016-07-08,14.452,17782007,0,TSLA,1.5222999999999995
2016-07-15,14.6933,18483131,0,TSLA,0.7689499999999994
2016-07-22,14.818,16103961,0,TSLA,0.11129999999999995
2016-07-29,15.6527,16299604,1,TSLA,0.05830000000000091
2016-08-05,15.3353,19190687,1,TSLA,0.3550000000000004
2016-08-12,15.0407,10504194,1,TSLA,0.5760499999999995
2016-08-19,15.0,9462599,1,TSLA,0.011399999999999189
2016-08-26,14.666,13422115,1,TSLA,0.12695000000000078
2016-09-02,13.1853,23632295,1,TSLA,0.14665000000000017
2016-09-09,12.9647,15166433,0,TSLA,0.5733500000000005
2016-09-16,13.6933,15756694,0,TSLA,0.6300500000000007
2016-09-23,13.83,12631620,1,TSLA,0.4745999999999997
2016-09-30,13.602,13169214,1,TSLA,0.2959500000000004
2016-10-07,13.1073,19615327,1,TSLA,0.18234999999999957
2016-10-14,13.1007,14380671,0,TSLA,0.13335000000000008
2016-10-21,13.3393,25242017,1,TSLA,0.24404999999999966
2016-10-28,13.3313,28203302,1,TSLA,0.12260000000000026
2016-11-04,12.704,23804757,1,TSLA,0.12329999999999952
2016-11-11,12.5707,26049602,1,TSLA,0.3096500000000004
2016-11-18,12.3347,23986074,0,TSLA,0.2469999999999999
2016-11-25,13.11,17222395,1,TSLA,0.05135000000000023
2016-12-02,12.098,21684267,0,TSLA,0.5056500000000002
2016-12-09,12.812,18842365,0,TSLA,0.8936499999999992
2016-12-16,13.4993,20430143,0,TSLA,0.8629999999999987
2016-12-23,14.2227,21166336,0,TSLA,0.013349999999999085
2016-12-30,14.246,18385776,0,TSLA,0.018049999999999677
2017-01-06,15.2673,28576313,0,TSLA,0.35004999999999953
2017-01-13,15.85,21173453,0,TSLA,0.49899999999999967
2017-01-20,16.3153,20323067,0,TSLA,0.2193000000000005
2017-01-27,16.8633,22693209,1,TSLA,0.058699999999999086
2017-02-03,16.7553,16562505,0,TSLA,0.041349999999998666
2017-02-10,17.9487,23180267,0,TSLA,0.3279999999999994
2017-02-17,18.1487,32657156,1,TSLA,0.6507000000000005
2017-02-24,17.1333,37518597,1,TSLA,0.4966999999999988
2017-03-03,16.7713,28629510,1,TSLA,0.607700000000003
2017-03-10,16.246,17489184,0,TSLA,0.32670000000000243
2017-03-17,17.4333,29581526,0,TSLA,0.08165000000000155
2017-03-24,17.544,23549643,0,TSLA,0.856300000000001
2017-03-31,18.5533,25337622,0,TSLA,0.5382999999999996
2017-04-07,20.1693,41987629,0,TSLA,0.44929999999999914
2017-04-13,20.2667,28724351,0,TSLA,0.30335
2017-04-21,20.3733,21731566,0,TSLA,0.7592999999999996
2017-04-28,20.938,23806017,1,TSLA,0.0045999999999999375
2017-05-05,20.5567,42126055,0,TSLA,0.2290499999999991
2017-05-12,21.654,31066200,1,TSLA,0.472999999999999
2017-05-19,20.722,28595930,0,TSLA,0.7393000000000001
2017-05-26,21.676,26126331,0,TSLA,1.0146499999999996
2017-06-02,22.6567,30676943,0,TSLA,0.9429999999999978
2017-06-09,23.8213,53112475,0,TSLA,0.013350000000002638
2017-06-16,24.76,51533459,0,TSLA,0.09194999999999887
2017-06-23,25.5633,32351299,1,TSLA,0.11294999999999966
2017-06-30,24.1073,33644720,1,TSLA,0.06770000000000032
2017-07-07,20.8813,56423771,0,TSLA,1.1296500000000016
2017-07-14,21.852,49530808,0,TSLA,0.884999999999998
2017-07-21,21.8933,32336986,0,TSLA,2.09835
2017-07-28,22.338,33361558,0,TSLA,0.46470000000000056
2017-08-04,23.794,49258414,0,TSLA,0.20170000000000066
2017-08-11,23.8477,31829875,1,TSLA,0.5056499999999993
2017-08-18,23.164,21142880,0,TSLA,0.7011500000000002
2017-08-25,23.2033,23663776,0,TSLA,0.3686999999999987
2017-09-01,23.6933,18263329,1,TSLA,0.3614999999999977
2017-09-08,22.8933,15341645,0,TSLA,0.22535000000000238
2017-09-15,25.3207,30198929,1,TSLA,0.6450000000000014
2017-09-22,23.406,31009283,1,TSLA,1.6136999999999997
2017-09-29,22.74,31020949,0,TSLA,2.1710499999999993
2017-10-06,23.792,31277766,1,TSLA,0.6243499999999997
2017-10-13,23.7047,26373796,1,TSLA,0.8590000000000018
2017-10-20,23.0067,23453845,1,TSLA,0.5696500000000029
2017-10-27,21.3913,30650197,1,TSLA,0.3053499999999989
2017-11-03,20.406,45364011,1,TSLA,0.45869999999999855
2017-11-10,20.1993,26395521,0,TSLA,0.3150499999999976
2017-11-17,21.0033,38582903,0,TSLA,0.3893000000000022
2017-11-24,21.0367,23610531,1,TSLA,0.5053499999999982
2017-12-01,20.4353,26829989,0,TSLA,0.3852999999999991
2017-12-08,21.0087,25748643,0,TSLA,0.31739999999999924
2017-12-15,22.8967,35352540,1,TSLA,0.5873999999999988
2017-12-22,21.68,26701975,1,TSLA,0.6572999999999993
2017-12-29,20.7567,16989660,0,TSLA,1.5523499999999988
2018-01-05,21.1053,23007314,0,TSLA,0.14669999999999916
2018-01-12,22.4147,32546449,0,TSLA,0.6359500000000011
2018-01-19,23.3347,23886776,1,TSLA,0.4803999999999995
2018-01-26,22.8567,27994444,0,TSLA,0.1946999999999992
2018-02-02,22.9167,23333591,1,TSLA,0.6990000000000016
2018-02-09,20.6947,37630091,0,TSLA,0.26900000000000013
2018-02-16,22.366,26081845,0,TSLA,1.1409999999999982
2018-02-23,23.47,19909850,1,TSLA,1.9466499999999982
2018-03-02,22.3413,27095733,1,TSLA,0.28364999999999974
2018-03-09,21.8113,22073470,1,TSLA,1.1163499999999988
2018-03-16,21.4233,34502311,1,TSLA,0.2993499999999987
2018-03-23,20.1027,29609674,1,TSLA,0.0710000000000015
2018-03-29,17.742,58192993,0,TSLA,0.46630000000000216
2018-04-06,19.9533,87496485,0,TSLA,0.5200499999999977
2018-04-13,20.0227,43693001,1,TSLA,2.285999999999998
2018-04-20,19.3493,31614738,0,TSLA,1.070949999999998
2018-04-27,19.6053,23312899,0,TSLA,0.3714000000000013
2018-05-04,19.606,43745629,0,TSLA,0.46470000000000056
2018-05-11,20.0707,30666799,1,TSLA,0.12764999999999915
2018-05-18,18.4547,34152495,0,TSLA,0.23199999999999754
2018-05-25,18.59,32165170,0,TSLA,1.0403499999999983
2018-06-01,19.4547,24500433,0,TSLA,0.8756500000000003
2018-06-08,21.1773,52110709,0,TSLA,0.36469999999999914
2018-06-15,23.878,66829957,1,TSLA,0.4289500000000004
2018-06-22,22.242,51451989,0,TSLA,0.48905000000000065
2018-06-29,22.8633,37607919,1,TSLA,2.16835
2018-07-06,20.5933,57384228,0,TSLA,1.1286499999999986
2018-07-13,21.258,33549263,1,TSLA,1.4456499999999988
2018-07-20,20.9053,31520990,1,TSLA,1.4673499999999997
2018-07-27,19.812,38011759,0,TSLA,0.5086999999999993
2018-08-03,23.2113,58891866,0,TSLA,0.3703000000000003
2018-08-10,23.6993,92747117,1,TSLA,2.2462999999999997
2018-08-17,20.3667,51574211,0,TSLA,1.4556500000000003
2018-08-24,21.5213,45270370,1,TSLA,1.9102999999999994
2018-08-31,20.1107,40767581,1,TSLA,2.243599999999999
2018-09-07,17.5493,46043981,0,TSLA,1.2825999999999986
2018-09-14,19.68,46574892,0,TSLA,0.5754000000000019
2018-09-21,19.94,44129916,1,TSLA,2.3460500000000017
2018-09-28,17.6513,59326690,1,TSLA,0.9353499999999997
2018-10-05,17.4633,69274845,1,TSLA,1.2743500000000019
2018-10-12,17.252,53717647,0,TSLA,1.0503500000000017
2018-10-19,17.3333,39178641,0,TSLA,0.01165000000000127
2018-10-26,22.06,92952515,0,TSLA,0.14630000000000187
2018-11-02,23.094,47045182,0,TSLA,2.3226999999999975
2018-11-09,23.3673,34157979,0,TSLA,1.8463499999999975
2018-11-16,23.6207,29262317,1,TSLA,0.38035000000000174
2018-11-23,21.722,26603030,0,TSLA,0.009949999999999903
2018-11-30,23.3653,27187638,0,TSLA,1.0760499999999986
2018-12-07,23.8647,36122141,0,TSLA,1.770999999999999
2018-12-14,24.3807,31652681,1,TSLA,0.5719500000000011
2018-12-21,21.318,40136847,0,TSLA,0.008300000000001972
2018-12-28,22.258,32237176,1,TSLA,1.7893500000000007
2019-01-04,21.1793,32320286,0,TSLA,2.0013499999999986
2019-01-11,23.1507,31088092,1,TSLA,1.0093499999999977
2019-01-18,20.1507,43823109,1,TSLA,1.5250499999999985
2019-01-25,19.8027,39866967,0,TSLA,2.4856999999999996
2019-02-01,20.814,42147975,1,TSLA,1.3260000000000005
2019-02-08,20.3867,31498216,0,TSLA,0.6796499999999988
2019-02-15,20.5253,26894679,1,TSLA,0.7192999999999987
2019-02-22,19.6473,25960300,0,TSLA,0.2829499999999996
2019-03-01,19.6527,59824993,1,TSLA,0.5083000000000002
2019-03-08,18.9427,64459151,1,TSLA,0.4416999999999991
2019-03-15,18.362,43630112,1,TSLA,0.35769999999999946
2019-03-22,17.6353,43682541,0,TSLA,0.06465000000000032
2019-03-29,18.6573,39110574,1,TSLA,0.07299999999999862
2019-04-05,18.3307,58278229,1,TSLA,0.874349999999998
2019-04-12,17.8467,39957682,0,TSLA,0.6742999999999988
2019-04-18,18.2173,28314302,1,TSLA,0.07870000000000132
2019-04-26,15.676,78028556,0,TSLA,0.42730000000000246
2019-05-03,17.002,78749568,1,TSLA,1.4559500000000023
2019-05-10,15.968,40861509,1,TSLA,1.93365
2019-05-17,14.0687,50653123,1,TSLA,1.1799999999999988
2019-05-24,12.7087,97898995,1,TSLA,0.43265000000000065
2019-05-31,12.344,40614746,0,TSLA,0.2696500000000004
2019-06-07,13.6333,76628366,0,TSLA,0.49764999999999926
2019-06-14,14.328,53037782,0,TSLA,0.8270000000000008
2019-06-21,14.7907,51673266,0,TSLA,0.2973000000000008
2019-06-28,14.8973,33631144,0,TSLA,0.11599999999999966
2019-07-05,15.54,38763877,0,TSLA,0.17804999999999982
2019-07-12,16.3387,37932064,0,TSLA,0.2680499999999997
2019-07-19,17.212,40726701,1,TSLA,0.07800000000000029
2019-07-26,15.2027,55388178,0,TSLA,0.03730000000000011
2019-08-02,15.6227,40956550,0,TSLA,1.4413
2019-08-09,15.6673,26541572,1,TSLA,1.2146499999999998
2019-08-16,14.6627,32534854,1,TSLA,0.18770000000000042
2019-08-23,14.0933,32406687,0,TSLA,0.5245999999999995
2019-08-30,15.0407,28209102,0,TSLA,0.21760000000000002
2019-09-06,15.1633,22721936,0,TSLA,0.7584
2019-09-13,16.3467,33623515,1,TSLA,0.4123999999999999
2019-09-20,16.0413,24292507,0,TSLA,0.5303999999999993
2019-09-27,16.142,49978992,1,TSLA,0.7443999999999988
2019-10-04,15.4287,41557942,0,TSLA,0.2030499999999993
2019-10-11,16.526,38525904,0,TSLA,0.40700000000000003
2019-10-18,17.13,33910553,0,TSLA,0.9053000000000004
2019-10-25,21.8753,80686938,1,TSLA,0.2466500000000007
2019-11-01,20.8873,52514801,0,TSLA,2.0706500000000005
2019-11-08,22.476,44212958,0,TSLA,2.86665
2019-11-15,23.478,37105201,1,TSLA,1.2883499999999994
2019-11-22,22.2027,41859203,1,TSLA,0.29334999999999845
2019-11-29,21.996,28331092,0,TSLA,1.138650000000002
2019-12-06,22.3927,29587630,0,TSLA,0.5343
2019-12-13,23.8927,39149822,0,TSLA,0.3017000000000021
2019-12-20,27.0393,73766620,0,TSLA,0.5516499999999986
2019-12-27,28.692,41992657,0,TSLA,0.8232999999999997
2020-01-03,29.534,50246804,0,TSLA,0.74695
2020-01-10,31.8767,101006048,0,TSLA,0.4053500000000003
2020-01-17,34.0333,108103392,0,TSLA,0.750350000000001
2020-01-24,37.6547,82820940,0,TSLA,0.09305000000000163
2020-01-31,43.3713,88338175,0,TSLA,0.7324000000000019
