econiso,auto,bond10yr,bond20yr,bond30yr,cabgdp1,cabgdp2,cpi,cpi1,cpi3,cpir,employ,employt1,employt2,fedfunds,gdp,gdpn1,gdpn2,gdpr1,gdpr2,house,ip1,ip3,ipgr,ippi,libor1m,libor2m,libor3m,ltgdr,m1,m2,mbroad1,mbroad3,note10yr,note2yr,note3yr,note5yr,note7yr,popt,ppi,prime,rawmat,rtlsales,stgdr,tbill12m,tbill3m,tbill6m,txcr,unemp,unemp1,unemp2,wpi1,wpi3,wpir,datadate
USA,356.217,,4.38,4.51,-2.8707,-2.7914,2.1749,92.0146,91.7664,1.6366,129790.0,139.0772,138.59,0.12,15.4151,15048.97,14764.611,15648.991,15456.059,0.614,90.8609,88.443,5.5323,,0.2316,0.2409,0.2501,3.714,1674.7,8446.1,8773.7333,8424.7,3.63,0.82,1.38,2.34,3.08,309.79,178.9,3.25,,308.529,0.0616,0.28,0.08,0.15,11.4464,9.8,9.6228,9.8371,97.0415,96.4223,6.8318,2010-01-31
USA,393.08,,4.4,4.55,-2.8707,-2.7914,2.1728,92.0146,91.6791,1.6366,129698.0,139.0772,138.59,0.13,15.4151,15048.97,14764.611,15648.991,15456.059,0.604,90.8609,88.7556,5.5323,,0.2291,0.2398,0.2505,3.6782,1699.8,8495.7,8773.7333,8476.2,3.61,0.81,1.36,2.3,3.05,309.79,177.7,3.25,,308.52,0.1089,0.3,0.13,0.19,11.4464,9.8,9.6228,9.8371,97.0415,95.9558,6.8318,2010-02-28
USA,533.45,,4.55,4.72,-2.8707,-2.7914,2.1735,92.0146,91.7094,1.6366,129879.0,139.0772,138.59,0.09,15.4151,15048.97,14764.611,15648.991,15456.059,0.636,90.8609,89.3863,5.5323,,0.2373,0.2503,0.2684,3.7188,1711.9,8492.8,8773.7333,8476.2,3.84,1.02,1.6,2.55,3.28,309.79,178.9,3.25,,316.269,0.1504,0.38,0.16,0.24,11.4464,9.9,9.6228,9.8371,97.0415,96.4815,6.8318,2010-03-31
USA,493.59,,4.36,4.53,-2.8707,-2.9836,2.174,92.0146,91.7305,1.6366,130110.0,139.0772,139.2263,0.2,15.5573,15048.97,14980.193,15648.991,15605.628,0.687,90.8609,89.7126,5.5323,,0.2597,0.284,0.3116,3.7981,1699.0,8523.1,8773.7333,8508.4,3.69,0.97,1.51,2.43,3.12,309.79,178.9,3.25,,318.612,0.1623,0.38,0.16,0.24,11.4464,9.9,9.6228,9.6576,97.0415,96.3334,6.8318,2010-04-30
USA,555.18,,4.05,4.22,-2.8707,-2.9836,2.1729,92.0146,91.6829,1.6366,130650.0,139.0772,139.2263,0.19,15.5573,15048.97,14980.193,15648.991,15605.628,0.583,90.8609,90.9413,5.5323,,0.3355,0.3924,0.4585,3.3945,1710.1,8577.8,8773.7333,8560.9,3.31,0.76,1.26,2.1,2.75,309.79,178.9,3.25,,315.356,0.16,0.32,0.16,0.22,11.4464,9.6,9.6228,9.6576,97.0415,96.0501,6.8318,2010-05-31
USA,493.498,,3.74,3.91,-2.8707,-2.9836,2.172,92.0146,91.6445,1.6366,130511.0,139.0772,139.2263,0.09,15.5573,15048.97,14980.193,15648.991,15605.628,0.536,90.8609,91.1551,5.5323,,0.3487,0.4337,0.5369,3.1621,1731.6,8597.0,8773.7333,8575.3,2.97,0.61,1.0,1.79,2.42,309.79,178.3,3.25,,315.25,0.1236,0.31,0.18,0.22,11.4464,9.4,9.6228,9.6576,97.0415,95.4345,6.8318,2010-06-30
USA,514.969,,3.74,3.98,-2.8707,-3.0808,2.1761,92.0146,91.8158,1.6366,130427.0,139.0772,139.3377,0.18,15.672,15048.97,15141.605,15648.991,15726.282,0.546,90.8609,91.4972,5.5323,,0.3341,0.4148,0.5103,2.9344,1724.0,8606.6,8773.7333,8580.2,2.94,0.55,0.84,1.6,2.3,309.79,178.5,3.25,,315.546,0.1576,0.28,0.15,0.2,11.4464,9.4,9.6228,9.4724,97.0415,95.6604,6.8318,2010-07-31
USA,490.819,,3.23,3.52,-2.8707,-3.0808,2.1792,92.0146,91.95,1.6366,130422.0,139.0772,139.3377,0.21,15.672,15048.97,15141.605,15648.991,15726.282,0.599,90.8609,91.8356,5.5323,,0.2755,0.3123,0.3625,2.6545,1748.7,8656.9,8773.7333,8627.0,2.47,0.47,0.72,1.33,1.92,309.79,179.5,3.25,,317.345,0.155,0.24,0.14,0.19,11.4464,9.5,9.6228,9.4724,97.0415,96.2638,6.8318,2010-08-31
USA,463.225,,3.38,3.69,-2.8707,-3.0808,2.1828,92.0146,92.0985,1.6366,130357.0,139.0772,139.3377,0.15,15.672,15048.97,15141.605,15648.991,15726.282,0.594,90.8609,92.0853,5.5323,,0.257,0.2738,0.2914,2.6113,1766.2,8687.9,8773.7333,8652.1,2.53,0.42,0.64,1.27,1.91,309.79,180.1,3.25,,319.914,0.1519,0.26,0.16,0.19,11.4464,9.5,9.6228,9.4724,97.0415,96.8935,6.8318,2010-09-30
USA,436.381,,3.64,3.99,-2.8707,-2.629,2.1904,92.0146,92.4191,1.6366,130625.0,139.0772,139.1547,0.2,15.7506,15048.97,15309.471,15648.991,15807.995,0.543,90.8609,91.8344,5.5323,,0.2561,0.272,0.2888,2.4622,1780.4,8737.0,8773.7333,8703.8,2.63,0.34,0.51,1.17,1.89,309.79,181.6,3.25,,324.043,0.1345,0.21,0.12,0.17,11.4464,9.4,9.6228,9.5243,97.0415,98.5587,6.8318,2010-10-31
USA,395.715,,3.8,4.12,-2.8707,-2.629,2.1959,92.0146,92.6533,1.6366,130750.0,139.0772,139.1547,0.2,15.7506,15048.97,15309.471,15648.991,15807.995,0.545,90.8609,91.8973,5.5323,,0.2542,0.27,0.2871,2.7237,1828.4,8757.7,8773.7333,8731.1,2.81,0.45,0.72,1.47,2.16,309.79,182.4,3.25,,327.635,0.143,0.26,0.17,0.21,11.4464,9.8,9.6228,9.5243,97.0415,99.3958,6.8318,2010-11-30
USA,509.615,,4.13,4.34,-2.8707,-2.629,2.2047,92.0146,93.0255,1.6366,130822.0,139.0772,139.1547,0.13,15.7506,15048.97,15309.471,15648.991,15807.995,0.539,90.8609,92.7866,5.5323,,0.2618,0.282,0.3027,3.2134,1836.7,8789.7,8773.7333,8766.8,3.3,0.61,1.02,2.01,2.71,309.79,184.0,3.25,,329.741,0.1409,0.27,0.12,0.19,11.4464,9.3,9.6228,9.5243,97.0415,101.0477,6.8318,2010-12-31
USA,380.294,,4.33,4.58,-2.9187,-3.1068,2.2119,94.9035,93.3272,3.1397,130841.0,139.8852,139.4277,0.17,15.7128,15599.7318,15351.444,15891.534,15769.911,0.63,93.7249,92.5935,3.1521,,0.2606,0.2828,0.3034,3.3276,1846.3,8826.2,9611.6,8806.4,3.42,0.58,0.98,1.95,2.71,312.1354,185.4,3.25,,332.14,0.152,0.24,0.15,0.17,11.8079,9.1,8.943,9.0398,105.5814,102.0134,8.8003,2011-01-31
USA,482.998,,4.25,4.49,-2.9187,-3.1068,2.219,94.9035,93.6272,3.1397,131053.0,139.8852,139.4277,0.16,15.7128,15599.7318,15351.444,15891.534,15769.911,0.517,93.7249,92.2224,3.1521,,0.2629,0.2873,0.3119,3.5043,1870.1,8871.6,9611.6,8855.0,3.42,0.69,1.18,2.13,2.82,312.1354,187.4,3.25,,334.674,0.1321,0.24,0.15,0.18,11.8079,9.0,8.943,9.0398,105.5814,103.5177,8.8003,2011-02-28
USA,648.485,,4.29,4.51,-2.9187,-3.1068,2.2305,94.9035,94.1115,3.1397,131288.0,139.8852,139.4277,0.1,15.7128,15599.7318,15351.444,15891.534,15769.911,0.6,93.7249,93.1871,3.1521,,0.2533,0.2829,0.3084,3.3643,1896.5,8916.0,9611.6,8902.8,3.47,0.8,1.29,2.24,2.9,312.1354,188.8,3.25,,337.935,0.1004,0.26,0.09,0.17,11.8079,9.0,8.943,9.0398,105.5814,104.6885,8.8003,2011-03-31
USA,595.951,,4.15,4.4,-2.9187,-3.0708,2.2409,94.9035,94.5533,3.1397,131602.0,139.8852,139.5313,0.09,15.8251,15599.7318,15557.535,15891.534,15876.839,0.554,93.7249,92.8644,3.1521,,0.2214,0.2519,0.2814,3.4034,1897.0,8978.2,9611.6,8967.7,3.32,0.61,1.01,1.97,2.66,312.1354,190.5,3.25,,340.149,0.0585,0.19,0.04,0.11,11.8079,9.1,8.943,9.074,105.5814,106.0073,8.8003,2011-04-30
USA,534.594,,3.91,4.22,-2.9187,-3.0708,2.2481,94.9035,94.8542,3.1397,131703.0,139.8852,139.5313,0.1,15.8251,15599.7318,15557.535,15891.534,15876.839,0.561,93.7249,92.9985,3.1521,,0.1978,0.2308,0.2607,3.1285,1941.6,9029.5,9611.6,9016.7,3.05,0.45,0.79,1.68,2.37,312.1354,191.5,3.25,,339.232,0.041,0.16,0.06,0.12,11.8079,9.0,8.943,9.074,105.5814,106.2567,8.8003,2011-05-31
USA,513.903,,4.09,4.38,-2.9187,-3.0708,2.2481,94.9035,94.8542,3.1397,131939.0,139.8852,139.5313,0.07,15.8251,15599.7318,15557.535,15891.534,15876.839,0.608,93.7249,93.2464,3.1521,,0.1872,0.2192,0.2478,2.941,1963.4,9113.7,9611.6,9095.7,3.18,0.45,0.81,1.76,2.5,312.1354,190.8,3.25,,341.657,0.0373,0.19,0.03,0.1,11.8079,9.1,8.943,9.074,105.5814,106.2743,8.8003,2011-06-30
USA,497.416,,3.77,4.12,-2.9187,-2.7317,2.254,94.9035,95.1027,3.1397,131999.0,139.8852,139.883,0.11,15.8207,15599.7318,15647.681,15891.534,15870.684,0.623,93.7249,93.7192,3.1521,,0.1866,0.2182,0.2499,2.9453,1996.0,9301.6,9611.6,9277.6,2.82,0.36,0.55,1.35,2.09,312.1354,191.6,3.25,,341.274,0.0375,0.2,0.1,0.16,11.8079,9.0,8.943,9.0052,105.5814,106.5552,8.8003,2011-07-31
USA,497.583,,3.19,3.6,-2.9187,-2.7317,2.2611,94.9035,95.4027,3.1397,132125.0,139.8852,139.883,0.08,15.8207,15599.7318,15647.681,15891.534,15870.684,0.585,93.7249,94.3258,3.1521,,0.2116,0.249,0.2945,2.2652,2115.4,9515.3,9611.6,9485.5,2.23,0.2,0.33,0.96,1.56,312.1354,191.1,3.25,,342.228,0.0243,0.1,0.02,0.05,11.8079,9.0,8.943,9.0052,105.5814,105.9724,8.8003,2011-08-31
USA,474.983,,2.66,2.9,-2.9187,-2.7317,2.266,94.9035,95.6098,3.1397,132358.0,139.8852,139.883,0.06,15.8207,15599.7318,15647.681,15891.534,15870.684,0.65,93.7249,94.2731,3.1521,,0.2309,0.2846,0.3502,1.9631,2120.0,9539.9,9611.6,9503.1,1.92,0.25,0.42,0.96,1.43,312.1354,192.8,3.25,,345.696,0.0138,0.12,0.02,0.06,11.8079,9.0,8.943,9.0052,105.5814,106.6548,8.8003,2011-09-30
USA,470.141,,2.89,3.16,-2.9187,-2.7716,2.2675,94.9035,95.6744,3.1397,132562.0,139.8852,140.6987,0.09,16.0041,15599.7318,15842.267,15891.534,16048.702,0.61,93.7249,94.9235,3.1521,,0.2437,0.3185,0.4065,2.1056,2128.5,9571.5,9611.6,9536.0,2.17,0.25,0.41,0.99,1.58,312.1354,192.4,3.25,,347.717,0.019,0.11,0.01,0.06,11.8079,8.8,8.943,8.6538,105.5814,106.0744,8.8003,2011-10-31
USA,455.258,,2.77,3.06,-2.9187,-2.7716,2.2717,94.9035,95.8512,3.1397,132694.0,139.8852,140.6987,0.1,16.0041,15599.7318,15842.267,15891.534,16048.702,0.711,93.7249,94.9398,3.1521,,0.2536,0.3594,0.4753,1.98,2182.0,9612.5,9611.6,9586.6,2.08,0.25,0.41,0.96,1.53,312.1354,192.9,3.25,,349.352,0.014,0.11,0.01,0.06,11.8079,8.6,8.943,8.6538,105.5814,106.6801,8.8003,2011-11-30
USA,541.255,,2.57,2.89,-2.9187,-2.7716,2.2722,94.9035,95.874,3.1397,132896.0,139.8852,140.6987,0.04,16.0041,15599.7318,15842.267,15891.534,16048.702,0.694,93.7249,95.405,3.1521,,0.2836,0.4083,0.5557,1.9687,2165.7,9651.3,9611.6,9630.0,1.89,0.25,0.36,0.83,1.35,312.1354,192.7,3.25,,349.973,0.0114,0.11,0.02,0.06,11.8079,8.5,8.943,8.6538,105.5814,106.2816,8.8003,2011-12-31
USA,460.549,,2.59,2.94,-2.5728,-2.8356,2.2784,96.871,96.1352,2.0732,133246.0,142.4746,141.826,0.11,16179.968,16253.97,16068.824,16253.97,16179.968,0.723,96.5807,95.9904,3.047,,0.2829,0.4142,0.5659,1.9239,2209.2,9761.9,10354.8667,9712.5,1.83,0.22,0.3,0.71,1.24,314.4967,193.4,3.25,,352.736,0.0345,0.12,0.06,0.08,13.8749,8.3,8.0654,8.2628,106.1561,106.1837,0.5444,2012-01-31
USA,604.028,,2.73,3.08,-2.5728,-2.8356,2.2833,96.871,96.3406,2.0732,133518.0,142.4746,141.826,0.1,16179.968,16253.97,16068.824,16253.97,16179.968,0.704,96.5807,96.2861,3.047,,0.25,0.3687,0.5032,1.9302,2194.5,9787.0,10354.8667,9758.5,1.98,0.3,0.43,0.87,1.39,314.4967,193.9,3.25,,357.435,0.092,0.17,0.08,0.13,13.8749,8.3,8.0654,8.2628,106.1561,106.4007,0.5444,2012-02-29
USA,747.947,,3.0,3.35,-2.5728,-2.8356,2.2881,96.871,96.5423,2.0732,133744.0,142.4746,141.826,0.09,16179.968,16253.97,16068.824,16253.97,16179.968,0.695,96.5807,95.7844,3.047,,0.2419,0.3508,0.4733,2.1537,2246.0,9903.1,10354.8667,9806.3,2.23,0.33,0.51,1.04,1.61,314.4967,194.1,3.25,,358.712,0.0841,0.18,0.07,0.15,13.8749,8.2,8.0654,8.2628,106.1561,107.2836,0.5444,2012-03-31
USA,614.66,,2.73,3.12,-2.5728,-2.7149,2.2919,96.871,96.7027,2.0732,133827.0,142.4746,142.1653,0.16,16253.726,16253.97,16207.13,16253.97,16253.726,0.753,96.5807,96.4818,3.047,,0.2398,0.3478,0.4668,2.0339,2268.6,9948.9,10354.8667,9863.4,1.95,0.27,0.38,0.82,1.33,314.4967,194.0,3.25,,356.872,0.0838,0.19,0.1,0.15,13.8749,8.2,8.0654,8.1805,106.1561,106.3382,0.5444,2012-04-30
USA,677.297,,2.27,2.67,-2.5728,-2.7149,2.2871,96.871,96.5027,2.0732,133935.0,142.4746,142.1653,0.16,16253.726,16253.97,16207.13,16253.97,16253.726,0.708,96.5807,96.6841,3.047,,0.2389,0.3457,0.4665,1.7863,2248.4,9882.9,10354.8667,9891.5,1.59,0.27,0.35,0.67,1.03,314.4967,192.9,3.25,,356.054,0.0895,0.18,0.07,0.14,13.8749,8.2,8.0654,8.1805,106.1561,105.2685,0.5444,2012-05-31
USA,641.885,,2.38,2.76,-2.5728,-2.7149,2.2852,96.871,96.4229,2.0732,134007.0,142.4746,142.1653,0.09,16253.726,16253.97,16207.13,16253.97,16253.726,0.757,96.5807,96.6699,3.047,,0.2432,0.3459,0.4656,1.6081,2271.0,9960.8,10354.8667,9955.7,1.67,0.33,0.41,0.72,1.11,314.4967,192.1,3.25,,352.011,0.0914,0.21,0.09,0.16,13.8749,8.2,8.0654,8.1805,106.1561,104.2666,0.5444,2012-06-30
USA,567.436,,2.21,2.56,-2.5728,-2.4233,2.2859,96.871,96.4508,2.0732,134153.0,142.4746,142.5423,0.13,16282.151,16253.97,16319.54,16253.97,16282.151,0.74,96.5807,96.901,3.047,,0.2465,0.3403,0.4536,1.504,2314.6,10005.9,10354.8667,10022.7,1.51,0.23,0.3,0.6,0.98,314.4967,192.4,3.25,,353.974,0.0971,0.16,0.11,0.14,13.8749,8.2,8.0654,8.0117,106.1561,104.3058,0.5444,2012-07-31
USA,633.71,,2.29,2.68,-2.5728,-2.4233,2.2992,96.871,97.0111,2.0732,134330.0,142.4746,142.5423,0.13,16282.151,16253.97,16319.54,16253.97,16282.151,0.754,96.5807,96.4941,3.047,,0.2378,0.3331,0.4326,1.6661,2334.6,10069.0,10354.8667,10089.2,1.57,0.22,0.3,0.59,1.01,314.4967,194.7,3.25,,358.575,0.1026,0.16,0.09,0.14,13.8749,8.1,8.0654,8.0117,106.1561,105.8485,0.5444,2012-08-31
USA,585.217,,2.42,2.82,-2.5728,-2.4233,2.3102,96.871,97.474,2.0732,134512.0,142.4746,142.5423,0.09,16282.151,16253.97,16319.54,16253.97,16282.151,0.847,96.5807,96.4222,3.047,,0.2213,0.308,0.3856,1.6993,2358.0,10165.2,10354.8667,10164.2,1.65,0.23,0.31,0.62,1.04,314.4967,196.5,3.25,,361.37,0.1053,0.17,0.1,0.14,13.8749,7.8,8.0654,8.0117,106.1561,106.9328,0.5444,2012-09-30
USA,530.897,,2.46,2.85,-2.5728,-2.324,2.3164,96.871,97.7368,2.0732,134671.0,142.4746,143.3647,0.18,16300.035,16253.97,16420.386,16253.97,16300.035,0.915,96.5807,96.74,3.047,,0.2135,0.2717,0.3305,1.7206,2416.2,10245.8,10354.8667,10222.1,1.72,0.3,0.38,0.72,1.14,314.4967,196.7,3.25,,361.864,0.1048,0.17,0.11,0.16,13.8749,7.8,8.0654,7.808,106.1561,107.2064,0.5444,2012-10-31
USA,551.645,,2.37,2.81,-2.5728,-2.324,2.3125,96.871,97.5727,2.0732,134834.0,142.4746,143.3647,0.16,16300.035,16253.97,16420.386,16253.97,16300.035,0.833,96.5807,97.1345,3.047,,0.2089,0.2581,0.311,1.6441,2415.2,10343.0,10354.8667,10295.9,1.62,0.25,0.34,0.61,1.04,314.4967,195.7,3.25,,362.866,0.0935,0.17,0.08,0.13,13.8749,7.7,8.0654,7.808,106.1561,106.7863,0.5444,2012-11-30
USA,629.898,,2.54,2.95,-2.5728,-2.324,2.3122,96.871,97.5609,2.0732,135075.0,142.4746,143.3647,0.09,16300.035,16253.97,16420.386,16253.97,16300.035,0.976,96.5807,97.3797,3.047,,0.2109,0.2553,0.3095,1.7114,2509.7,10531.4,10354.8667,10426.0,1.78,0.25,0.36,0.72,1.18,314.4967,195.3,3.25,,364.443,0.07,0.15,0.05,0.11,13.8749,7.9,8.0654,7.808,106.1561,107.0525,0.5444,2012-12-31
USA,523.227,,2.79,3.17,-2.0157,-2.1871,2.3168,98.2912,97.7541,1.466,135265.0,143.9407,143.3233,0.15,16441.485,16843.1958,16629.05,16553.3475,16441.485,0.888,98.5051,97.3726,1.9925,,0.205,0.2498,0.3026,1.8841,2481.3,10506.6,10984.8333,10454.3,2.02,0.27,0.42,0.88,1.38,316.8409,196.4,3.25,,367.277,0.0743,0.14,0.07,0.12,14.3116,8.0,7.3726,7.7476,106.8035,107.1465,0.6098,2013-01-31
USA,604.217,,2.71,3.1,-2.0157,-2.1871,2.3294,98.2912,98.2849,1.466,135544.0,143.9407,143.3233,0.14,16441.485,16843.1958,16629.05,16553.3475,16441.485,0.962,98.5051,97.853,1.9925,,0.2013,0.2455,0.2905,1.968,2455.7,10480.0,10984.8333,10454.0,1.89,0.25,0.36,0.77,1.26,316.8409,197.6,3.25,,372.515,0.0989,0.16,0.11,0.13,14.3116,7.7,7.3726,7.7476,106.8035,107.7968,0.6098,2013-02-28
USA,739.747,,2.71,3.1,-2.0157,-2.1871,2.3228,98.2912,98.0086,1.466,135689.0,143.9407,143.3233,0.09,16441.485,16843.1958,16629.05,16553.3475,16441.485,1.01,98.5051,98.2654,1.9925,,0.2035,0.2419,0.2819,1.9436,2497.2,10626.9,10984.8333,10527.7,1.87,0.25,0.36,0.77,1.24,316.8409,196.5,3.25,,369.062,0.087,0.13,0.07,0.11,14.3116,7.5,7.3726,7.7476,106.8035,107.2671,0.6098,2013-03-31
USA,639.12,,2.49,2.88,-2.0157,-2.1357,2.318,98.2912,97.8039,1.466,135876.0,143.9407,143.8387,0.14,16464.402,16843.1958,16699.551,16553.3475,16464.402,0.835,98.5051,98.1568,1.9925,,0.1997,0.2401,0.2774,1.7343,2542.3,10655.8,10984.8333,10564.7,1.7,0.22,0.32,0.68,1.11,316.8409,195.3,3.25,,367.29,0.06,0.11,0.05,0.09,14.3116,7.6,7.3726,7.5347,106.8035,106.3966,0.6098,2013-04-30
USA,710.234,,2.95,3.3,-2.0157,-2.1357,2.3189,98.2912,97.8444,1.466,136091.0,143.9407,143.8387,0.09,16464.402,16843.1958,16699.551,16553.3475,16464.402,0.93,98.5051,98.2444,1.9925,,0.1966,0.234,0.2741,1.9199,2518.5,10578.7,10984.8333,10598.4,2.16,0.3,0.52,1.05,1.55,316.8409,196.1,3.25,,369.648,0.0441,0.14,0.04,0.07,14.3116,7.5,7.3726,7.5347,106.8035,106.5557,0.6098,2013-05-31
USA,687.169,,3.22,3.52,-2.0157,-2.1357,2.3245,98.2912,98.0773,1.466,136269.0,143.9407,143.8387,0.07,16464.402,16843.1958,16699.551,16553.3475,16464.402,0.839,98.5051,98.3792,1.9925,,0.1932,0.2316,0.2737,2.2917,2523.5,10643.3,10984.8333,10648.7,2.52,0.36,0.66,1.41,1.96,316.8409,196.2,3.25,,370.847,0.0505,0.15,0.04,0.1,14.3116,7.5,7.3726,7.5347,106.8035,106.5568,0.6098,2013-06-30
USA,638.081,,3.34,3.64,-2.0157,-2.0198,2.329,98.2912,98.2693,1.466,136391.0,143.9407,144.336,0.09,16594.743,16843.1958,16911.068,16553.3475,16594.743,0.88,98.5051,98.0808,1.9925,,0.1911,0.2324,0.2676,2.5618,2543.7,10682.3,10984.8333,10700.0,2.6,0.31,0.61,1.38,2.0,316.8409,196.0,3.25,,373.447,0.0355,0.11,0.04,0.08,14.3116,7.3,7.3726,7.2572,106.8035,106.5137,0.6098,2013-07-31
USA,734.027,,3.46,3.7,-2.0157,-2.0198,2.3346,98.2912,98.5039,1.466,136635.0,143.9407,144.336,0.07,16594.743,16843.1958,16911.068,16553.3475,16594.743,0.917,98.5051,98.6519,1.9925,,0.1841,0.2263,0.2633,2.7327,2537.4,10738.0,10984.8333,10754.4,2.78,0.39,0.79,1.62,2.24,316.8409,197.0,3.25,,372.419,0.0436,0.12,0.03,0.05,14.3116,7.2,7.3726,7.2572,106.8035,106.669,0.6098,2013-08-31
USA,549.312,,3.41,3.69,-2.0157,-2.0198,2.3354,98.2912,98.541,1.466,136819.0,143.9407,144.336,0.06,16594.743,16843.1958,16911.068,16553.3475,16594.743,0.85,98.5051,99.1755,1.9925,,0.1806,0.2213,0.2532,2.8032,2555.8,10805.9,10984.8333,10801.2,2.64,0.33,0.63,1.39,2.02,316.8409,196.5,3.25,,372.515,0.016,0.09,0.02,0.04,14.3116,7.2,7.3726,7.2572,106.8035,106.5703,0.6098,2013-09-30
USA,563.78,,3.33,3.63,-2.0157,-1.7286,2.3367,98.2912,98.5938,1.466,137039.0,143.9407,144.2647,0.07,16712.76,16843.1958,17133.114,16553.3475,16712.76,0.925,98.5051,99.0631,1.9925,,0.1724,0.2127,0.2418,2.604,2618.4,10933.0,10984.8333,10904.8,2.57,0.31,0.57,1.31,1.95,316.8409,196.9,3.25,,373.492,0.0473,0.09,0.04,0.08,14.3116,7.2,7.3726,6.95,106.8035,106.541,0.6098,2013-10-31
USA,584.775,,3.54,3.82,-2.0157,-1.7286,2.341,98.2912,98.7756,1.466,137314.0,143.9407,144.2647,0.07,16712.76,16843.1958,17133.114,16553.3475,16712.76,1.1,98.5051,99.3051,1.9925,,0.1673,0.2075,0.2382,2.7103,2607.2,10977.2,10984.8333,10928.3,2.75,0.28,0.56,1.37,2.1,316.8409,197.5,3.25,,373.94,0.0679,0.12,0.06,0.11,14.3116,6.9,7.3726,6.95,106.8035,106.3802,0.6098,2013-11-30
USA,612.645,,3.72,3.96,-2.0157,-1.7286,2.3472,98.2912,99.0368,1.466,137368.0,143.9407,144.2647,0.07,16712.76,16843.1958,17133.114,16553.3475,16712.76,1.002,98.5051,99.513,1.9925,,0.1672,0.2127,0.2442,2.8967,2715.7,11104.3,10984.8333,10993.9,3.04,0.38,0.78,1.75,2.45,316.8409,198.3,3.25,,376.621,0.0667,0.12,0.07,0.1,14.3116,6.7,7.3726,6.95,106.8035,107.248,0.6098,2013-12-31
USA,479.954,,3.35,3.61,-2.1085,-2.1212,2.3529,99.879,99.2769,1.6155,137552.0,146.3187,145.3107,0.07,16654.247,17550.6878,17144.281,16932.0518,16654.247,0.888,101.4448,99.1414,2.9844,,0.1601,0.2044,0.2386,2.8518,2701.7,11101.6,11616.5333,11046.9,2.67,0.34,0.69,1.49,2.13,319.3267,199.8,3.25,,373.327,0.0433,0.09,0.02,0.06,15.8823,6.6,6.158,6.6253,107.8043,107.8856,0.9371,2014-01-31
USA,562.538,,3.31,3.59,-2.1085,-2.1212,2.3555,99.879,99.3862,1.6155,137707.0,146.3187,145.3107,0.06,16654.247,17550.6878,17144.281,16932.0518,16654.247,0.944,101.4448,99.9007,2.9844,,0.1551,0.1966,0.2352,2.6974,2706.2,11153.4,11616.5333,11129.9,2.66,0.33,0.69,1.51,2.13,319.3267,200.2,3.25,,378.58,0.0526,0.11,0.05,0.08,15.8823,6.7,6.158,6.6253,107.8043,108.5777,0.9371,2014-02-28
USA,741.272,,3.31,3.56,-2.1085,-2.1212,2.3603,99.879,99.5891,1.6155,137986.0,146.3187,145.3107,0.06,16654.247,17550.6878,17144.281,16932.0518,16654.247,0.97,101.4448,100.8829,2.9844,,0.1549,0.1971,0.2341,2.7148,2773.3,11278.4,11616.5333,11173.9,2.73,0.44,0.9,1.73,2.3,319.3267,200.8,3.25,,382.404,0.0524,0.12,0.05,0.07,15.8823,6.7,6.158,6.6253,107.8043,109.0291,0.9371,2014-03-31
USA,656.715,,3.22,3.47,-2.1085,-1.9967,2.3647,99.879,99.7748,1.6155,138298.0,146.3187,145.913,0.09,16868.109,17550.6878,17462.703,16932.0518,16868.109,1.043,101.4448,100.9456,2.9844,,0.1517,0.1919,0.2273,2.6937,2809.6,11331.6,11616.5333,11230.6,2.67,0.42,0.87,1.69,2.25,319.3267,201.7,3.25,,386.507,0.031,0.11,0.03,0.05,15.8823,6.2,6.158,6.2175,107.8043,109.1109,0.9371,2014-04-30
USA,775.008,,3.05,3.33,-2.1085,-1.9967,2.3692,99.879,99.9647,1.6155,138501.0,146.3187,145.913,0.08,16868.109,17550.6878,17462.703,16932.0518,16868.109,1.007,101.4448,101.3514,2.9844,,0.1504,0.1914,0.2261,2.5502,2782.2,11274.8,11616.5333,11297.9,2.48,0.37,0.79,1.54,2.06,319.3267,201.0,3.25,,386.929,0.0324,0.1,0.04,0.06,15.8823,6.3,6.158,6.2175,107.8043,108.6487,0.9371,2014-05-31
USA,685.301,,3.08,3.34,-2.1085,-1.9967,2.3723,99.879,100.0967,1.6155,138833.0,146.3187,145.913,0.09,16868.109,17550.6878,17462.703,16932.0518,16868.109,0.911,101.4448,101.7006,2.9844,,0.1524,0.1938,0.2309,2.5902,2824.8,11336.8,11616.5333,11347.2,2.53,0.47,0.88,1.62,2.13,319.3267,201.5,3.25,,387.863,0.0357,0.11,0.04,0.07,15.8823,6.1,6.158,6.2175,107.8043,108.5097,0.9371,2014-06-30
USA,670.85,,3.07,3.32,-2.1085,-2.0106,2.375,99.879,100.2094,1.6155,139076.0,146.3187,146.569,0.08,17064.616,17550.6878,17743.227,16932.0518,17064.616,1.085,101.4448,101.977,2.9844,,0.1544,0.1956,0.2342,2.5324,2841.2,11391.8,11616.5333,11407.3,2.58,0.53,1.02,1.76,2.24,319.3267,201.5,3.25,,388.261,0.0264,0.11,0.03,0.05,15.8823,6.2,6.158,6.081,107.8043,108.3212,0.9371,2014-07-31
USA,752.421,,2.83,3.09,-2.1085,-2.0106,2.3746,99.879,100.1934,1.6155,139258.0,146.3187,146.569,0.07,17064.616,17550.6878,17743.227,16932.0518,17064.616,0.984,101.4448,101.7861,2.9844,,0.156,0.1953,0.2348,2.4108,2790.2,11422.7,11616.5333,11435.0,2.35,0.48,0.94,1.63,2.05,319.3267,201.4,3.25,,391.217,0.0329,0.09,0.03,0.05,15.8823,6.1,6.158,6.081,107.8043,108.0884,0.9371,2014-08-31
USA,565.542,,2.98,3.21,-2.1085,-2.0106,2.3748,99.879,100.2005,1.6155,139563.0,146.3187,146.569,0.07,17064.616,17550.6878,17743.227,16932.0518,17064.616,1.023,101.4448,102.0982,2.9844,,0.1541,0.197,0.234,2.5193,2834.6,11470.6,11616.5333,11466.4,2.52,0.58,1.07,1.78,2.22,319.3267,200.8,3.25,,389.68,0.02,0.11,0.02,0.03,15.8823,5.9,6.158,6.081,107.8043,107.8693,0.9371,2014-09-30
USA,580.947,,2.81,3.07,-2.1085,-2.303,2.3743,99.879,100.1807,1.6155,139805.0,146.3187,147.482,0.07,17141.235,17550.6878,17852.54,16932.0518,17141.235,1.074,101.4448,102.1039,2.9844,,0.1535,0.1974,0.2314,2.2881,2865.0,11538.6,11616.5333,11511.4,2.35,0.5,0.95,1.62,2.05,319.3267,200.2,3.25,,390.597,0.0168,0.1,0.01,0.05,15.8823,5.7,6.158,5.7107,107.8043,106.9545,0.9371,2014-10-31
USA,579.143,,2.62,2.89,-2.1085,-2.303,2.3698,99.879,99.9921,1.6155,140089.0,146.3187,147.482,0.08,17141.235,17550.6878,17852.54,16932.0518,17141.235,1.001,101.4448,102.7298,2.9844,,0.1548,0.2025,0.2329,2.3159,2861.1,11615.0,11616.5333,11567.2,2.18,0.47,0.88,1.49,1.89,319.3267,199.5,3.25,,391.592,0.0217,0.12,0.02,0.07,15.8823,5.8,6.158,5.7107,107.8043,106.1312,0.9371,2014-11-30
USA,658.309,,2.47,2.75,-2.1085,-2.303,2.3625,99.879,99.6837,1.6155,140366.0,146.3187,147.482,0.06,17141.235,17550.6878,17852.54,16932.0518,17141.235,1.073,101.4448,102.7202,2.9844,,0.1635,0.2074,0.2457,2.204,2992.0,11760.0,11616.5333,11647.8,2.17,0.67,1.1,1.65,1.97,319.3267,196.8,3.25,,388.223,0.0291,0.22,0.04,0.12,15.8823,5.6,6.158,5.7107,107.8043,104.5257,0.9371,2014-12-31
USA,515.416,,2.04,2.25,-2.2435,-2.2098,2.3475,100.0,99.0486,0.1211,140562.0,148.8447,148.106,0.06,17280.647,18206.0235,17991.348,17390.2953,17280.647,1.085,100.0,101.9329,-1.4242,,0.1682,0.2136,0.2544,1.8808,2941.1,11759.0,12275.6,11713.5,1.68,0.47,0.77,1.18,1.49,321.8023,193.3,3.25,,385.558,0.0275,0.16,0.02,0.07,15.9651,5.7,5.2778,5.528,100.0,101.6105,-7.2393,2015-01-31
USA,558.177,,2.38,2.6,-2.2435,-2.2098,2.3534,100.0,99.2997,0.1211,140829.0,148.8447,148.106,0.06,17280.647,18206.0235,17991.348,17390.2953,17280.647,0.886,100.0,101.2957,-1.4242,,0.1721,0.2122,0.2584,1.9744,2979.6,11847.1,12275.6,11831.2,2.0,0.63,1.01,1.5,1.82,321.8023,193.5,3.25,,385.104,0.0179,0.19,0.02,0.07,15.9651,5.5,5.2778,5.528,100.0,100.9111,-7.2393,2015-02-28
USA,717.516,,2.31,2.54,-2.2435,-2.2098,2.3598,100.0,99.5672,0.1211,140924.0,148.8447,148.106,0.06,17280.647,18206.0235,17991.348,17390.2953,17280.647,0.96,100.0,100.9509,-1.4242,,0.1756,0.2196,0.2683,2.0377,3023.9,11956.7,12275.6,11853.1,1.94,0.56,0.89,1.37,1.71,321.8023,194.2,3.25,,391.056,0.0277,0.26,0.03,0.14,15.9651,5.4,5.2778,5.528,100.0,101.0136,-7.2393,2015-03-31
USA,646.404,,2.49,2.75,-2.2435,-2.187,2.3622,100.0,99.671,0.1211,141202.0,148.8447,148.7147,0.08,17380.875,18206.0235,18193.707,17390.2953,17380.875,1.19,100.0,100.3766,-1.4242,,0.1807,0.2283,0.2758,1.9229,3035.4,12004.7,12275.6,11898.2,2.05,0.58,0.91,1.43,1.79,321.8023,192.9,3.25,,391.375,0.0232,0.23,0.01,0.06,15.9651,5.4,5.2778,5.4325,100.0,100.1617,-7.2393,2015-04-30
USA,748.03,,2.63,2.88,-2.2435,-2.187,2.37,100.0,99.9997,0.1211,141540.0,148.8447,148.7147,0.08,17380.875,18206.0235,18193.707,17390.2953,17380.875,1.079,100.0,99.9057,-1.4242,,0.1842,0.2298,0.2798,2.1931,2975.9,11907.9,12275.6,11932.8,2.12,0.61,0.94,1.49,1.86,321.8023,195.1,3.25,,394.332,0.0165,0.25,0.01,0.06,15.9651,5.6,5.2778,5.4325,100.0,101.0426,-7.2393,2015-05-31
USA,661.216,,2.83,3.11,-2.2435,-2.187,2.3766,100.0,100.2765,0.1211,141695.0,148.8447,148.7147,0.08,17380.875,18206.0235,18193.707,17390.2953,17380.875,1.205,100.0,99.6075,-1.4242,,0.1859,0.2347,0.2827,2.358,3020.7,11962.5,12275.6,11977.4,2.35,0.64,1.01,1.63,2.07,321.8023,196.2,3.25,,394.859,0.015,0.27,0.01,0.11,15.9651,5.3,5.2778,5.4325,100.0,101.38,-7.2393,2015-06-30
USA,647.893,,2.61,2.92,-2.2435,-2.4019,2.3803,100.0,100.4355,0.1211,141989.0,148.8447,148.9457,0.08,17437.08,18206.0235,18306.96,17390.2953,17437.08,1.146,100.0,100.2591,-1.4242,,0.1882,0.2394,0.2907,2.3183,3038.4,12012.9,12275.6,12031.1,2.2,0.67,1.0,1.54,1.93,321.8023,196.0,3.25,,398.128,0.0323,0.31,0.08,0.14,15.9651,5.2,5.2778,5.1104,100.0,100.95,-7.2393,2015-07-31
USA,670.828,,2.64,2.95,-2.2435,-2.4019,2.3803,100.0,100.4351,0.1211,142130.0,148.8447,148.9457,0.08,17437.08,18206.0235,18306.96,17390.2953,17437.08,1.13,100.0,100.0313,-1.4242,,0.1968,0.261,0.3212,2.1622,3022.3,12070.4,12275.6,12082.0,2.21,0.74,1.07,1.54,1.94,321.8023,195.3,3.25,,397.71,0.0719,0.37,0.08,0.27,15.9651,5.1,5.2778,5.1104,100.0,100.2325,-7.2393,2015-08-31
USA,598.981,,2.51,2.87,-2.2435,-2.4019,2.375,100.0,100.2094,0.1211,142265.0,148.8447,148.9457,0.07,17437.08,18206.0235,18306.96,17390.2953,17437.08,1.224,100.0,99.7613,-1.4242,,0.2011,0.2659,0.3311,2.1647,3016.3,12138.2,12275.6,12135.0,2.06,0.64,0.92,1.37,1.75,321.8023,192.9,3.25,,396.112,0.0243,0.31,-0.01,0.08,15.9651,5.0,5.2778,5.1104,100.0,98.89,-7.2393,2015-09-30
USA,599.661,,2.57,2.93,-2.2435,-2.1745,2.3773,100.0,100.3085,0.1211,142585.0,148.8447,149.6123,0.07,17462.579,18206.0235,18332.079,17390.2953,17462.579,1.058,100.0,99.3082,-1.4242,,0.1945,0.2515,0.3214,2.0576,3011.9,12171.5,12275.6,12148.3,2.16,0.75,1.05,1.52,1.88,321.8023,192.4,3.25,,394.425,0.0167,0.32,0.08,0.22,15.9651,5.0,5.2778,5.0412,100.0,98.5535,-7.2393,2015-10-31
USA,529.883,,2.63,2.98,-2.2435,-2.1745,2.3802,100.0,100.4284,0.1211,142810.0,148.8447,149.6123,0.08,17462.579,18206.0235,18332.079,17390.2953,17462.579,1.172,100.0,98.5454,-1.4242,,0.2084,0.2867,0.371,2.2621,3056.2,12297.9,12275.6,12250.9,2.21,0.94,1.24,1.65,1.99,321.8023,192.6,3.25,,396.141,0.1263,0.48,0.22,0.42,15.9651,5.1,5.2778,5.0412,100.0,98.0048,-7.2393,2015-11-30
USA,634.521,,2.67,3.01,-2.2435,-2.1745,2.3776,100.0,100.3204,0.1211,143083.0,148.8447,149.6123,0.2,17462.579,18206.0235,18332.079,17390.2953,17462.579,1.146,100.0,98.0253,-1.4242,,0.3584,0.4442,0.5393,2.2367,3141.1,12427.3,12275.6,12311.2,2.27,1.06,1.31,1.76,2.09,321.8023,191.3,3.3696,,397.244,0.2286,0.61,0.16,0.48,15.9651,5.0,5.2778,5.0412,100.0,97.2497,-7.2393,2015-12-31
USA,473.12,,2.36,2.75,-2.1194,-2.2581,2.3765,101.2674,100.2744,1.2674,143198.0,151.4364,150.9367,0.29,17565.465,18695.1058,18425.306,17680.2738,17565.465,1.092,97.8264,98.572,-2.1736,,0.4256,0.5164,0.6192,2.082,3094.0,12478.4,13163.8333,12441.5,1.94,0.76,0.97,1.33,1.67,324.2803,190.8,3.5,,394.576,0.2574,0.44,0.32,0.42,15.2928,4.8,4.8692,4.8916,97.3499,96.5809,-2.6501,2016-01-31
USA,555.913,,2.19,2.61,-2.1194,-2.2581,2.3734,101.2674,100.141,1.2674,143410.0,151.4364,150.9367,0.29,17565.465,18695.1058,18425.306,17680.2738,17565.465,1.225,97.8264,98.0624,-2.1736,,0.4313,0.5186,0.6227,1.7707,3096.6,12517.1,13163.8333,12509.8,1.74,0.78,0.91,1.22,1.52,324.2803,189.4,3.5,,398.149,0.3145,0.6,0.33,0.49,15.2928,4.9,4.8692,4.8916,97.3499,95.7405,-2.6501,2016-02-29
USA,666.922,,2.2,2.61,-2.1194,-2.2581,2.3808,101.2674,100.455,1.2674,143666.0,151.4364,150.9367,0.25,17565.465,18695.1058,18425.306,17680.2738,17565.465,1.111,97.8264,97.3126,-2.1736,,0.4363,0.5204,0.6317,1.8843,3179.8,12684.8,13163.8333,12582.7,1.78,0.73,0.87,1.21,1.54,324.2803,189.8,3.5,,396.959,0.2973,0.58,0.21,0.38,15.2928,5.0,4.8692,4.8916,97.3499,96.1204,-2.6501,2016-03-31
USA,609.499,,2.26,2.66,-2.1194,-2.1595,2.3899,101.2674,100.8398,1.2674,143856.0,151.4364,151.143,0.3,17618.581,18695.1058,18611.617,17680.2738,17618.581,1.163,97.8264,97.608,-2.1736,,0.4374,0.5229,0.6328,1.7973,3234.5,12778.6,13163.8333,12668.3,1.83,0.77,0.92,1.28,1.6,324.2803,190.4,3.5,,398.099,0.2281,0.55,0.22,0.39,15.2928,5.1,4.8692,4.92,97.3499,96.2105,-2.6501,2016-04-30
USA,626.247,,2.23,2.64,-2.1194,-2.1595,2.3956,101.2674,101.0782,1.2674,143901.0,151.4364,151.143,0.29,17618.581,18695.1058,18611.617,17680.2738,17618.581,1.148,97.8264,97.3831,-2.1736,,0.4426,0.5338,0.6457,1.8032,3234.8,12708.4,13163.8333,12742.2,1.84,0.87,1.03,1.37,1.66,324.2803,191.1,3.5,,399.909,0.2767,0.66,0.34,0.48,15.2928,4.8,4.8692,4.92,97.3499,96.8166,-2.6501,2016-05-31
USA,605.425,,1.86,2.3,-2.1194,-2.1595,2.4022,101.2674,101.3587,1.2674,144152.0,151.4364,151.143,0.3,17618.581,18695.1058,18611.617,17680.2738,17618.581,1.203,97.8264,97.8462,-2.1736,,0.4527,0.5394,0.6516,1.6399,3247.0,12789.0,13163.8333,12811.3,1.49,0.58,0.71,1.01,1.29,324.2803,192.4,3.5,,404.677,0.2727,0.44,0.26,0.35,15.2928,4.9,4.8692,4.92,97.3499,97.6027,-2.6501,2016-06-30
USA,591.549,,1.78,2.18,-2.1194,-2.1211,2.401,101.2674,101.3077,1.2674,144515.0,151.4364,151.698,0.3,17724.489,18695.1058,18775.459,17680.2738,17724.489,1.239,97.8264,98.0053,-2.1736,,0.4829,0.5735,0.6963,1.4938,3244.7,12850.1,13163.8333,12872.3,1.46,0.67,0.76,1.03,1.29,324.2803,192.4,3.5,,403.648,0.301,0.49,0.27,0.37,15.2928,4.8,4.8692,4.8856,97.3499,97.7685,-2.6501,2016-07-31
USA,580.788,,1.9,2.23,-2.1194,-2.1211,2.4055,101.2674,101.495,1.2674,144664.0,151.4364,151.698,0.3,17724.489,18695.1058,18775.459,17680.2738,17724.489,1.171,97.8264,97.8993,-2.1736,,0.5128,0.6359,0.8112,1.5542,3319.0,12946.7,13163.8333,12955.2,1.58,0.8,0.92,1.19,1.45,324.2803,191.8,3.5,,403.861,0.2996,0.59,0.33,0.46,15.2928,4.9,4.8692,4.8856,97.3499,97.5534,-2.6501,2016-08-31
USA,556.261,,1.99,2.32,-2.1194,-2.1211,2.4118,101.2674,101.7613,1.2674,144961.0,151.4364,151.698,0.29,17724.489,18695.1058,18775.459,17680.2738,17724.489,1.068,97.8264,97.7987,-2.1736,,0.527,0.6625,0.8497,1.6245,3296.4,13016.2,13163.8333,13014.2,1.6,0.77,0.88,1.14,1.42,324.2803,192.6,3.5,,406.384,0.2943,0.57,0.28,0.44,15.2928,5.0,4.8692,4.8856,97.3499,97.8834,-2.6501,2016-09-30
USA,507.24,,2.25,2.58,-2.1194,-1.9435,2.4174,101.2674,101.9997,1.2674,145069.0,151.4364,151.968,0.31,17812.56,18695.1058,18968.041,17680.2738,17812.56,1.313,97.8264,97.8819,-2.1736,,0.5308,0.661,0.8787,1.7545,3327.7,13079.4,13163.8333,13067.9,1.84,0.86,1.0,1.31,1.62,324.2803,193.7,3.5,,407.253,0.3315,0.64,0.34,0.51,15.2928,4.9,4.8692,4.7798,97.3499,98.1533,-2.6501,2016-10-31
USA,509.053,,2.73,3.02,-2.1194,-1.9435,2.4203,101.2674,102.1199,1.2674,145189.0,151.4364,151.968,0.31,17812.56,18695.1058,18968.041,17680.2738,17812.56,1.14,97.8264,97.4732,-2.1736,,0.5631,0.7006,0.9085,2.1484,3328.5,13191.8,13163.8333,13144.8,2.37,1.11,1.4,1.83,2.18,324.2803,193.3,3.5,,405.872,0.4525,0.77,0.48,0.61,15.2928,4.7,4.8692,4.7798,97.3499,98.2053,-2.6501,2016-11-30
USA,601.329,,2.79,3.06,-2.1194,-1.9435,2.4264,101.2674,102.3777,1.2674,145408.0,151.4364,151.968,0.55,17812.56,18695.1058,18968.041,17680.2738,17812.56,1.252,97.8264,98.074,-2.1736,,0.7164,0.7883,0.9773,2.4906,3384.0,13299.9,13163.8333,13180.9,2.45,1.2,1.47,1.93,2.25,324.2803,195.0,3.6364,,413.211,0.5119,0.81,0.5,0.61,15.2928,4.7,4.8692,4.7798,97.3499,99.5638,-2.6501,2016-12-31
USA,412.899,,2.78,3.05,-1.8535,-1.7829,2.4362,103.4258,102.7916,2.1314,145639.0,153.3346,152.5657,0.56,17896.623,19477.3365,19148.194,18076.6515,17889.094,1.19,99.1585,97.904,1.3617,,0.7714,0.8375,1.0244,2.4245,3388.6,13281.6,13811.2667,13260.5,2.45,1.19,1.46,1.9,2.24,326.5236,196.6,3.75,,416.024,0.519,0.82,0.52,0.63,11.6757,4.7,4.3568,4.5701,101.6452,100.771,4.4122,2017-01-31
USA,484.258,,2.7,2.97,-1.8535,-1.7829,2.4401,103.4258,102.9554,2.1314,145845.0,153.3346,152.5657,0.57,17896.623,19477.3365,19148.194,18076.6515,17889.094,1.271,99.1585,97.5896,1.3617,,0.7767,0.848,1.0446,2.4168,3358.0,13305.6,13811.2667,13299.3,2.36,1.22,1.49,1.89,2.19,326.5236,197.2,3.75,,416.011,0.5263,0.86,0.53,0.68,11.6757,4.6,4.3568,4.5701,101.6452,101.0654,4.4122,2017-02-28
USA,590.597,,2.76,3.02,-1.8535,-1.7829,2.4389,103.4258,102.9073,2.1314,145975.0,153.3346,152.5657,0.82,17896.623,19477.3365,19148.194,18076.6515,17889.094,1.19,99.1585,98.2389,1.3617,,0.9286,0.9827,1.1347,2.4776,3477.3,13491.7,13811.2667,13380.5,2.4,1.27,1.5,1.93,2.22,326.5236,197.1,3.8804,,414.942,0.7478,1.01,0.75,0.89,11.6757,4.4,4.3568,4.5701,101.6452,101.0429,4.4122,2017-03-31
USA,538.511,,2.67,2.96,-1.8535,-2.1552,2.4419,103.4258,103.0343,2.1314,146172.0,153.3346,153.214,0.83,17996.802,19477.3365,19304.506,18076.6515,17979.218,1.146,99.1585,99.2125,1.3617,,0.9909,1.0339,1.159,2.2854,3489.1,13565.0,13811.2667,13383.6455,2.29,1.28,1.45,1.81,2.1,326.5236,198.1,4.0,,416.702,0.8084,1.05,0.79,0.97,11.6757,4.4,4.3568,4.3618,101.6452,101.45,4.4122,2017-04-30
USA,562.657,,2.6,2.87,-1.8535,-2.1552,2.44,103.4258,102.9545,2.1314,146389.0,153.3346,153.214,0.83,17996.802,19477.3365,19304.506,18076.6515,17979.218,1.157,99.1585,99.2963,1.3617,,1.0122,1.0844,1.186,2.2969,3517.1,13474.1,13811.2667,13451.7728,2.21,1.28,1.44,1.75,2.02,326.5236,196.1,4.0,,414.274,0.9032,1.14,0.96,1.06,11.6757,4.4,4.3568,4.3618,101.6452,100.8005,4.4122,2017-05-31
USA,521.943,,2.61,2.84,-1.8535,-2.1552,2.4416,103.4258,103.0216,2.1314,146588.0,153.3346,153.214,1.06,17996.802,19477.3365,19304.506,18076.6515,17979.218,1.249,99.1585,99.4706,1.3617,,1.1714,1.2102,1.2624,2.185,3527.7,13522.1,13811.2667,13507.31,2.31,1.38,1.55,1.89,2.14,326.5236,196.2,4.1364,,416.36,0.9991,1.21,1.01,1.12,11.6757,4.3,4.3568,4.3618,101.6452,100.7576,4.4122,2017-06-30
USA,501.895,,2.66,2.89,-1.8535,-1.6869,2.4424,103.4258,103.0554,2.1314,146772.0,153.3346,153.786,1.07,18126.226,19477.3365,19561.896,18076.6515,18127.994,1.206,99.1585,99.2991,1.3617,,1.228,1.2567,1.3075,2.3137,3548.2,13584.4,13811.2667,13542.8361,2.3,1.34,1.51,1.84,2.11,326.5236,196.3,4.25,,416.487,1.0865,1.2,1.05,1.11,11.6757,4.3,4.3568,4.3199,101.6452,100.8727,4.4122,2017-07-31
USA,523.43,,2.47,2.73,-1.8535,-1.6869,2.4518,103.4258,103.452,2.1314,146907.0,153.3346,153.786,1.07,18126.226,19477.3365,19561.896,18076.6515,18127.994,1.159,99.1585,98.8489,1.3617,,1.2319,1.2645,1.3143,2.2058,3588.6,13653.7,13811.2667,13562.6004,2.12,1.33,1.44,1.7,1.95,326.5236,197.4,4.25,,417.014,1.0322,1.2,0.99,1.06,11.6757,4.4,4.3568,4.3199,101.6452,101.4618,4.4122,2017-08-31
USA,535.491,,2.63,2.86,-1.8535,-1.6869,2.4644,103.4258,103.9802,2.1314,146999.0,153.3346,153.786,1.06,18126.226,19477.3365,19561.896,18076.6515,18127.994,1.181,99.1585,98.9432,1.3617,,1.2349,1.2722,1.3233,2.1983,3542.2,13705.5,13811.2667,13573.77,2.33,1.47,1.62,1.92,2.16,326.5236,199.0,4.25,,426.455,1.0465,1.27,1.04,1.18,11.6757,4.3,4.3568,4.3199,101.6452,102.1451,4.4122,2017-09-30
USA,459.159,,2.66,2.88,-1.8535,-1.7927,2.4663,103.4258,104.0608,2.1314,147147.0,153.3346,153.7727,1.07,18296.685,19477.3365,19894.75,18076.6515,18310.3,1.257,99.1585,100.1898,1.3617,,1.2385,1.2876,1.3608,2.3556,3601.6,13750.7,13811.2667,13582.394,2.38,1.6,1.73,2.01,2.23,326.5236,199.6,4.25,,426.656,1.0933,1.39,1.13,1.26,11.6757,4.2,4.3568,4.1762,101.6452,102.4785,4.4122,2017-10-31
USA,462.019,,2.65,2.83,-1.8535,-1.7927,2.4728,103.4258,104.3385,2.1314,147377.0,153.3346,153.7727,1.07,18296.685,19477.3365,19894.75,18076.6515,18310.3,1.273,99.1585,100.3741,1.3617,,1.2879,1.3758,1.4342,2.3471,3603.3,13819.9,13811.2667,13590.0505,2.42,1.78,1.9,2.14,2.31,326.5236,201.3,4.25,,430.967,1.2505,1.57,1.25,1.41,11.6757,4.2,4.3568,4.1762,101.6452,103.1955,4.4122,2017-11-30
USA,496.344,,2.58,2.74,-1.8535,-1.7927,2.4781,103.4258,104.5583,2.1314,147521.0,153.3346,153.7727,1.33,18296.685,19477.3365,19894.75,18076.6515,18310.3,1.177,99.1585,100.5346,1.3617,,1.4925,1.5354,1.6098,2.4048,3652.7,13945.0,13811.2667,13597.2,2.4,1.89,1.98,2.2,2.33,326.5236,201.8,4.3929,,434.129,1.3415,1.7,1.37,1.5,11.6757,4.1,4.3568,4.1762,101.6452,103.7021,4.4122,2017-12-31
USA,366.359,,2.83,2.95,-2.1422,-1.9374,2.4886,105.9484,105.003,2.439,147670.0,155.763,154.9453,1.34,18436.262,20533.0575,20155.486,18609.0783,18437.127,1.301,102.3126,100.4921,3.1809,,1.5612,1.6355,1.7322,2.5723,3651.9,13863.1,14276.3,13604.2465,2.72,2.14,2.29,2.52,2.66,328.5003,202.2,4.5,,431.785,1.4324,1.85,1.44,1.63,10.8611,4.0,3.8964,4.0345,106.0655,104.4914,4.3487,2018-01-31
USA,422.315,,3.02,3.13,-2.1422,-1.9374,2.4953,105.9484,105.2857,2.439,148058.0,155.763,154.9453,1.35,18436.262,20533.0575,20155.486,18609.0783,18437.127,1.279,102.3126,100.8509,3.1809,,1.6018,1.7227,1.8747,2.8553,3566.1,13849.1,14276.3,13611.369,2.87,2.25,2.42,2.65,2.8,328.5003,202.8,4.5,,434.631,1.5879,2.01,1.63,1.82,10.8611,4.1,3.8964,4.0345,106.0655,104.9587,4.3487,2018-02-28
USA,537.583,,2.85,2.97,-2.1422,-1.9374,2.4958,105.9484,105.306,2.439,148281.0,155.763,154.9453,1.67,18436.262,20533.0575,20155.486,18609.0783,18437.127,1.324,102.3126,101.4178,3.1809,,1.8029,1.9221,2.1796,2.8343,3688.4,14031.0,14276.3,13618.69,2.74,2.27,2.39,2.56,2.68,328.5003,202.8,4.5795,,433.239,1.7267,2.03,1.7,1.88,10.8611,4.0,3.8964,4.0345,106.0655,105.0075,4.3487,2018-03-31
USA,429.068,,3.01,3.11,-2.1422,-1.8435,2.5023,105.9484,105.5802,2.439,148426.0,155.763,155.5753,1.69,18590.004,20533.0575,20470.197,18609.0783,18565.697,1.286,102.3126,102.5636,3.1809,,1.8961,2.0409,2.3476,2.8659,3698.1,14069.5,14276.3,13626.3955,2.95,2.49,2.62,2.79,2.91,328.5003,202.8,4.75,,435.061,1.7881,2.17,1.84,1.99,10.8611,4.0,3.8964,3.932,106.0655,105.3524,4.3487,2018-04-30
USA,513.695,,2.91,3.0,-2.1422,-1.8435,2.5079,105.9484,105.8186,2.439,148755.0,155.763,155.5753,1.7,18590.004,20533.0575,20470.197,18609.0783,18565.697,1.358,102.3126,101.6111,3.1809,,1.9468,2.0937,2.3363,2.9756,3655.7,13980.4,14276.3,13634.9247,2.83,2.4,2.54,2.68,2.78,328.5003,203.8,4.75,,439.759,1.8995,2.16,1.89,2.03,10.8611,3.8,3.8964,3.932,106.0655,106.2862,4.3487,2018-05-31
USA,483.503,,2.91,2.98,-2.1422,-1.8435,2.5102,105.9484,105.914,2.439,148966.0,155.763,155.5753,1.91,18590.004,20533.0575,20470.197,18609.0783,18565.697,1.199,102.3126,102.3819,3.1809,,2.0684,2.1503,2.3303,2.9109,3656.6,14074.7,14276.3,13644.78,2.85,2.52,2.63,2.73,2.81,328.5003,204.0,4.8929,,437.527,1.9352,2.25,1.89,2.06,10.8611,4.0,3.8964,3.932,106.0655,106.3503,4.3487,2018-06-30
USA,417.24,,3.03,3.08,-2.1422,-2.296,2.5121,105.9484,105.9967,2.439,149022.0,155.763,155.8883,1.91,18679.599,20533.0575,20687.278,18609.0783,18699.748,1.199,102.3126,102.5882,3.1809,,2.079,2.1733,2.3391,2.8851,3680.7,14109.6,14276.3,13656.1844,2.96,2.67,2.77,2.85,2.92,328.5003,204.4,5.0,,440.422,1.9948,2.35,1.99,2.16,10.8611,3.8,3.8964,3.7901,106.0655,106.6147,4.3487,2018-07-31
USA,441.344,,2.95,3.02,-2.1422,-2.296,2.5166,105.9484,106.1861,2.439,149272.0,155.763,155.8883,1.91,18679.599,20533.0575,20687.278,18609.0783,18699.748,1.289,102.3126,103.3035,3.1809,,2.0741,2.1899,2.3233,2.8865,3690.9,14164.9,14276.3,13668.2427,2.86,2.62,2.7,2.74,2.81,328.5003,204.6,5.0,,439.876,2.0726,2.38,2.07,2.22,10.8611,3.8,3.8964,3.7901,106.0655,106.6164,4.3487,2018-08-31
USA,430.323,,3.13,3.19,-2.1422,-2.296,2.5218,105.9484,106.4051,2.439,149361.0,155.763,155.8883,2.18,18679.599,20533.0575,20687.278,18609.0783,18699.748,1.247,102.3126,103.2899,3.1809,,2.1755,2.2438,2.3494,2.9945,3675.7,14199.5,14276.3,13679.78,3.05,2.81,2.88,2.94,3.01,328.5003,205.3,5.025,,439.346,2.1653,2.49,2.15,2.3,10.8611,3.7,3.8964,3.7901,106.0655,106.899,4.3487,2018-09-30
USA,420.421,,3.3,3.39,-2.1422,-2.4812,2.5277,105.9484,106.6541,2.439,149526.0,155.763,156.643,2.2,18721.281,20533.0575,20819.269,18609.0783,18733.741,1.22,102.3126,103.172,3.1809,,2.2857,2.3461,2.4606,3.1534,3722.2,14201.4,14276.3,13689.8924,3.15,2.87,2.93,2.98,3.07,328.5003,206.9,5.25,,444.148,2.2932,2.59,2.29,2.43,10.8611,3.8,3.8964,3.83,106.0655,107.5861,4.3487,2018-10-31
USA,401.287,,3.19,3.3,-2.1422,-2.4812,2.5259,105.9484,106.579,2.439,149622.0,155.763,156.643,2.2,18721.281,20533.0575,20819.269,18609.0783,18733.741,1.177,102.3126,103.0854,3.1809,,2.3193,2.4624,2.6492,3.113,3680.0,14255.1,14276.3,13698.7591,3.01,2.8,2.83,2.84,2.92,328.5003,205.2,5.25,,445.807,2.374,2.6,2.32,2.46,10.8611,3.8,3.8964,3.83,106.0655,106.527,4.3487,2018-11-30
USA,447.139,,2.87,3.02,-2.1422,-2.4812,2.5277,105.9484,106.652,2.439,149805.0,155.763,156.643,2.4,18721.281,20533.0575,20819.269,18609.0783,18733.741,1.089,102.3126,102.9949,3.1809,,2.4582,2.5827,2.7902,2.832,3800.7,14448.8,14276.3,13706.83,2.69,2.48,2.46,2.51,2.59,328.5003,204.4,5.3452,,436.884,2.4121,2.54,2.4,2.5,10.8611,3.9,3.8964,3.83,106.0655,106.0957,4.3487,2018-12-31
USA,353.647,,2.83,2.99,-2.0858,-2.2331,2.5272,107.8691,106.6313,1.8129,150114.0,157.5343,156.7307,2.4,18833.195,21380.976,21013.085,19036.0523,18835.411,1.232,101.6261,102.3994,-0.671,,2.5095,2.6352,2.7756,2.7084,3748.5,14423.8,15237.7333,13714.4544,2.63,2.45,2.43,2.43,2.51,330.3108,202.9,5.5,,439.793,2.4238,2.47,2.36,2.4,11.0526,4.0,3.669,3.8321,104.9581,105.1292,-1.044,2019-01-31
USA,365.541,,2.94,3.09,-2.0858,-2.2331,2.5332,107.8691,106.8861,1.8129,150092.0,157.5343,156.7307,2.4,18833.195,21380.976,21013.085,19036.0523,18835.411,1.129,101.6261,101.9505,-0.671,,2.4945,2.5911,2.6767,2.6722,3705.1,14401.9,15237.7333,13721.579,2.73,2.52,2.5,2.52,2.63,330.3108,203.7,5.5,,440.875,2.4379,2.46,2.4,2.44,11.0526,3.8,3.669,3.8321,104.9581,104.7517,-1.044,2019-02-28
USA,482.955,,2.63,2.81,-2.0858,-2.2331,2.542,107.8691,107.2574,1.8129,150320.0,157.5343,156.7307,2.43,18833.195,21380.976,21013.085,19036.0523,18835.411,1.2,101.6261,102.0341,-0.671,,2.4898,2.561,2.6057,2.568,3757.3,14572.5,15237.7333,13728.05,2.41,2.27,2.21,2.23,2.31,330.3108,205.3,5.5,,446.954,2.4538,2.32,2.35,2.37,11.0526,3.8,3.669,3.8321,104.9581,105.5865,-1.044,2019-03-31
USA,395.58,,2.75,2.93,-2.0858,-2.2037,2.5521,107.8691,107.6832,1.8129,150563.0,157.5343,156.887,2.45,18982.528,21380.976,21272.448,19036.0523,18962.175,1.28,101.6261,101.521,-0.671,,2.4802,2.5438,2.5888,2.5281,3823.8,14623.0,15237.7333,13733.6852,2.51,2.27,2.24,2.28,2.39,330.3108,207.0,5.5,,447.23,2.4329,2.31,2.38,2.39,11.0526,3.6,3.669,3.6366,104.9581,106.3411,-1.044,2019-04-30
USA,454.966,,2.39,2.58,-2.0858,-2.2037,2.5529,107.8691,107.7165,1.8129,150630.0,157.5343,156.887,2.4,18982.528,21380.976,21272.448,19036.0523,18962.175,1.308,101.6261,101.7124,-0.671,,2.4443,2.4946,2.5326,2.3891,3791.3,14575.0,15237.7333,13738.1896,2.14,1.95,1.9,1.93,2.03,330.3108,206.3,5.5,,448.985,2.4032,2.15,2.3,2.29,11.0526,3.7,3.669,3.6366,104.9581,105.492,-1.044,2019-05-31
USA,439.956,,2.31,2.52,-2.0858,-2.2037,2.5516,107.8691,107.6612,1.8129,150797.0,157.5343,156.887,2.4,18982.528,21380.976,21272.448,19036.0523,18962.175,1.235,101.6261,101.7294,-0.671,,2.4034,2.3985,2.3975,2.0713,3831.3,14734.8,15237.7333,13741.24,2.0,1.75,1.71,1.76,1.87,330.3108,205.2,5.5,,448.992,2.2195,1.87,2.08,2.04,11.0526,3.6,3.669,3.6366,104.9581,104.3599,-1.044,2019-06-30
USA,382.86,,2.31,2.53,-2.0858,-2.037,2.5569,107.8691,107.8832,1.8129,150879.0,157.5343,157.8697,2.4,19112.653,21380.976,21531.839,19036.0523,19130.932,1.232,101.6261,101.3411,-0.671,,2.3061,2.3043,2.2937,2.0487,3863.5,14814.4,15237.7333,13742.6927,2.02,1.89,1.84,1.84,1.92,330.3108,205.8,5.5,,453.667,2.145,1.94,2.04,2.04,11.0526,3.7,3.669,3.6152,104.9581,104.8143,-1.044,2019-07-31
USA,434.234,,1.78,1.96,-2.0858,-2.037,2.5606,107.8691,108.041,1.8129,151111.0,157.5343,157.8697,2.13,19112.653,21380.976,21531.839,19036.0523,19130.932,1.37,101.6261,102.0426,-0.671,,2.1729,2.1856,2.1639,1.6206,3850.7,14896.1,15237.7333,13743.1216,1.5,1.5,1.42,1.39,1.45,330.3108,205.3,5.25,,455.967,1.9905,1.72,1.95,1.84,11.0526,3.7,3.669,3.6152,104.9581,104.531,-1.044,2019-08-31
USA,339.453,,1.94,2.12,-2.0858,-2.037,2.5651,107.8691,108.2317,1.8129,151318.0,157.5343,157.8697,1.9,19112.653,21380.976,21531.839,19036.0523,19130.932,1.297,101.6261,101.7158,-0.671,,2.0432,2.116,2.1252,1.6862,3878.0,14986.8,15237.7333,13743.28,1.68,1.63,1.56,1.55,1.62,330.3108,205.3,5.1548,,452.048,1.9345,1.71,1.84,1.78,11.0526,3.5,3.669,3.6152,104.9581,104.2494,-1.044,2019-09-30
USA,343.755,,2.0,2.17,-2.0858,-1.876,2.5724,107.8691,108.541,1.8129,151447.0,157.5343,158.65,1.58,19202.31,21380.976,21706.532,19036.0523,19215.691,1.328,101.6261,100.921,-0.671,,1.8782,1.9431,1.9774,1.702,3924.9,15112.2,15237.7333,13743.9811,1.69,1.52,1.52,1.51,1.6,330.3108,206.6,4.9891,,453.451,1.6786,1.49,1.51,1.53,11.0526,3.6,3.669,3.5932,104.9581,104.4376,-1.044,2019-10-31
USA,352.631,,2.07,2.21,-2.0858,-1.876,2.578,107.8691,108.7768,1.8129,151662.0,157.5343,158.65,1.56,19202.31,21380.976,21706.532,19036.0523,19215.691,1.343,101.6261,101.2387,-0.671,,1.7354,1.8413,1.9048,1.8132,3926.1,15259.4,15237.7333,13746.2771,1.78,1.61,1.61,1.62,1.73,330.3108,207.3,4.75,,455.933,1.5721,1.56,1.56,1.59,11.0526,3.6,3.669,3.5932,104.9581,104.7841,-1.044,2019-11-30
USA,374.132,,2.25,2.39,-2.0858,-1.876,2.5862,107.8691,109.1199,1.8129,151764.0,157.5343,158.65,1.55,19202.31,21380.976,21706.532,19036.0523,19215.691,1.538,101.6261,100.9068,-0.671,,1.7543,1.8355,1.9124,1.8612,4043.3,15412.5,15237.7333,13751.28,1.92,1.58,1.62,1.69,1.83,330.3108,208.5,4.75,,458.923,1.5652,1.55,1.52,1.56,11.0526,3.6,3.669,3.5932,104.9581,105.0207,-1.044,2019-12-31
USA,293.24,,1.83,1.99,-2.9425,-1.995,2.5904,109.2188,109.2975,1.2513,152098.0,147.8128,157.581,1.59,18951.992,21060.4743,21538.032,18509.1428,18989.877,1.569,94.4849,100.4505,-7.0269,,1.6748,1.7885,1.8236,1.7605,3983.5,15397.1,18943.4333,13759.8613,1.51,1.33,1.3,1.32,1.42,331.556,208.3,4.75,,456.113,1.5524,1.41,1.52,1.5,14.9848,3.5,8.0553,3.8047,102.091,105.3209,-2.7317,2020-01-31
USA,346.488,,1.46,1.65,-2.9425,-1.995,2.5925,109.2188,109.3865,1.2513,152371.0,147.8128,157.581,1.58,18951.992,21060.4743,21538.032,18509.1428,18989.877,1.571,94.4849,100.8479,-7.0269,,1.6367,1.6685,1.6789,1.5062,3941.4,15382.3,18943.4333,13771.9314,1.13,0.86,0.85,0.89,1.03,331.556,206.5,4.75,,457.898,1.5447,0.95,1.25,1.09,14.9848,3.5,8.0553,3.8047,102.091,103.383,-2.7317,2020-02-29
USA,264.709,,1.15,1.35,-2.9425,-1.995,2.5812,109.2188,108.9123,1.2513,150944.0,147.8128,157.581,0.08,18951.992,21060.4743,21538.032,18509.1428,18989.877,1.27,94.4849,97.0509,-7.0269,,0.9172,1.0197,1.1024,0.8794,4285.7,16051.5,18943.4333,13787.16,0.7,0.23,0.29,0.37,0.55,331.556,201.9,3.75,,432.392,0.2955,0.17,0.11,0.15,14.9848,4.4,8.0553,3.8047,102.091,101.3442,-2.7317,2020-03-31
USA,166.418,,1.05,1.28,-2.9425,-3.102,2.5609,109.2188,108.0549,1.2513,130430.0,147.8128,137.554,0.05,17258.205,21060.4743,19636.731,18509.1428,17378.712,0.938,94.4849,84.244,-7.0269,,0.6957,0.9655,1.1034,0.6513,4847.1,17097.7,18943.4333,13805.1132,0.64,0.2,0.24,0.36,0.53,331.556,196.2,3.25,,375.918,0.1381,0.16,0.09,0.11,14.9848,14.7,8.0553,12.991,102.091,97.5874,-2.7317,2020-04-30
USA,258.529,,1.18,1.41,-2.9425,-3.102,2.5587,109.2188,107.9604,1.2513,133055.0,147.8128,137.554,0.05,17258.205,21060.4743,19636.731,18509.1428,17378.712,1.055,94.4849,85.608,-7.0269,,0.1939,0.3321,0.404,0.6594,16166.3,17762.5,18943.4333,,0.65,0.16,0.19,0.3,0.5,331.556,200.1,3.25,,442.045,0.1275,0.17,0.14,0.18,14.9848,13.2,8.0553,12.991,102.091,98.5773,-2.7317,2020-05-31
USA,251.179,,1.18,1.41,-2.9425,-3.102,2.5699,109.2188,108.4321,1.2513,137620.0,147.8128,137.554,0.08,17258.205,21060.4743,19636.731,18509.1428,17378.712,1.269,94.4849,90.9802,-7.0269,,0.183,0.2586,0.3103,0.7233,16539.9,18099.1,18943.4333,,0.66,0.16,0.18,0.29,0.49,331.556,200.8,3.25,,472.249,0.1595,0.16,0.16,0.18,14.9848,11.0,8.0553,12.991,102.091,99.6075,-2.7317,2020-06-30
USA,292.561,,0.98,1.2,-2.9425,-3.2074,2.5828,109.2188,108.9773,1.2513,139064.0,147.8128,146.2017,0.1,18560.774,21060.4743,21362.428,18509.1428,18743.72,1.51,94.4849,94.4424,-7.0269,,0.1722,0.2238,0.2678,0.6157,16741.8,18248.1,18943.4333,,0.55,0.11,0.11,0.21,0.39,331.556,201.9,3.25,,481.169,0.1268,0.11,0.09,0.1,14.9848,10.2,8.0553,8.823,102.091,100.8331,-2.7317,2020-07-31
USA,299.775,,1.26,1.49,-2.9425,-3.2074,2.5941,109.2188,109.4553,1.2513,140799.0,147.8128,146.2017,0.09,18560.774,21060.4743,21362.428,18509.1428,18743.72,1.376,94.4849,95.3084,-7.0269,,0.1619,0.2075,0.2525,0.6444,16865.1,18315.1,18943.4333,,0.72,0.14,0.15,0.28,0.5,331.556,202.3,3.25,,482.391,0.1043,0.12,0.11,0.13,14.9848,8.4,8.0553,8.823,102.091,102.0282,-2.7317,2020-08-31
USA,304.829,,1.23,1.46,-2.9425,-3.2074,2.6003,109.2188,109.7161,1.2513,141760.0,147.8128,146.2017,0.09,18560.774,21060.4743,21362.428,18509.1428,18743.72,1.461,94.4849,95.2626,-7.0269,,0.1518,0.1919,0.2369,0.6752,17132.5,18538.7,18943.4333,,0.69,0.13,0.16,0.28,0.47,331.556,203.1,3.25,,492.7,0.1086,0.12,0.1,0.11,14.9848,7.9,8.0553,8.823,102.091,102.8174,-2.7317,2020-09-30
USA,313.554,,1.43,1.65,-2.9425,-3.4776,2.6029,109.2188,109.8245,1.2513,142479.0,147.8128,149.9143,0.09,18767.778,21060.4743,21704.706,18509.1428,18924.262,1.53,94.4849,96.0102,-7.0269,,0.1461,0.1789,0.2213,0.7738,17317.2,18684.8,18943.4333,,0.88,0.14,0.19,0.38,0.64,331.556,204.1,3.25,,490.826,0.1005,0.13,0.09,0.11,14.9848,6.9,8.0553,6.7674,102.091,103.3527,-2.7317,2020-10-31
USA,277.628,,1.37,1.58,-2.9425,-3.4776,2.6081,109.2188,110.0469,1.2513,142743.0,147.8128,149.9143,0.09,18767.778,21060.4743,21704.706,18509.1428,18924.262,1.541,94.4849,96.301,-7.0269,,0.1422,0.1755,0.22,0.8687,17637.2,18975.4,18943.4333,,0.84,0.16,0.19,0.36,0.62,331.556,204.6,3.25,,486.833,0.0911,0.11,0.08,0.09,14.9848,6.7,8.0553,6.7674,102.091,104.4221,-2.7317,2020-11-30
USA,332.928,,1.45,1.65,-2.9425,-3.4776,2.6204,109.2188,110.5625,1.2513,142475.0,147.8128,149.9143,0.09,18767.778,21060.4743,21704.706,18509.1428,18924.262,1.651,94.4849,97.3121,-7.0269,,0.1489,0.1859,0.2336,0.9265,17943.7,19242.2,18943.4333,,0.93,0.13,0.17,0.36,0.65,331.556,206.7,3.25,,488.876,0.0873,0.1,0.09,0.09,14.9848,6.7,8.0553,6.7674,102.091,105.8184,-2.7317,2020-12-31
USA,249.97,,1.68,1.87,-3.6301,-3.3834,2.6265,114.3331,110.822,4.6826,142969.0,152.5863,150.2757,0.07,19055.655,23315.0813,22313.85,19609.8118,19216.224,1.602,99.1572,98.4291,4.945,,0.1286,0.1712,0.2237,1.0591,18080.2,19366.9,21327.7,,1.11,0.11,0.19,0.45,0.79,332.185,209.3,3.25,,513.269,0.0837,0.1,0.06,0.07,14.3924,6.3,5.3506,6.2096,119.4002,108.3406,16.9546,2021-01-31
USA,258.785,,2.08,2.17,-3.6301,-3.3834,2.6364,114.3331,111.2388,4.6826,143544.0,152.5863,150.2757,0.07,19055.655,23315.0813,22313.85,19609.8118,19216.224,1.43,99.1572,95.4133,4.945,,0.1141,0.1525,0.1904,1.2337,18258.3,19518.8,21327.7,,1.44,0.14,0.3,0.75,1.15,332.185,211.8,3.25,,503.65,0.0426,0.08,0.04,0.05,14.3924,6.2,5.3506,6.2096,119.4002,110.6707,16.9546,2021-02-28
USA,362.479,,2.31,2.41,-3.6301,-3.3834,2.6491,114.3331,111.7772,4.6826,144328.0,152.5863,150.2757,0.06,19055.655,23315.0813,22313.85,19609.8118,19216.224,1.711,99.1572,98.0301,4.945,,0.1079,0.1406,0.1896,1.6009,18715.6,19940.5,21327.7,,1.74,0.16,0.35,0.92,1.4,332.185,213.6,3.25,,558.369,0.0313,0.07,0.03,0.05,14.3924,6.1,5.3506,6.2096,119.4002,112.6819,16.9546,2021-03-31
USA,350.295,,2.19,2.3,-3.6301,-3.5823,2.6667,114.3331,112.5182,4.6826,144614.0,152.5863,151.4457,0.05,19368.31,23315.0813,23046.934,19609.8118,19544.248,1.505,99.1572,98.1913,4.945,,0.1113,0.1452,0.1861,1.6211,19079.3,20263.6,21327.7,,1.65,0.16,0.35,0.86,1.32,332.185,214.9,3.25,,555.865,0.0209,0.05,0.01,0.03,14.3924,6.1,5.3506,5.9032,119.4002,114.6169,16.9546,2021-04-30
USA,379.673,,2.18,2.26,-3.6301,-3.5823,2.6844,114.3331,113.2667,4.6826,145096.0,152.5863,151.4457,0.05,19368.31,23315.0813,23046.934,19609.8118,19544.248,1.605,99.1572,98.9388,4.945,,0.0962,0.1264,0.1524,1.6093,19161.8,20311.4,21327.7,,1.58,0.14,0.3,0.79,1.24,332.185,216.5,3.25,,550.441,0.018,0.05,0.01,0.03,14.3924,5.8,5.3506,5.9032,119.4002,117.4754,16.9546,2021-05-31
USA,314.867,,2.0,2.06,-3.6301,-3.5823,2.7056,114.3331,114.1591,4.6826,145789.0,152.5863,151.4457,0.08,19368.31,23315.0813,23046.934,19609.8118,19544.248,1.664,99.1572,99.3491,4.945,,0.0869,0.1142,0.1328,1.5107,19301.5,20431.6,21327.7,,1.45,0.25,0.46,0.87,1.21,332.185,219.3,3.25,,553.044,0.0359,0.07,0.05,0.06,14.3924,5.9,5.3506,5.9032,119.4002,119.1842,16.9546,2021-06-30
USA,304.747,,1.81,1.89,-3.6301,-3.8449,2.7176,114.3331,114.6675,4.6826,146558.0,152.5863,153.2867,0.07,19478.893,23315.0813,23550.42,19609.8118,19672.594,1.573,99.1572,100.0235,4.945,,0.0936,0.1146,0.1308,1.3167,19444.0,20556.2,21327.7,,1.24,0.19,0.35,0.69,1.0,332.185,221.011,3.25,,541.721,0.0524,0.07,0.06,0.05,14.3924,5.4,5.3506,5.0984,119.4002,121.1236,16.9546,2021-07-31
USA,254.242,,1.85,1.92,-3.6301,-3.8449,2.7287,114.3331,115.1342,4.6826,147221.0,152.5863,153.2867,0.06,19478.893,23315.0813,23550.42,19609.8118,19672.594,1.576,99.1572,99.9884,4.945,,0.0899,0.1044,0.1247,1.2753,19655.0,20749.0,21327.7,,1.3,0.2,0.4,0.77,1.08,332.185,223.599,3.25,,547.399,0.0545,0.07,0.04,0.06,14.3924,5.2,5.3506,5.0984,119.4002,122.6209,16.9546,2021-08-31
USA,222.801,,2.02,2.08,-3.6301,-3.8449,2.7403,114.3331,115.6228,4.6826,147778.0,152.5863,153.2867,0.06,19478.893,23315.0813,23550.42,19609.8118,19672.594,1.559,99.1572,99.0095,4.945,,0.0838,0.1018,0.1227,1.3673,19838.7,20922.0,21327.7,,1.52,0.28,0.53,0.98,1.32,332.185,227.283,3.25,,553.275,0.0419,0.08,0.04,0.05,14.3924,4.8,5.3506,5.0984,119.4002,123.9933,16.9546,2021-09-30
USA,208.849,,1.98,1.93,-3.6301,-3.6935,2.7652,114.3331,116.6751,4.6826,148559.0,152.5863,155.337,0.07,19806.29,23315.0813,24349.121,19609.8118,20006.181,1.563,99.1572,100.5072,4.945,,0.0855,0.104,0.1272,1.5756,20011.4,21088.3,21327.7,,1.55,0.48,0.75,1.18,1.44,332.185,230.043,3.25,,562.075,0.052,0.13,0.05,0.07,14.3924,4.5,5.3506,4.2046,119.4002,126.53,16.9546,2021-10-31
USA,204.787,,1.85,1.78,-3.6301,-3.6935,2.7871,114.3331,117.5987,4.6826,149173.0,152.5863,155.337,0.07,19806.29,23315.0813,24349.121,19609.8118,20006.181,1.706,99.1572,101.103,4.945,,0.09,0.1246,0.1589,1.5647,20256.7,21323.7,21327.7,,1.43,0.52,0.81,1.14,1.36,332.185,232.426,3.25,,567.165,0.0515,0.24,0.05,0.1,14.3924,4.2,5.3506,4.2046,119.4002,128.1776,16.9546,2021-11-30
USA,238.555,,1.94,1.9,-3.6301,-3.6935,2.8089,114.3331,118.5168,4.6826,149742.0,152.5863,155.337,0.07,19806.29,23315.0813,24349.121,19609.8118,20006.181,1.768,99.1572,100.9024,4.945,,0.1037,0.1495,0.2064,1.4603,20578.9,21647.9,21327.7,,1.52,0.73,0.97,1.26,1.44,332.185,233.497,3.25,,560.841,0.0586,0.38,0.06,0.19,14.3924,3.9,5.3506,4.2046,119.4002,127.387,16.9546,2021-12-31
USA,201.753,,2.17,2.11,-3.7365,-4.568,2.826,123.4643,119.2392,7.9865,150106.0,158.2965,157.68,0.08,19731.119,25461.3388,24740.48,20018.0283,19924.088,1.666,102.9535,101.2864,3.8286,,0.1062,0.1525,0.2538,1.765,20541.1,21628.4,21956.4377,,1.79,1.18,1.39,1.62,1.75,333.4809,236.835,3.25,,574.465,0.1455,0.76,0.24,0.49,14.1289,4.0,3.6485,3.8138,138.8874,130.422,16.321,2022-01-31
USA,217.079,,2.25,2.17,-3.7365,-4.568,2.8461,123.4643,120.0877,7.9865,151010.0,158.2965,157.68,0.08,19731.119,25461.3388,24740.48,20018.0283,19924.088,1.777,102.9535,102.0328,3.8286,,0.1528,,0.4318,1.9359,20520.4,21582.3,21956.4377,,1.83,1.44,1.62,1.71,1.81,333.4809,241.565,3.25,,581.7,0.3147,0.98,0.37,0.68,14.1289,3.8,3.6485,3.8138,138.8874,132.7393,16.321,2022-02-28
USA,264.362,,2.59,2.44,-3.7365,-4.568,2.8747,123.4643,121.2953,7.9865,151424.0,158.2965,157.68,0.33,19731.119,25461.3388,24740.48,20018.0283,19924.088,1.716,102.9535,102.7001,3.8286,,0.3972,,0.8397,2.1267,20802.1,21855.9,21956.4377,,2.32,2.28,2.45,2.42,2.4,333.4809,245.766,3.3696,,587.57,0.4474,1.57,0.51,1.02,14.1289,3.6,3.6485,3.8138,138.8874,136.1912,16.321,2022-03-31
USA,261.061,,3.14,2.96,-3.7365,-3.782,2.8861,123.4643,121.7759,7.9865,151678.0,158.2965,158.1127,0.33,,25461.3388,25248.476,20018.0283,19895.271,1.805,102.9535,103.3934,3.8286,,0.6017,,1.1055,2.7493,20821.2,21849.0,21956.4377,,2.89,2.7,2.87,2.92,2.94,333.4809,248.125,3.5,,590.238,0.7635,2.02,0.83,1.37,14.1289,3.6,3.6485,3.6349,138.8874,139.538,16.321,2022-04-30
USA,238.654,,3.28,3.07,-3.7365,-3.782,2.9127,123.4643,122.897,7.9865,152042.0,158.2965,158.1127,0.83,,25461.3388,25248.476,20018.0283,19895.271,1.562,102.9535,103.288,3.8286,,0.9338,,1.4689,2.8945,20543.2,21552.3,21956.4377,,2.85,2.53,2.71,2.81,2.87,333.4809,251.965,3.9318,,591.793,0.9929,2.0,1.13,1.6,14.1289,3.6,3.6485,3.6349,138.8874,142.7015,16.321,2022-05-31
USA,247.88,,3.38,3.14,-3.7365,-3.782,2.9473,123.4643,124.3569,7.9865,152412.0,158.2965,158.1127,1.58,19699.465,25461.3388,25248.476,20018.0283,19895.271,1.575,102.9535,103.0716,3.8286,,1.4539,,1.9703,3.1406,20541.4,21578.6,21956.4377,,2.98,2.92,2.99,3.01,3.04,333.4809,258.377,4.375,,598.145,1.5386,2.7,1.66,2.44,14.1289,3.6,3.6485,3.6349,138.8874,145.8983,16.321,2022-06-30
USA,231.178,,3.2,3.0,-3.7365,-3.376,2.9463,123.4643,124.3147,7.9865,152980.0,158.2965,158.6053,2.32,,25461.3388,25723.941,20018.0283,20054.663,1.377,102.9535,103.6031,3.8286,,2.0915,,2.6105,2.8955,20482.8,21577.8,21956.4377,,2.67,2.89,2.83,2.7,2.7,333.4809,254.234,4.8214,,595.894,2.298,2.88,2.34,2.81,14.1289,3.5,3.6485,3.5488,138.8874,142.2322,16.321,2022-07-31
USA,237.697,,3.53,3.27,-3.7365,-3.376,2.9532,123.4643,124.6067,7.9865,153332.0,158.2965,158.6053,2.33,,25461.3388,25723.941,20018.0283,20054.663,1.508,102.9535,103.4914,3.8286,,2.4196,,2.9533,2.8981,20394.1,21551.5,21956.4377,,3.15,3.45,3.46,3.3,3.25,333.4809,252.157,5.5,,598.38,2.7217,3.37,2.87,3.25,14.1289,3.7,3.6485,3.5488,138.8874,141.6089,16.321,2022-08-31
USA,232.583,,4.08,3.79,-3.7365,-3.376,2.9654,123.4643,125.121,7.9865,153682.0,158.2965,158.6053,3.08,,25461.3388,25723.941,20018.0283,20054.663,1.465,102.9535,103.694,3.8286,,2.923,,3.4511,3.5022,20246.5,21473.4,21956.4377,,3.83,4.22,4.25,4.06,3.97,333.4809,253.708,5.7386,,596.342,3.2219,3.87,3.22,3.82,14.1289,3.5,3.6485,3.5488,138.8874,140.9657,16.321,2022-09-30
USA,243.542,,4.44,4.22,-3.7365,-3.2601,2.9799,123.4643,125.732,7.9865,154006.0,158.2965,158.788,3.08,,25461.3388,26132.458,20018.0283,20198.091,1.426,102.9535,103.7125,3.8286,,3.4661,,4.1407,3.9696,20059.0,21380.1,21956.4377,,4.1,4.51,4.45,4.27,4.18,333.4809,255.806,6.25,,602.583,3.8725,4.46,4.06,4.45,14.1289,3.7,3.6485,3.5972,138.8874,139.4929,16.321,2022-10-31
USA,239.873,,4.0,3.8,-3.7365,-3.2601,2.986,123.4643,125.9898,7.9865,154296.0,158.2965,158.788,3.83,,25461.3388,26132.458,20018.0283,20198.091,1.419,102.9535,103.1095,3.8286,,3.9443,,4.6493,3.8779,19969.2,21378.7,21956.4377,,3.68,4.38,4.13,3.82,3.76,333.4809,257.038,6.9318,,595.328,4.323,4.52,4.27,4.54,14.1289,3.6,3.6485,3.5972,138.8874,138.7347,16.321,2022-11-30
USA,242.913,,4.14,3.97,-3.7365,-3.2601,2.9899,123.4643,126.1552,7.9865,154535.0,158.2965,158.788,4.33,,25461.3388,26132.458,20018.0283,20198.091,1.348,102.9535,102.0594,3.8286,,4.3181,,4.7392,3.6234,19889.6,21400.0,21956.4377,,3.88,4.41,4.22,3.99,3.96,333.4809,254.111,7.2727,,589.03,4.3581,4.51,4.3,4.6,14.1289,3.5,3.6485,3.5972,138.8874,136.1246,16.321,2022-12-31
USA,214.071,,3.78,3.65,-3.1005,-3.2454,3.0054,128.8542,126.8075,4.3656,155007.0,159.7072,160.2512,4.33,,26479.785,26172.52,20164.475,20132.35,1.321,102.4427,102.0861,-0.4962,,4.472,,4.8057,3.5455,19601.6,21251.5,22774.47,,3.52,4.21,3.9,3.63,3.59,335.056,257.641,7.5,,605.893,4.6875,4.47,4.58,4.67,15.1021,3.4,3.9482,3.4268,129.4375,137.5649,-6.804,2023-01-31
USA,230.713,,4.1,3.93,-3.1005,-3.2454,3.0165,128.8542,127.1083,4.3656,155333.0,159.7072,160.2512,4.57,,26479.785,26172.52,20164.475,20132.35,1.45,102.4427,102.0063,-0.4962,,4.5981,,4.8879,3.7501,19340.9,21098.8,22774.47,,3.92,4.81,4.51,4.18,4.07,335.056,256.96,7.7375,,605.136,4.7879,4.78,4.72,4.93,15.1021,3.6,3.9482,3.4268,129.4375,131.7075,-6.804,2023-02-28
USA,287.444,,3.81,3.67,-3.1005,-3.2454,3.0181,128.8542,127.4091,4.3656,155569.0,159.7072,160.2512,4.83,,26479.785,26172.52,20164.475,20132.35,,102.4427,101.9265,-0.4962,,4.7739,,5.0518,3.6618,,,22774.47,,3.48,4.06,3.81,3.6,3.55,335.056,,7.8261,,,4.8587,4.43,4.68,4.72,15.1021,3.5,3.9482,3.4268,129.4375,125.8502,-6.804,2023-03-31
USA,,,,,-3.1005,-3.1085,,128.8542,127.7949,4.3656,,159.7072,160.0384,,,26479.785,26341.51,20164.475,20121.79,,102.4427,102.6964,-0.4962,,,,,3.3784,,,22774.47,,,,,,,335.056,,,,,4.955,,,,15.1021,,3.9482,3.7159,129.4375,130.0245,-6.804,2023-04-30
USA,,,,,-3.1005,-3.1085,,128.8542,128.1949,4.3656,,159.7072,160.0384,,,26479.785,26341.51,20164.475,20121.79,,102.4427,102.8324,-0.4962,,,,,,,,22774.47,,,,,,,335.056,,,,,,,,,15.1021,,3.9482,3.7159,129.4375,129.456,-6.804,2023-05-31
USA,,,,,-3.1005,-3.1085,,128.8542,128.6288,4.3656,,159.7072,160.0384,,,26479.785,26341.51,20164.475,20121.79,,102.4427,102.843,-0.4962,,,,,,,,22774.47,,,,,,,335.056,,,,,,,,,15.1021,,3.9482,3.7159,129.4375,129.0513,-6.804,2023-06-30
USA,,,,,-3.1005,-3.0083,,128.8542,129.2194,4.3656,,159.7072,159.3965,,,26479.785,26559.85,20164.475,20156.19,,102.4427,102.4979,-0.4962,,,,,,,,22774.47,,,,,,,335.056,,,,,,,,,15.1021,,3.9482,4.2014,129.4375,129.0763,-6.804,2023-07-31
USA,,,,,-3.1005,-3.0083,,128.8542,129.6293,4.3656,,159.7072,159.3965,,,26479.785,26559.85,20164.475,20156.19,,102.4427,102.4304,-0.4962,,,,,,,,22774.47,,,,,,,335.056,,,,,,,,,15.1021,,3.9482,4.2014,129.4375,128.7997,-6.804,2023-08-31
USA,,,,,-3.1005,-3.0083,,128.8542,129.9813,4.3656,,159.7072,159.3965,,,26479.785,26559.85,20164.475,20156.19,,102.4427,102.4102,-0.4962,,,,,,,,22774.47,,,,,,,335.056,,,,,,,,,15.1021,,3.9482,4.2014,129.4375,128.4875,-6.804,2023-09-30
USA,,,,,-3.1005,-3.0427,,128.8542,130.2301,4.3656,,159.7072,159.1428,,,26479.785,26845.26,20164.475,20247.57,,102.4427,102.4672,-0.4962,,,,,,,,22774.47,,,,,,,335.056,,,,,,,,,15.1021,,3.9482,4.4468,129.4375,128.0415,-6.804,2023-10-31
USA,,,,,-3.1005,-3.0427,,128.8542,130.5002,4.3656,,159.7072,159.1428,,,26479.785,26845.26,20164.475,20247.57,,102.4427,102.5194,-0.4962,,,,,,,,22774.47,,,,,,,335.056,,,,,,,,,15.1021,,3.9482,4.4468,129.4375,127.7314,-6.804,2023-11-30
USA,,,,,-3.1005,-3.0427,,128.8542,130.7462,4.3656,,159.7072,159.1428,,,26479.785,26845.26,20164.475,20247.57,,102.4427,102.5967,-0.4962,,,,,,,,22774.47,,,,,,,335.056,,,,,,,,,15.1021,,3.9482,4.4468,129.4375,127.4592,-6.804,2023-12-31
USA,,,,,-3.0235,-3.0317,,132.3016,130.931,2.6755,,159.2815,159.1223,,,27547.115,27126.33,20492.5675,20342.74,,103.1603,102.7447,0.7005,,,,,,,,23889.6833,,,,,,,336.7476,,,,,,,,,14.7005,,4.5761,4.5475,127.081,127.2236,-1.8206,2024-01-31
USA,,,,,-3.0235,-3.0317,,132.3016,131.157,2.6755,,159.2815,159.1223,,,27547.115,27126.33,20492.5675,20342.74,,103.1603,102.8378,0.7005,,,,,,,,23889.6833,,,,,,,336.7476,,,,,,,,,14.7005,,4.5761,4.5475,127.081,127.028,-1.8206,2024-02-29
USA,,,,,-3.0235,-3.0317,,132.3016,131.3869,2.6755,,159.2815,159.1223,,,27547.115,27126.33,20492.5675,20342.74,,103.1603,102.9217,0.7005,,,,,,,,23889.6833,,,,,,,336.7476,,,,,,,,,14.7005,,4.5761,4.5475,127.081,126.8711,-1.8206,2024-03-31
USA,,,,,-3.0235,-3.0043,,132.3016,131.6091,2.6755,,159.2815,159.213,,,27547.115,27402.57,20492.5675,20443.31,,103.1603,102.9867,0.7005,,,,,,,,23889.6833,,,,,,,336.7476,,,,,,,,,14.7005,,4.5761,4.5786,127.081,126.6976,-1.8206,2024-04-30
USA,,,,,-3.0235,-3.0043,,132.3016,131.8556,2.6755,,159.2815,159.213,,,27547.115,27402.57,20492.5675,20443.31,,103.1603,103.0593,0.7005,,,,,,,,23889.6833,,,,,,,336.7476,,,,,,,,,14.7005,,4.5761,4.5786,127.081,126.6596,-1.8206,2024-05-31
USA,,,,,-3.0235,-3.0043,,132.3016,132.1148,2.6755,,159.2815,159.213,,,27547.115,27402.57,20492.5675,20443.31,,103.1603,103.13,0.7005,,,,,,,,23889.6833,,,,,,,336.7476,,,,,,,,,14.7005,,4.5761,4.5786,127.081,126.7017,-1.8206,2024-06-30
USA,,,,,-3.0235,-3.0224,,132.3016,132.4005,2.6755,,159.2815,159.3203,,,27547.115,27682.0,20492.5675,20538.31,,103.1603,103.1942,0.7005,,,,,,,,23889.6833,,,,,,,336.7476,,,,,,,,,14.7005,,4.5761,4.5941,127.081,126.9128,-1.8206,2024-07-31
USA,,,,,-3.0235,-3.0224,,132.3016,132.6748,2.6755,,159.2815,159.3203,,,27547.115,27682.0,20492.5675,20538.31,,103.1603,103.2643,0.7005,,,,,,,,23889.6833,,,,,,,336.7476,,,,,,,,,14.7005,,4.5761,4.5941,127.081,127.0488,-1.8206,2024-08-31
USA,,,,,-3.0235,-3.0224,,132.3016,132.9515,2.6755,,159.2815,159.3203,,,27547.115,27682.0,20492.5675,20538.31,,103.1603,103.3357,0.7005,,,,,,,,23889.6833,,,,,,,336.7476,,,,,,,,,14.7005,,4.5761,4.5941,127.081,127.1985,-1.8206,2024-09-30
USA,,,,,-3.0235,-3.0353,,132.3016,133.2627,2.6755,,159.2815,159.4705,,,27547.115,27977.56,20492.5675,20645.91,,103.1603,103.4049,0.7005,,,,,,,,23889.6833,,,,,,,336.7476,,,,,,,,,14.7005,,4.5761,4.5839,127.081,127.4417,-1.8206,2024-10-31
USA,,,,,-3.0235,-3.0353,,132.3016,133.52,2.6755,,159.2815,159.4705,,,27547.115,27977.56,20492.5675,20645.91,,103.1603,103.4816,0.7005,,,,,,,,23889.6833,,,,,,,336.7476,,,,,,,,,14.7005,,4.5761,4.5839,127.081,127.5589,-1.8206,2024-11-30
USA,,,,,-3.0235,-3.0353,,132.3016,133.7556,2.6755,,159.2815,159.4705,,,27547.115,27977.56,20492.5675,20645.91,,103.1603,103.5623,0.7005,,,,,,,,23889.6833,,,,,,,336.7476,,,,,,,,,14.7005,,4.5761,4.5839,127.081,127.6299,-1.8206,2024-12-31
USA,,,,,-2.8968,-3.0041,,135.1984,133.9383,2.1896,,159.8689,159.6075,,,28697.92,28263.43,20893.74,20743.28,,104.0782,103.6625,0.8898,,,,,,,,25009.8821,,,,,,,338.4919,,,,,,,,,14.2978,,4.5439,4.5817,128.2415,127.5587,0.9132,2025-01-31
USA,,,,,-2.8968,-3.0041,,135.1984,134.1539,2.1896,,159.8689,159.6075,,,28697.92,28263.43,20893.74,20743.28,,104.0782,103.7394,0.8898,,,,,,,,25009.8821,,,,,,,338.4919,,,,,,,,,14.2978,,4.5439,4.5817,128.2415,127.6094,0.9132,2025-02-28
USA,,,,,-2.8968,-3.0041,,135.1984,134.3712,2.1896,,159.8689,159.6075,,,28697.92,28263.43,20893.74,20743.28,,104.0782,103.8086,0.8898,,,,,,,,25009.8821,,,,,,,338.4919,,,,,,,,,14.2978,,4.5439,4.5817,128.2415,127.6859,0.9132,2025-03-31
USA,,,,,-2.8968,-2.9424,,135.1984,134.5811,2.1896,,159.8689,159.7735,,,28697.92,28548.9,20893.74,20845.88,,104.0782,103.8494,0.8898,,,,,,,,25009.8821,,,,,,,338.4919,,,,,,,,,14.2978,,4.5439,4.5622,128.2415,127.8086,0.9132,2025-04-30
USA,,,,,-2.8968,-2.9424,,135.1984,134.8087,2.1896,,159.8689,159.7735,,,28697.92,28548.9,20893.74,20845.88,,104.0782,103.9186,0.8898,,,,,,,,25009.8821,,,,,,,338.4919,,,,,,,,,14.2978,,4.5439,4.5622,128.2415,127.9217,0.9132,2025-05-31
USA,,,,,-2.8968,-2.9424,,135.1984,135.0447,2.1896,,159.8689,159.7735,,,28697.92,28548.9,20893.74,20845.88,,104.0782,103.9957,0.8898,,,,,,,,25009.8821,,,,,,,338.4919,,,,,,,,,14.2978,,4.5439,4.5622,128.2415,128.0457,0.9132,2025-06-30
USA,,,,,-2.8968,-2.8643,,135.1984,135.2999,2.1896,,159.8689,159.9482,,,28697.92,28837.92,20893.74,20942.54,,104.0782,104.0838,0.8898,,,,,,,,25009.8821,,,,,,,338.4919,,,,,,,,,14.2978,,4.5439,4.5356,128.2415,128.1413,0.9132,2025-07-31
USA,,,,,-2.8968,-2.8643,,135.1984,135.5449,2.1896,,159.8689,159.9482,,,28697.92,28837.92,20893.74,20942.54,,104.0782,104.1741,0.8898,,,,,,,,25009.8821,,,,,,,338.4919,,,,,,,,,14.2978,,4.5439,4.5356,128.2415,128.316,0.9132,2025-08-31
USA,,,,,-2.8968,-2.8643,,135.1984,135.7903,2.1896,,159.8689,159.9482,,,28697.92,28837.92,20893.74,20942.54,,104.0782,104.2697,0.8898,,,,,,,,25009.8821,,,,,,,338.4919,,,,,,,,,14.2978,,4.5439,4.5356,128.2415,128.5307,0.9132,2025-09-30
USA,,,,,-2.8968,-2.7802,,135.1984,136.0409,2.1896,,159.8689,160.1465,,,28697.92,29141.43,20893.74,21043.26,,104.0782,104.3723,0.8898,,,,,,,,25009.8821,,,,,,,338.4919,,,,,,,,,14.2978,,4.5439,4.4963,128.2415,128.8991,0.9132,2025-10-31
USA,,,,,-2.8968,-2.7802,,135.1984,136.2838,2.1896,,159.8689,160.1465,,,28697.92,29141.43,20893.74,21043.26,,104.0782,104.4776,0.8898,,,,,,,,25009.8821,,,,,,,338.4919,,,,,,,,,14.2978,,4.5439,4.4963,128.2415,129.1085,0.9132,2025-11-30
USA,,,,,-2.8968,-2.7802,,135.1984,136.5236,2.1896,,159.8689,160.1465,,,28697.92,29141.43,20893.74,21043.26,,104.0782,104.5871,0.8898,,,,,,,,25009.8821,,,,,,,338.4919,,,,,,,,,14.2978,,4.5439,4.4963,128.2415,129.2727,0.9132,2025-12-31
USA,,,,,-2.6202,-2.711,,138.1349,136.7544,2.172,,160.5863,160.3346,,,29859.2675,29431.26,21269.0325,21137.11,,105.2987,104.7066,1.1726,,,,,,,,26131.0583,,,,,,,340.2419,,,,,,,,,14.1735,,4.4321,4.4642,130.4559,129.3016,1.7268,2026-01-31
USA,,,,,-2.6202,-2.711,,138.1349,136.9926,2.172,,160.5863,160.3346,,,29859.2675,29431.26,21269.0325,21137.11,,105.2987,104.8201,1.1726,,,,,,,,26131.0583,,,,,,,340.2419,,,,,,,,,14.1735,,4.4321,4.4642,130.4559,129.4426,1.7268,2026-02-28
USA,,,,,-2.6202,-2.711,,138.1349,,2.172,,160.5863,160.3346,,,29859.2675,29431.26,21269.0325,21137.11,,105.2987,,1.1726,,,,,,,,26131.0583,,,,,,,340.2419,,,,,,,,,14.1735,,4.4321,4.4642,130.4559,,1.7268,2026-03-31
USA,,,,,-2.6202,-2.6415,,138.1349,,2.172,,160.5863,160.5145,,,29859.2675,29716.96,21269.0325,21228.2,,105.2987,,1.1726,,,,,,,,26131.0583,,,,,,,340.2419,,,,,,,,,14.1735,,4.4321,4.4375,130.4559,,1.7268,2026-04-30
USA,,,,,-2.6202,-2.6415,,138.1349,,2.172,,160.5863,160.5145,,,29859.2675,29716.96,21269.0325,21228.2,,105.2987,,1.1726,,,,,,,,26131.0583,,,,,,,340.2419,,,,,,,,,14.1735,,4.4321,4.4375,130.4559,,1.7268,2026-05-31
USA,,,,,-2.6202,-2.6415,,138.1349,,2.172,,160.5863,160.5145,,,29859.2675,29716.96,21269.0325,21228.2,,105.2987,,1.1726,,,,,,,,26131.0583,,,,,,,340.2419,,,,,,,,,14.1735,,4.4321,4.4375,130.4559,,1.7268,2026-06-30
USA,,,,,-2.6202,-2.5879,,138.1349,,2.172,,160.5863,160.6793,,,29859.2675,30000.8,21269.0325,21314.23,,105.2987,,1.1726,,,,,,,,26131.0583,,,,,,,340.2419,,,,,,,,,14.1735,,4.4321,4.4157,130.4559,,1.7268,2026-07-31
USA,,,,,-2.6202,-2.5879,,138.1349,,2.172,,160.5863,160.6793,,,29859.2675,30000.8,21269.0325,21314.23,,105.2987,,1.1726,,,,,,,,26131.0583,,,,,,,340.2419,,,,,,,,,14.1735,,4.4321,4.4157,130.4559,,1.7268,2026-08-31
USA,,,,,-2.6202,-2.5879,,138.1349,,2.172,,160.5863,160.6793,,,29859.2675,30000.8,21269.0325,21314.23,,105.2987,,1.1726,,,,,,,,26131.0583,,,,,,,340.2419,,,,,,,,,14.1735,,4.4321,4.4157,130.4559,,1.7268,2026-09-30
USA,,,,,-2.6202,-2.5432,,138.1349,,2.172,,160.5863,160.8166,,,29859.2675,30288.05,21269.0325,21396.59,,105.2987,,1.1726,,,,,,,,26131.0583,,,,,,,340.2419,,,,,,,,,14.1735,,4.4321,4.4113,130.4559,,1.7268,2026-10-31
USA,,,,,-2.6202,-2.5432,,138.1349,,2.172,,160.5863,160.8166,,,29859.2675,30288.05,21269.0325,21396.59,,105.2987,,1.1726,,,,,,,,26131.0583,,,,,,,340.2419,,,,,,,,,14.1735,,4.4321,4.4113,130.4559,,1.7268,2026-11-30
USA,,,,,-2.6202,-2.5432,,138.1349,,2.172,,160.5863,160.8166,,,29859.2675,30288.05,21269.0325,21396.59,,105.2987,,1.1726,,,,,,,,26131.0583,,,,,,,340.2419,,,,,,,,,14.1735,,4.4321,4.4113,130.4559,,1.7268,2026-12-31
USA,,,,,-2.4126,-2.4844,,141.3597,,2.3345,,161.1657,160.952,,,31040.76,30582.97,21618.42,21482.35,,106.3509,,0.9993,,,,,,,,27324.7378,,,,,,,341.9871,,,,,,,,,14.1459,,4.4009,4.4089,134.0144,,2.7277,2027-01-31
USA,,,,,-2.4126,-2.4844,,141.3597,,2.3345,,161.1657,160.952,,,31040.76,30582.97,21618.42,21482.35,,106.3509,,0.9993,,,,,,,,27324.7378,,,,,,,341.9871,,,,,,,,,14.1459,,4.4009,4.4089,134.0144,,2.7277,2027-02-28
USA,,,,,-2.4126,-2.4844,,141.3597,,2.3345,,161.1657,160.952,,,31040.76,30582.97,21618.42,21482.35,,106.3509,,0.9993,,,,,,,,27324.7378,,,,,,,341.9871,,,,,,,,,14.1459,,4.4009,4.4089,134.0144,,2.7277,2027-03-31
USA,,,,,-2.4126,-2.4334,,141.3597,,2.3345,,161.1657,161.0882,,,31040.76,30884.06,21618.42,21571.37,,106.3509,,0.9993,,,,,,,,27324.7378,,,,,,,341.9871,,,,,,,,,14.1459,,4.4009,4.4065,134.0144,,2.7277,2027-04-30
USA,,,,,-2.4126,-2.4334,,141.3597,,2.3345,,161.1657,161.0882,,,31040.76,30884.06,21618.42,21571.37,,106.3509,,0.9993,,,,,,,,27324.7378,,,,,,,341.9871,,,,,,,,,14.1459,,4.4009,4.4065,134.0144,,2.7277,2027-05-31
USA,,,,,-2.4126,-2.4334,,141.3597,,2.3345,,161.1657,161.0882,,,31040.76,30884.06,21618.42,21571.37,,106.3509,,0.9993,,,,,,,,27324.7378,,,,,,,341.9871,,,,,,,,,14.1459,,4.4009,4.4065,134.0144,,2.7277,2027-06-30
USA,,,,,-2.4126,-2.3831,,141.3597,,2.3345,,161.1657,161.231,,,31040.76,31190.97,21618.42,21663.48,,106.3509,,0.9993,,,,,,,,27324.7378,,,,,,,341.9871,,,,,,,,,14.1459,,4.4009,4.4013,134.0144,,2.7277,2027-07-31
USA,,,,,-2.4126,-2.3831,,141.3597,,2.3345,,161.1657,161.231,,,31040.76,31190.97,21618.42,21663.48,,106.3509,,0.9993,,,,,,,,27324.7378,,,,,,,341.9871,,,,,,,,,14.1459,,4.4009,4.4013,134.0144,,2.7277,2027-08-31
USA,,,,,-2.4126,-2.3831,,141.3597,,2.3345,,161.1657,161.231,,,31040.76,31190.97,21618.42,21663.48,,106.3509,,0.9993,,,,,,,,27324.7378,,,,,,,341.9871,,,,,,,,,14.1459,,4.4009,4.4013,134.0144,,2.7277,2027-09-30
USA,,,,,-2.4126,-2.3518,,141.3597,,2.3345,,161.1657,161.3916,,,31040.76,31505.04,21618.42,21756.48,,106.3509,,0.9993,,,,,,,,27324.7378,,,,,,,341.9871,,,,,,,,,14.1459,,4.4009,4.3869,134.0144,,2.7277,2027-10-31
USA,,,,,-2.4126,-2.3518,,141.3597,,2.3345,,161.1657,161.3916,,,31040.76,31505.04,21618.42,21756.48,,106.3509,,0.9993,,,,,,,,27324.7378,,,,,,,341.9871,,,,,,,,,14.1459,,4.4009,4.3869,134.0144,,2.7277,2027-11-30
USA,,,,,-2.4126,-2.3518,,141.3597,,2.3345,,161.1657,161.3916,,,31040.76,31505.04,21618.42,21756.48,,106.3509,,0.9993,,,,,,,,27324.7378,,,,,,,341.9871,,,,,,,,,14.1459,,4.4009,4.3869,134.0144,,2.7277,2027-12-31
USA,,,,,-2.267,-2.3165,,144.4546,,2.1894,,161.8122,161.5598,,,32287.4925,31816.78,21988.15,21850.53,,107.4992,,1.0797,,,,,,,,28517.4203,,,,,,,343.7171,,,,,,,,,13.8729,,4.3413,4.3692,136.6738,,1.9844,2028-01-31
USA,,,,,-2.267,-2.3165,,144.4546,,2.1894,,161.8122,161.5598,,,32287.4925,31816.78,21988.15,21850.53,,107.4992,,1.0797,,,,,,,,28517.4203,,,,,,,343.7171,,,,,,,,,13.8729,,4.3413,4.3692,136.6738,,1.9844,2028-02-29
USA,,,,,-2.267,-2.3165,,144.4546,,2.1894,,161.8122,161.5598,,,32287.4925,31816.78,21988.15,21850.53,,107.4992,,1.0797,,,,,,,,28517.4203,,,,,,,343.7171,,,,,,,,,13.8729,,4.3413,4.3692,136.6738,,1.9844,2028-03-31
USA,,,,,-2.267,-2.2824,,144.4546,,2.1894,,161.8122,161.7311,,,32287.4925,32127.87,21988.15,21942.38,,107.4992,,1.0797,,,,,,,,28517.4203,,,,,,,343.7171,,,,,,,,,13.8729,,4.3413,4.3501,136.6738,,1.9844,2028-04-30
USA,,,,,-2.267,-2.2824,,144.4546,,2.1894,,161.8122,161.7311,,,32287.4925,32127.87,21988.15,21942.38,,107.4992,,1.0797,,,,,,,,28517.4203,,,,,,,343.7171,,,,,,,,,13.8729,,4.3413,4.3501,136.6738,,1.9844,2028-05-31
USA,,,,,-2.267,-2.2824,,144.4546,,2.1894,,161.8122,161.7311,,,32287.4925,32127.87,21988.15,21942.38,,107.4992,,1.0797,,,,,,,,28517.4203,,,,,,,343.7171,,,,,,,,,13.8729,,4.3413,4.3501,136.6738,,1.9844,2028-06-30
USA,,,,,-2.267,-2.2499,,144.4546,,2.1894,,161.8122,161.8971,,,32287.4925,32446.87,21988.15,22035.5,,107.4992,,1.0797,,,,,,,,28517.4203,,,,,,,343.7171,,,,,,,,,13.8729,,4.3413,4.3315,136.6738,,1.9844,2028-07-31
USA,,,,,-2.267,-2.2499,,144.4546,,2.1894,,161.8122,161.8971,,,32287.4925,32446.87,21988.15,22035.5,,107.4992,,1.0797,,,,,,,,28517.4203,,,,,,,343.7171,,,,,,,,,13.8729,,4.3413,4.3315,136.6738,,1.9844,2028-08-31
USA,,,,,-2.267,-2.2499,,144.4546,,2.1894,,161.8122,161.8971,,,32287.4925,32446.87,21988.15,22035.5,,107.4992,,1.0797,,,,,,,,28517.4203,,,,,,,343.7171,,,,,,,,,13.8729,,4.3413,4.3315,136.6738,,1.9844,2028-09-30
USA,,,,,-2.267,-2.2208,,144.4546,,2.1894,,161.8122,162.0607,,,32287.4925,32758.45,21988.15,22124.19,,107.4992,,1.0797,,,,,,,,28517.4203,,,,,,,343.7171,,,,,,,,,13.8729,,4.3413,4.3146,136.6738,,1.9844,2028-10-31
USA,,,,,-2.267,-2.2208,,144.4546,,2.1894,,161.8122,162.0607,,,32287.4925,32758.45,21988.15,22124.19,,107.4992,,1.0797,,,,,,,,28517.4203,,,,,,,343.7171,,,,,,,,,13.8729,,4.3413,4.3146,136.6738,,1.9844,2028-11-30
USA,,,,,-2.267,-2.2208,,144.4546,,2.1894,,161.8122,162.0607,,,32287.4925,32758.45,21988.15,22124.19,,107.4992,,1.0797,,,,,,,,28517.4203,,,,,,,343.7171,,,,,,,,,13.8729,,4.3413,4.3146,136.6738,,1.9844,2028-12-31
