Date,SMA,EMA,STOCH_k,STOCK_d,RSI,MFI,SAR,AD,MACD,MACD_Signal,MACD_Histo,VWAP,SPY,NDAQ,PC1,PC2
2010-01-29,2879.118571428572,2880.708514064584,7642.98061483007,223846.9241312515,18.421290580925643,8.420933367078291,67.87,69557836.58635637,-418.75796978508015,-241.5824450335091,-177.17552475157106,1792.231107879987,83.4351,4.9752,8.236425473623964,11.058577246088248
2010-02-26,2655.2707142857143,2507.2980455226398,8012.980614830069,114751.55478488671,19.501888937115226,6.250318591566554,71.61,558006488.5604087,-604.0603371302391,-314.0780234528551,-289.982313677384,326.44476959531704,86.0379,5.1521,6.638649365242252,6.121002384183304
2010-03-31,2447.575714285714,2183.827639452954,8126.980614830069,7927.647281496737,20.413516621048245,13.201429111069745,71.7814,1040537045.2748672,-742.26543590915,-399.7155059441141,-342.5499299650359,280.0803518102473,91.278,5.8408,6.190210471339713,3.9339439158032077
2010-04-30,2269.9328571428573,1902.9172875258932,7699.980614830069,7946.647281496736,22.324969620895487,12.861440206851016,72.017172,607723763.5215284,-842.4275453694463,-488.25791382918055,-354.1696315402657,259.580283721128,92.6901,5.8076,6.172924397366834,3.5230201523579683
2010-05-28,2073.543571428572,1658.6016491891078,7054.9806148300695,7627.313948163402,17.605280335181575,12.443012961003191,68.48,248501945.7216779,-911.8163485606246,-572.9696007754694,-338.84674778515523,237.27991014945056,85.3254,5.1411,6.285178871461515,2.9805390977435144
2010-06-30,1860.3071428571432,1448.0800959638934,7968.980614830069,7574.647281496736,12.756343239824249,20.93994759031959,68.6864,788925102.4963043,-955.0606091968972,-649.387802459755,-305.6728067371421,202.7598736129432,80.9104,4.9171,6.029794759651796,2.3969914715166123
2010-07-30,1653.6014285714286,1265.4187498353742,7811.980614830069,7611.980614830069,13.054146941818727,25.32645016658685,68.95067200000001,255585428.30874217,-978.1828007586846,-715.146802119541,-263.0359986391436,190.5755727816781,86.4367,5.3845,5.782145100070517,1.842794623818546
2010-08-31,1452.390714285714,1107.2002498573245,7877.980614830069,7886.313948163402,13.32831697810596,28.74320178418114,69.17625856000001,812443008.5569102,-985.0984459907552,-769.1371308937838,-215.96131509697125,182.07466510098135,82.5487,4.953,5.562471505398945,1.29980368549415
2010-09-30,1231.117857142857,970.5975498763476,8267.980614830069,7985.980614830069,6.490069945784981,31.645660799819662,69.41073338880001,1379657931.5998385,-978.9793823293772,-811.1055811809026,-167.8738011484745,173.97295017776864,89.9412,5.3734,5.290822705227771,0.8994734010652109
2010-10-29,1002.0864285714288,851.7925432261679,7955.98023950178,8033.98048972064,3.6309262130081663,29.918132964050656,69.739718721024,877895390.7558628,-963.277672824544,-841.5399995096309,-121.73767331491308,169.20430969868778,93.3772,5.838,5.11577295073518,0.4874736312242471
2010-11-30,770.4207142857143,748.8442041293456,7967.980239501781,8063.98036461121,2.5919126245381108,29.212320829839285,70.03392434660353,1318450776.9813647,-939.9886676817312,-861.229733144051,-78.75893453768015,164.8538376444337,93.3772,5.9376,4.881166627432866,0.08862505210946071
2010-12-31,541.6428571428572,659.6796435787662,8010.98023950178,7978.313572835114,2.634964670947369,28.70023363233635,70.30924585967145,1732022707.3245137,-910.9958725677698,-871.1829610287948,-39.81291153897496,161.37981685773053,99.6189,6.5626,4.577310262505158,-0.2535968032835428
2011-01-31,307.98214285714283,582.622357768264,8174.98023950178,8051.313572835115,0.6257716491935668,29.817298944259846,70.54146094247803,2162652869.925727,-877.7681741443782,-872.5000036519116,-5.268170492466652,158.12592706402907,101.94,6.77,4.304044346875619,-0.5844584628377
2011-02-28,79.50214285714286,516.5767100658288,8727.98023950178,8304.646906168447,0.8076918345000763,31.87340193285281,70.80023172362847,2657355870.630697,-841.2908813722693,-866.2581791959832,24.96729782371392,155.62559863203217,105.4812,7.9121,3.9304842847775396,-0.8595891741812715
2011-03-31,80.01642857142858,458.8504820570517,8359.427751695357,8420.79607689964,57.94351279788172,46.82734734559015,71.1372270891559,2182581819.776473,-803.4156134582552,-853.6896660484376,50.274052590182464,152.24880448048347,105.4924,7.1461,3.042142812162238,-1.71585627737015
2011-04-29,80.24285714285715,408.7770844494448,8326.427751695357,8471.278580964166,53.778307508939214,59.97976202278988,71.46668254737278,1658316859.409489,-764.6118495545886,-835.8741027496678,71.26225319507921,149.90045870814703,108.5477,7.5001,2.8049804924995825,-1.9471720036511975
2011-05-31,80.08571428571429,364.8161398561855,7903.427751695356,8196.427751695357,47.55772646536412,53.05210478162392,71.71914889642532,1157616453.3119545,-725.8339507747405,-813.8660723546824,88.03212157994187,147.61497515759527,107.3304,7.0576,2.90069900924772,-1.9517568776169205
2011-06-30,80.11357142857143,326.4926545420274,7735.427751695357,7988.427751695358,50.45936395759717,52.5347983122536,71.93476591849682,605044919.2992256,-687.3148112660308,-788.5558201369522,101.2410088709214,144.4914795004522,105.5178,6.9967,2.7980090467514187,-2.0732929421648976
2011-07-29,80.37214285714285,292.8496339364238,7413.141352549889,7683.998951980201,54.614992350841405,53.28086653899894,72.07387060012688,145149939.96629953,-649.5602169356623,-760.7566994966943,111.19648256103198,141.98981285201347,103.407,6.6566,2.692714453749666,-2.217087527380993
2011-08-31,79.89428571428572,263.5363494115673,7296.853831598864,7481.807645281372,39.29600000000001,37.79240637609261,66.51,-404634065.3731551,-612.6713442616053,-731.1396284496766,118.46828418807128,136.57003233110606,97.7221,6.5515,3.054623836274272,-2.0361382194201614
2011-09-30,79.38857142857144,237.870169490025,7101.069506726459,7270.354896958405,38.81163084702907,28.223397714424337,65.35,-1001942502.0325204,-576.9441494968985,-700.300532659121,123.35638316222251,132.7186062180911,90.9354,6.3994,3.156031678396599,-2.0070823772385045
2011-10-31,79.32285714285715,216.5354802246884,7783.069506726458,7393.664281683928,48.78306878306878,29.75774096296968,65.52879999999999,-321182218.19678664,-541.8338499006536,-668.6071961074275,126.77334620677392,129.868059275568,100.8608,6.9276,2.7900817683711514,-2.037428455327756
2011-11-30,79.04285714285713,198.16541619472991,7873.069506726459,7585.736173393126,44.36781609195402,28.55345719645767,65.82982399999999,472842892.9400392,-508.0792408164087,-636.5016050492237,128.42236423281503,127.88042558099995,100.4509,7.2595,2.7249681742161935,-1.9606719175768514
2011-12-30,78.80999999999999,181.9166940354326,7627.069506726458,7761.06950672646,45.22554188635032,28.406038397935063,66.09342751999999,-320564640.63392365,-476.0394845160298,-604.409180942585,128.36969642655515,126.25991724225062,101.4996,6.7783,2.6877535936122148,-1.9950073123001322
2012-01-31,78.71642857142857,168.1104681640416,7834.069506726458,7778.06950672646,48.18509282349682,34.054624184001526,66.3495589696,488800616.40666807,-445.347031750593,-572.5967511041866,127.2497193535936,125.09847253359504,106.2066,6.8474,2.4450343463189013,-2.0363130088426353
2012-02-29,78.59785714285715,156.15573907550274,7842.069506726458,7767.736173393125,47.67767207610522,39.70116729510389,66.624091790208,1247706070.370337,-416.21867665800767,-541.3211362149509,125.10245955694324,123.9489662091331,110.8165,7.2844,2.249392467679032,-2.0435553772180812
2012-03-30,78.55499999999999,146.1549738654357,8112.069506726459,7929.402840059793,49.18478260869566,39.97761821051715,66.90140995440383,2041977870.487852,-388.4386984326714,-510.7446486584951,122.30595022582366,122.85727663700364,114.38,7.1627,2.102533397721157,-2.001571062976353
2012-04-30,78.06714285714285,137.3943106833776,8042.064240790656,7998.734418081192,39.31811072880826,34.707144382686536,67.21278175531576,1233492279.2708602,-362.3029468494858,-481.0563082966932,118.7533614472074,121.91799202277562,113.6165,6.7949,2.258601271188695,-1.8588732861835395
2012-05-31,77.76214285714286,129.65640259226058,7932.512806830309,8028.882184782476,42.74056443386604,35.07430104755484,67.50912612020944,472529619.6083927,-337.7843614569673,-452.4019189287481,114.61755747178074,120.87690975485545,106.7931,6.0509,2.250007813374081,-1.9259847214374182
2012-06-29,77.76428571428572,123.47954891329248,8329.365406006675,8101.314151209214,50.04538577912255,41.04093629643473,67.81074359780526,1328357779.2708602,-314.40855396759275,-424.803245936517,110.39469196892423,119.92881217978754,111.1213,6.3076,1.955986197647642,-1.9768884076914466
2012-07-31,78.17642857142857,118.32760905818682,8480.746846407344,8247.541686414777,59.51203428948237,46.236855844710426,68.12112872584915,2233094115.0293803,-292.390715576002,-398.320739864414,105.93002428841204,119.24219130725504,112.4358,6.316,1.690401603185575,-2.0597787850090135
2012-08-31,78.67285714285715,113.79592785042858,8430.83688286544,8413.649711759821,61.92109777015437,52.375368305159895,68.46747015133217,1317457500.3505516,-271.8480705048012,-373.0262059924914,101.1781354876902,118.57881813631737,115.2527,6.3633,1.5601379253143497,-2.1298295111093855
2012-09-28,79.675,110.38313747037144,8817.34349593496,8576.309075069248,73.54817052702248,58.676130788223865,68.81832074830552,2271576775.1645155,-252.3475016256006,-348.8904651191133,96.54296349351269,117.87507113959028,118.175,6.5155,1.2321639174301358,-2.222317949601375
2012-10-31,80.62857142857142,107.1787191409886,8632.445269741986,8626.875216180795,71.90679356744336,69.34380142221204,69.24095433333942,1390576692.982131,-234.34110148804345,-325.9805923928993,91.6394909048559,117.31817502953716,116.0245,6.6526,1.1344880950747194,-2.331821113436385
2012-11-30,81.8457142857143,104.63222325552344,8804.840347666972,8751.543037781306,78.17460317460313,71.9080678549353,69.67473524667263,2335837425.0304084,-217.42496347157507,-304.26946660863445,86.84450313705938,116.6581710176562,116.6811,6.7785,0.943722362103666,-2.350692947507075
2012-12-31,82.69142857142856,102.64126015478698,8966.039279869066,8801.108299092675,73.64217252396162,71.18283783061537,70.05890654173918,3324476203.985903,-201.56457085500784,-283.7284874579091,82.16391660290128,116.01598778941468,117.7311,7.0285,0.9096972689470837,-2.2354130593970307
2013-01-31,83.98928571428571,101.8797588008154,9689.930487383484,9153.603371639843,78.9607905642333,71.0744391967763,70.47432841090439,4383840996.255432,-186.26455304026132,-264.2357005743796,77.97114753411822,115.58426250872284,123.7577,7.9651,0.6660363566878301,-2.1463599863017317
2013-02-28,85.83642857142857,101.91712429404,10213.134114091425,9623.03462711466,87.87346221441122,78.7608584090989,71.0198438426863,5519501341.791293,-171.73747864933162,-245.73605618937,73.99857754003835,115.31657422525242,125.3368,8.9044,0.3297091899892722,-2.2008820281023076
2013-03-28,87.68142857142857,102.22150772150134,10417.070703271907,10106.71176824894,87.86279683377305,78.97797526331598,71.64604696583257,6718932859.604382,-158.23601035274186,-228.2360470220444,70.00003666930252,115.1231314927414,130.0965,9.1212,0.21046384701067622,-2.110299706939371
2013-04-30,89.67214285714286,102.76797335863448,10629.38178164769,10419.862199670342,88.54771784232362,79.26447621530038,72.30272602651591,7946985495.361395,-145.68556071464172,-211.72594976056385,66.04038904592213,114.96476235269785,132.5959,8.3249,0.13078449476632042,-2.062463676802249
2013-05-31,92.02357142857144,104.2749102441499,11404.874150584395,10817.108878501333,89.95145631067957,79.8478135867664,73.0174715059856,9249998456.36758,-133.5741194230859,-196.09558369306828,62.52146426998237,114.9011255212192,135.7265,8.884,-0.0520910179343346,-1.9587362003020963
2013-06-28,94.2714285714286,105.29425554492992,11189.923607427056,11074.726513219715,86.89331770222742,86.15799013769694,73.85712207586589,7969240873.345892,-122.73439625251552,-181.4233462049577,58.688949952442215,114.85910091258718,133.9131,9.298,-0.0665210004489778,-2.0002059076644287
2013-07-31,96.87928571428571,106.70435480560592,11585.0881132536,11393.295290421684,90.112063282795,92.85068218177854,74.69957963434857,9257721412.326128,-112.52795335531634,-167.64426763502945,55.11631427971311,114.86908622232666,140.8333,9.1874,-0.30640292622835036,-2.009959697777588
2013-08-30,98.87142857142858,107.30644083152514,11119.79128563744,11298.267668772698,80.19051742801472,86.29628701528128,75.5915880416616,8027276905.64993,-103.62002284206552,-154.83941867643668,51.21939583437117,114.85388593142642,136.6094,8.4672,-0.025251864912707294,-1.8917823893134431
2013-09-30,100.9192857142857,108.13358205398843,11348.79128563744,11351.223561509492,80.51948051948051,86.55650211217528,76.46255628082837,9240204816.877851,-95.27734198020724,-142.9270033371908,47.64966135698354,114.84230718171229,140.9374,9.1434,-0.1571754620306578,-1.801429184181244
2013-10-31,103.11571428571428,109.06110444678998,11506.634696755997,11325.072422676958,81.99791883454733,86.84124138868177,77.29270515521179,10471946301.28362,-87.52923199464647,-131.84744906868195,44.31821707403549,114.83782469681591,147.4637,10.0887,-0.3181840103850462,-1.7129413569154521
2013-11-29,105.13928571428572,110.056957187218,11650.634696755997,11502.020226383143,81.04317335086566,86.75528501630419,78.10085105210756,11741193465.214064,-80.34641953308575,-121.54724316156272,41.20082362847698,114.84931587595928,151.8342,11.1879,-0.43929673396849966,-1.5998883993739748
2013-12-31,107.44,111.19069622892226,11853.634696755997,11670.30136342266,85.1560794586335,86.91598241002814,78.88541403106541,13079274951.62513,-73.64129387763978,-111.96605330477816,38.324759427138375,114.87667534840418,155.7661,11.3712,-0.5912024981433267,-1.5560722646039218
2014-01-31,109.12,111.24527006506597,11157.312210200927,11553.860534570971,73.04075235109717,85.79515263389668,79.6809057504441,11810323886.782692,-68.10398695240272,-103.19364003430309,35.08965308190035,114.85739428667914,150.2756,10.8997,-0.3236987215725151,-1.5003091499390944
2014-02-28,110.98285714285714,111.84990072305716,11574.740806854696,11528.562571270542,74.32835820895522,78.690681407662,80.45728763543522,13149791611.523607,-62.65607996593606,-95.08612802062969,32.43004805469363,114.83641935440552,157.1155,10.9683,-0.38576665647100883,-1.3344033810445053
2014-03-31,112.98571428571428,113.59924729331622,12493.739086294416,11741.930701116682,75.23398128149748,79.02866450352306,81.16814188272652,14563978501.722364,-56.94064195698428,-87.45703080790061,30.51638885091633,114.94963307064644,158.4213,10.5889,-0.5173061627041138,-1.2591043460645133
2014-04-30,114.89214285714286,115.63268098754074,12881.507649513213,12316.662514220776,74.61722929348828,79.24630887284822,82.06297904507198,16046116473.999737,-51.50432281085983,-80.26648920849246,28.762166397632623,115.09853712478684,159.5225,10.5774,-0.6078824046575899,-1.1758741296594049
2014-05-30,116.61642857142856,117.32699018920198,12830.202292899408,12735.149676235678,72.91192103264997,79.21339823817536,83.00571946417054,14534238617.771748,-46.69883831961293,-73.55295903071655,26.85412071110362,115.22273298958184,163.2245,10.8641,-0.5833508717818586,-1.1429081612831749
2014-06-30,118.06214285714285,118.55805816397506,12651.539983164985,12787.749975192535,69.33511654566298,73.11735846999493,83.94020507488713,13040704731.634392,-42.54367140117604,-67.35110150480845,24.807430103632413,115.3366522323574,166.5923,11.116,-0.4574541945288844,-1.034533915171915
2014-07-31,118.87357142857142,119.47431707544506,12537.996760758908,12673.246345607768,62.42344706911638,66.60462728711039,84.83640097338939,11598380658.929873,-38.893513030307545,-61.65958380990828,22.76607077960073,115.43896907968696,164.3537,12.1435,-0.2915645490039233,-0.8900789926217256
2014-08-29,120.68285714285716,121.84440813205238,13721.288362512872,12970.275035478922,72.86513811157249,66.24698718701711,85.7274729539216,13104230231.634392,-34.64756544025036,-56.2571801359767,21.609614695726336,115.62038845410248,170.8397,12.5119,-0.5987410571285974,-0.8386330475708493
2014-09-30,122.27357142857144,124.0171537144454,13810.85056801631,13356.711897096033,71.27842537741256,66.71555560615126,86.75792349484317,14575756655.690731,-30.85512712393492,-51.17676953356834,20.32164240963342,115.89171149595396,168.4836,12.252,-0.6311916068220171,-0.7862115095328759
2014-10-31,124.34071428571428,126.16953321918602,14012.850568016313,13848.329832848502,79.11468812877264,63.27853282929815,87.8717650249463,16119457969.134846,-27.37107856130673,-46.415631339116025,19.04455277780929,116.25607038135462,172.4516,12.4946,-0.7892889669905415,-0.7243316619442466
2014-11-28,126.85357142857144,129.17226212329456,14866.386511965193,14230.029215999271,81.44440471934216,63.09402772095327,88.94472972444737,17709431742.95522,-23.64903392037232,-41.86231185536728,18.213277934994963,116.52124851737368,177.1892,12.9711,-0.9795867200099122,-0.6193747487670496
2014-12-31,129.35785714285717,131.9692938401886,15012.587684069613,14630.608254683708,81.40451451092798,64.49691598252033,90.15563512995844,19329180764.215157,-20.34693018265594,-37.55923552082501,17.212305338169074,117.01013547447944,176.7355,13.8974,-1.1013391668173116,-0.5469044454259077
2015-01-30,131.3135714285714,133.56138799483014,14388.587684069613,14755.853960034809,72.58330583965687,56.52424691275884,91.41132242735924,17794821204.09368,-18.025715799172676,-33.652531576494546,15.626815777321871,117.40891209399182,171.499,13.2136,-0.7810620113207637,-0.4416146859669734
2015-02-27,133.37428571428572,135.40786959551946,14738.587684069613,14713.25435073628,73.23240457400547,56.86969841383451,92.61689597881208,19328326429.639576,-15.722476999586943,-30.066520661113028,14.344043661526085,117.70929428022713,181.138,14.5349,-0.9782382986799406,-0.3206909183066953
2015-03-31,135.71142857142857,136.5961536494502,14429.587684069613,14518.921017402943,78.10030917210581,56.19175395539664,93.79715805923584,17821263078.546238,-13.985267375984591,-26.850270004087346,12.86500262810275,118.03967063092288,178.286,14.8058,-0.9659116289076559,-0.3800819068872643
2015-04-30,137.52785714285716,137.21133316285685,14117.981607987387,14428.718992042204,72.24846894138234,56.21568105030293,94.88081489805111,16349142846.513365,-12.712920606769243,-24.02280012462372,11.309879517854476,118.25662853568484,180.0393,14.1344,-0.8288751444671353,-0.36648273413837124
2015-05-29,138.81571428571428,137.98315540780928,14296.197422547684,14281.255571534895,68.12060301507539,55.42270000641658,95.87579860009008,17783270823.089012,-11.42839911400202,-21.50391992249938,10.075520808497362,118.49085973067793,182.3539,15.0413,-0.8861747428071345,-0.2406197030576265
2015-06-30,139.3342857142857,137.73340135343472,13606.939113170089,14007.039381235054,56.880212282031856,48.23538039677926,96.92968262808829,16421007085.00398,-10.84139909415302,-19.37141575683011,8.530016662677092,118.71049667530946,178.6885,14.2566,-0.549880921716296,-0.1341490113943233
2015-07-31,140.36285714285714,138.40094783964344,14269.939113170089,14057.69188296262,62.22826086956523,48.94532931521122,97.87248897552652,17819528351.2104,-9.729061197186953,-17.44294484490148,7.713883647714528,118.93019048320429,182.6461,14.905,-0.763693833492504,-0.08706219778290339
2015-08-31,140.89714285714285,137.819488127691,13399.939113170089,13758.939113170089,55.68389057750759,46.83577077948656,98.808839196016,16428605292.69895,-9.44071599361311,-15.842499074643806,6.401783081030695,119.15695667827475,171.4417,14.9518,-0.5129344483596311,-0.09551355028012455
2015-09-30,141.25214285714284,136.83022304399887,13035.939113170089,13568.605779836756,53.63782755087103,44.82788159346276,99.71246241209568,15059641069.105955,-9.39758837265228,-14.553516934245502,5.155928561593223,119.32670841951312,167.1574,15.6533,-0.4102513373570458,-0.08055739553368417
2015-10-30,141.1642857142857,136.72219330479902,13597.426384839651,13344.434870393276,49.00982128481727,45.190923111755225,100.41141316385377,16467267954.872864,-8.808384813521712,-13.404490510100745,4.596105696579032,119.47346205783336,181.4136,16.9917,-0.5771748243742968,0.09219129853677574
2015-11-30,140.875,136.3712341974925,13404.42638483965,13345.930627616464,46.793349168646095,44.65812385199291,101.17318490057669,15075917000.539522,-8.400337753649893,-12.403659958810575,4.003322205160682,119.6047805633898,182.0767,17.206,-0.5085605184756956,0.09989312604419538
2015-12-31,140.29500000000002,135.7937363044935,13199.42638483965,13400.426384839651,43.57391579613802,45.33850219510813,101.92212120256517,13711340614.726292,-8.148445182483698,-11.5526170035452,3.404171821061503,119.76674218394942,178.9488,17.1502,-0.4117265068351219,0.08277037966672207
2016-01-29,138.94357142857143,134.99057146389438,12972.733471074382,13192.19541358456,33.38018271257907,38.51993579381361,102.61847877851385,12295728639.040289,-8.039316299860758,-10.849956862808314,2.8106405629475564,119.89062957300928,170.0395,18.2794,-0.15853014298456755,0.2213203337739976
2016-02-29,137.80214285714283,134.88116193537513,13412.609452736317,13194.92310288345,36.652188439692594,37.65384903276852,103.20130920294358,13786957759.356049,-7.511203171881419,-10.182206124622937,2.671002952741516,120.0262601853427,169.8991,18.6597,-0.283628435489155,0.2671592158842242
2016-03-31,137.65714285714287,135.81434034399177,14183.600071225072,13522.980998345258,48.34501875101908,45.790629863506666,103.8394830188847,15335257313.707052,-6.396798833186693,-9.425124666335687,3.028325833148994,120.25490592489042,181.3235,19.646,-0.7155588864673148,0.20638260828527402
2016-04-29,137.5192857142857,137.10309496479286,14543.061950439647,14046.423824800346,48.42910629985348,45.57104465433001,104.63069335850702,16904529109.143108,-5.163612541238564,-8.572822241316263,3.4092097000776995,120.45329390863068,182.0381,18.2639,-0.7512019545564486,0.2360819353918828
2016-05-31,137.24928571428572,137.56134896948714,14049.061950439647,14258.574657368124,47.013274336283175,46.259710257440574,105.49867949133689,15384882489.80999,-4.532670431692452,-7.764791879391502,3.2321214476990496,120.6407224189732,185.1349,19.5365,-0.7323752251688077,0.24527579519512108
2016-06-30,137.505,138.52516910688885,14474.061950439647,14355.395283772985,52.778640173859046,53.36277527774831,106.33150390151012,16971214270.42546,-3.6476568651626735,-6.941364876545736,3.293708011383062,120.89722805721944,185.7824,19.2338,-0.959777182153911,0.16396738137149502
2016-07-29,137.59571428571428,139.29114655930368,14421.95302287582,14315.025641251706,51.005542359461614,53.45014204801257,107.12487382347992,15378801693.651049,-2.9541829100164136,-6.143928483239871,3.1897455732234574,121.080932036143,192.5581,21.0451,-0.9968944468890102,0.2231287088637913
2016-08-31,138.62285714285716,140.7843270180632,15044.482632541134,14646.832535285535,61.50768245838668,59.850386820594096,107.92217634701034,17027280351.457396,-1.881014621397327,-5.291345710871362,3.4103310894740355,121.29782745155164,192.7887,21.1789,-1.2984698580578444,0.13421311717306086
2016-09-30,138.74642857142857,141.27575008232145,14442.507272727273,14636.314309381409,51.398092775173744,52.891490592493874,108.78173282007012,15435170680.276537,-1.499005111836567,-4.532877591064404,3.0338724792278366,121.5497322498518,192.8037,20.181,-0.9858074634990623,0.2314777006409213
2016-10-31,139.4792857142857,141.6789834046786,14425.507272727276,14637.499059331894,59.617547806524215,54.65047204285023,109.62709816366872,13828017869.541588,-1.1961884862623435,-3.865539770103992,2.669351283841648,121.71612597222992,189.4611,19.1143,-1.0007818976676874,0.08080959886553296
2016-11-30,141.41071428571428,143.7804522840548,15740.523635340462,14869.51272693167,71.51495862507957,63.586499874270345,110.34875620039536,15506133526.097635,0.1028979125352691,-3.07185223357614,3.1747501461114087,122.0608474252534,196.4405,19.1501,-1.4275917474815587,-0.0023983827908846457
2016-12-30,143.33642857142857,146.34039197951415,16295.172768878716,15487.067892315486,71.47864882090505,64.55248843761441,111.32358107638746,17194453134.029457,1.561465342789404,-2.145188718303032,3.706654061092435,122.47549760148392,200.4249,20.1495,-1.595263306299817,0.10384469498874166
2017-01-31,145.4828571428571,148.71367304891226,16411.172768878718,16148.956391032632,74.2377802871431,65.20961389396058,112.4421094548597,18927336713.739136,2.7789587386547225,-1.1603592269114809,3.9393179655662034,122.811585182698,204.0115,21.1762,-1.7624203183629603,0.1735838756106638
2017-02-28,148.29571428571427,151.74118330905728,17139.460431654676,16615.268656470704,79.29187741743533,72.59532331926711,113.49926526576252,20715372553.30553,4.281907026142903,-0.071905976300604,4.353813002443507,123.17487413625248,212.0274,21.3473,-2.0689530865470798,0.15872624496800544
2017-03-31,150.93214285714285,153.7330255345163,16665.72509666728,16738.786099066892,76.48156119959825,81.4201045451172,114.67327996044726,19005139552.14709,5.032514293820071,0.9489780777235312,4.08353621609654,123.68894322457044,212.2941,20.9432,-2.0475037414527146,0.03084160404984347
2017-04-28,153.1492857142857,155.26328879658078,16517.915020670647,16774.366849664202,73.24745356500902,74.00217420545647,115.93701436123833,17303436057.921196,5.445981363438108,1.8483787348664469,3.597602628571661,124.03887502736404,214.4014,20.7683,-1.8793797811802067,0.12922395326777478
2017-05-31,154.82071428571427,156.59885029037,16524.684057267652,16569.441391535194,69.7902571041949,66.11683994159185,116.99727407401356,19022239198.872837,5.713444379652373,2.621391863823632,3.0920525158287404,124.40663717743908,217.4272,20.4004,-1.818092644036163,0.2980742019338859
2017-06-30,156.52714285714288,158.301670251654,16933.684057267652,16658.76104506865,70.03858413017953,66.88463685940673,118.01812859253327,20762045750.574474,6.184152504838437,3.333943992026593,2.850208512811844,124.79108749878462,218.8132,21.6737,-1.9742199672672314,0.39128669400155486
2017-07-31,158.98642857142858,160.52411421810012,17493.684057267652,16984.017390600984,78.56313257010126,72.62831748432507,119.0967660206826,22547696898.16822,6.929189896310874,4.05299317288345,2.876196723427424,125.0984620836802,223.3107,22.5468,-2.2959740535778144,0.36476636832937936
2017-08-31,161.5842857142857,163.27556565568676,18112.5554740958,17513.307862877034,79.23163478540431,72.5038660098144,120.22683070026896,24387207725.05375,7.927732697079165,4.827941077722593,3.099791619356572,125.52022471401312,223.9623,22.853,-2.42619653313026,0.45680420162116037
2017-09-29,164.37357142857144,165.9481569015952,18328.62737642585,17978.2889692631,80.57948316366486,73.0836975922603,121.45969408626358,26286840981.14823,8.792029960392455,5.620758854256565,3.1712711061358894,125.94614262074616,228.4731,23.6366,-2.585011312167693,0.5427217961887136
2017-10-31,166.97714285714284,168.74706931471584,18691.089417555373,18377.42408935901,79.75510204081634,73.26148415778744,122.7105002045383,28188402870.60809,9.657766791075034,6.42816044162026,3.229606349454774,126.3300785985818,233.8568,22.1374,-2.648144649677867,0.6000128988199612
2017-11-30,170.4442857142857,171.9821267394204,19298.2649836192,18772.66059253348,89.59216965742256,80.35549145924523,124.06989020044756,30147581213.008858,10.710207136583335,7.284569780612875,3.4256373559704603,126.7941748386557,241.0049,24.1211,-3.065034260312864,0.5939424937197114
2017-12-29,174.29571428571427,175.48050984083102,19819.552162937383,19269.63552137065,90.63913174555324,85.97853084223101,125.4646923964386,32150380169.61,11.828327553872356,8.193321335264772,3.635006218607584,127.38157685166276,243.9178,23.5259,-3.244872001864744,0.5987647640926357
2018-01-31,178.36285714285714,180.66710852872023,21435.37963733156,20184.39892796272,91.04671280276818,86.30974299381081,126.96539854850982,34212434947.93136,13.85866887734528,9.326390843680873,4.532278033664408,128.1504664120722,257.6648,24.7752,-3.5597491132421233,0.8139169254492603
2018-02-28,181.52142857142857,184.20482739155756,20717.31215048297,20657.41465025064,81.14084507042254,74.76511300187629,128.77849057753963,32120392588.19156,14.718695055253164,10.404851685995332,4.313843369257832,129.08384686819238,248.296,24.7263,-3.1631125573615435,0.9680101830219817
2018-03-29,184.04571428571427,186.2415170726832,19945.16122772976,20699.28433851476,72.78236204228985,65.86948156608813,130.55292076598883,30056429234.22328,14.608929866374666,11.2456673220712,3.363262544303467,129.84063780386714,241.4889,26.5205,-2.8905025818745225,1.1249181520384253
2018-04-30,185.6392857142857,187.2399814629921,19370.16122772976,20010.87820198083,64.67184006313298,58.88582310508596,132.20906235066906,28045941741.836395,13.897758509089527,11.776085559474865,2.1216729496146627,130.40024179644496,242.7369,27.1665,-2.660471532176275,1.2470777013637835
2018-05-31,187.41428571428568,187.8119839345932,19150.16122772976,19488.494561063093,66.90706218533134,50.80707578888727,133.62028110365569,26084928414.569164,13.00669538290785,12.022207524161464,0.9844878587463874,130.98224152627623,248.6376,28.2553,-2.6004909783891064,1.3375902476028192
2018-06-29,188.94571428571427,187.65705274331407,18662.16122772976,19060.827894396425,63.94018205461639,49.25372179800892,134.99607548158258,24188590882.047558,11.77105680390045,11.97197738010926,-0.2009205762088104,131.56571659687486,250.0686,28.2042,-2.4725258785373585,1.3389036889133739
2018-07-31,191.27357142857144,189.01877904420556,19783.883866086628,19198.735440515386,68.50653038046565,55.989858659916905,136.23095397195092,26128782499.64569,11.563863537682124,11.890354611623833,-0.3264910739417086,132.0952076651178,259.3328,28.2444,-2.799726641026004,1.3535203906754107
2018-08-31,194.0842857142857,191.64560850497813,20868.614268440146,19771.553120752174,70.75203037654256,57.03064642328934,137.5343348925119,28123902828.927685,12.135277775970536,11.939339244493173,0.1959385314773634,132.74687719185687,267.6106,29.4928,-3.073362432250479,1.4921709718300014
2018-09-28,196.88,194.6408607043144,21407.57451875372,20686.690884426836,70.68710359408036,58.575976955144775,139.01004819466166,30103686656.07064,12.874644740145529,12.126400343623644,0.7482443965218835,133.4355565980409,269.2025,26.6409,-3.1069442569010945,1.4975836817721984
2018-10-31,198.60285714285715,196.0594126104058,20524.645744267396,20933.611510487088,62.40230357877417,50.588923449688615,140.68984723076844,28168890595.917976,12.6028137891129,12.221683032721495,0.3811307563914052,134.29130528058465,250.5994,26.9234,-2.723472305543423,1.562250401908292
2018-11-30,201.09714285714287,199.0168242623517,21819.864313545724,21250.69485885561,66.16068122917437,52.12999530064752,142.35745028615307,30147474590.4149,13.280065166063252,12.433359459389846,0.8467057066734061,135.0406211325586,255.2479,28.3548,-3.0255295878789865,1.6840012616410078
2018-12-31,202.32857142857145,199.7052476940381,20413.864313545724,20919.458123786284,57.27548953409859,45.05452002188497,143.98070128043,28173267068.658974,12.537740003661838,12.454235568244249,0.0835044354175913,135.89473320319178,232.8023,25.4555,-2.474548552382797,1.61233517896135
2019-01-31,203.22357142857143,200.4832146681664,20549.301373346894,20927.676666812786,55.50672409246725,39.04356254861771,145.5728872548214,30218142936.201584,11.921756015983618,12.347739657792122,-0.4259836418085037,136.53937334343547,251.4418,27.4746,-2.645396350702836,1.8759223788824133
2019-02-28,203.44357142857143,200.5921193790776,20125.301373346894,20362.82235341317,51.36524822695037,39.35047883262684,146.82162950972497,28208920454.72868,10.9650533929767,12.071202404829036,-1.106149011852338,137.05651127113495,259.5925,28.5762,-2.6034773517441687,1.9106307501982034
2019-03-29,202.48,200.63183679520057,20084.301373346894,20252.96804001357,43.04997424008243,32.644585521883684,148.07319691953046,26224549461.40876,10.057835629732182,11.668529049809669,-1.6106934200774852,137.61448836689985,264.2856,27.446,-2.3628140270553573,2.020009646655475
2019-04-30,203.1592857142857,202.77559188917385,21666.301373346894,20625.301373346894,54.499006528526834,39.12674326508801,149.26673298113985,28268003320.263927,10.49442757442975,11.433708754733685,-0.9392811803039348,138.07447521267412,275.0823,28.9236,-2.8615918209617943,2.044286875838257
2019-05-31,203.0121428571429,202.0615129706173,19737.301373346894,20495.96804001357,49.12161009721985,39.316240893727205,150.62779832151705,26310615357.242096,9.178088755324609,10.98258475485187,-1.8044959995272605,138.63824101491562,257.54,28.4342,-2.507069551125068,1.90921078345826
2019-06-28,204.4007142857143,203.542644574535,21312.301373346894,20905.301373346894,57.63790664780763,45.26508890826709,151.9984423550867,28338677745.99629,9.298585820067643,10.645784967895024,-1.347199147827382,139.11102614032862,275.4629,30.3175,-3.018978349203341,2.000543799366197
2019-07-31,205.39357142857145,203.794291964597,20538.301373346894,20529.301373346894,55.23343373493976,51.38243382175239,153.22507350798497,26367704354.5056,8.669589664865498,10.25054590728912,-1.580956242423623,139.56543102498247,279.6277,30.3806,-2.981098762874078,1.896567519376118
2019-08-30,206.59071428571428,203.74305303598405,20336.15723598436,20728.91999422605,56.44913036786208,51.062017946697,154.49217203782527,24359677467.14962,7.916848065606103,9.783806338952518,-1.8669582733464145,140.12820502217122,274.9458,31.4745,-2.9378924111746647,1.8748597622684806
2019-09-30,207.31571428571425,204.31331263118616,20797.09876218067,20557.185790503976,54.11497608043461,51.19904832196692,155.54192859706876,26374620417.952435,7.60462204834468,9.347969480830953,-1.7433474324862708,140.6183130652026,280.3014,31.4687,-3.0456144111490375,1.976308951211861
2019-10-31,207.5914285714286,205.41553761369468,21253.09876218067,20795.4515867819,51.649008885851,50.96060776888035,156.72269002512738,28453396290.564617,7.637098849084651,9.005795354481691,-1.3686965053970397,141.11123462674234,286.4974,31.6018,-3.1597084563778384,2.0980429197277384
2019-11-29,208.0335714285714,207.4001325985354,22025.09876218067,21358.432095514003,52.59277875513111,50.62824378207499,157.86243622462484,30559868287.650223,8.191351626313008,8.842906608847954,-0.6515549825349467,141.62479408554532,296.8681,33.195,-3.4084135358159875,2.263154729005903
2019-12-31,209.54928571428573,209.94678158539736,22645.58272015191,21974.593414837756,59.088572897036144,59.00407973932676,159.17258750013235,32722878679.579445,9.026833413300324,8.879691969738428,0.147141443561896,142.22015006786572,305.4872,34.0766,-3.7771592369404092,2.2488407562487365
2020-01-31,209.99142857142857,211.87787737401104,22438.910788837617,22369.864090390067,52.9239489844119,58.703483458484335,160.5537357501297,30589209006.0407,9.4134150593639,8.986436587663523,0.4269784717003766,142.8206534400363,305.3638,37.0548,-3.739452153115377,2.3548690440966804
