Date,Pos_lag1,Pos_lag2,Pos_lag3,Pos_lag4,Pos_lag5,Neg_lag1,Neg_lag2,Neg_lag3,Neg_lag4,Neg_lag5,Neu_lag1,Neu_lag2,Neu_lag3,Neu_lag4,Neu_lag5
2010-01-08,-0.33779782,-0.39718884,-0.7712724,-0.5858476,-1.3880105,-0.2704379,-0.50976807,-0.42767024,-0.055187937,2.037136,1.0328085,1.3113029,1.645177,1.0747739,0.18480477
2010-01-15,-1.1123719,-1.157942,-1.2955565,0.3918112,-1.7184637,1.240757,1.1561905,1.2176169,-1.2187762,2.3086138,0.65902907,0.7896437,0.94767237,0.8919244,0.31172478
2010-01-22,-0.917268,-0.6137144,-0.896956,-0.61389804,-1.309655,0.5111289,-0.015121283,0.964131,-0.12646742,1.1440094,1.0494919,1.1029521,0.3852224,1.1755158,1.1617658
2010-01-29,-0.7109758,-0.6870802,-0.3731757,-0.9055668,1.2783562,0.31076705,0.44228694,0.38622436,0.8599126,-1.3622904,0.9847739,0.85609585,0.2643853,0.70226365,-0.96273094
2010-02-05,-1.1393971,-1.1034064,-0.3799293,-0.44672346,-0.20070101,1.5274583,0.92414474,-0.72880256,0.046398852,1.2504122,0.18143865,0.8715331,1.6278749,0.89662045,-1.4713306
2010-02-12,-0.94588834,-0.91104066,-0.49844614,-0.51797557,-0.8912386,0.65586036,0.49777517,-0.3539213,-0.18826512,0.41455585,0.8769231,1.032797,1.444767,1.0213157,1.1304411
2010-02-19,-0.53131276,-0.88423055,-1.0728366,-1.0144169,-1.3347324,0.3968079,0.6593063,0.70638806,1.2717321,2.058052,0.59209955,0.69730496,1.1399919,0.30894253,0.22594611
2010-02-26,-0.99645936,-1.0767252,0.0800004,-0.5905465,-1.2523582,0.6021556,0.68871546,0.03545946,-0.03175268,-0.22342682,1.0850348,1.1657748,0.20866701,1.2915609,2.1794424
2010-03-05,-0.8380085,-0.6166827,-0.30217946,-1.0829177,-0.5008753,0.90218645,0.56682444,-0.14879961,1.2485437,0.39909562,0.5493773,0.52461517,0.94502926,0.5104899,0.3669996
2010-03-12,-0.741546,-0.6676773,-0.9327116,-0.077022165,0.79371893,0.29797694,0.39415005,0.105791286,-0.92651945,-0.9938836,0.9938486,0.96144783,1.4108953,1.2266209,-0.2465626
2010-03-19,-0.21175162,-1.0119269,-0.4574549,-0.68614244,-1.1817839,-0.37318566,0.8347231,0.8966296,0.3504657,1.8852137,0.8843269,0.8490558,-0.095944844,0.79250747,0.21729015
2010-03-26,-0.5727794,-1.1814774,-0.613183,-0.67433864,-0.019749224,0.10489823,1.2106577,0.051906984,-0.10949188,-0.5041113,0.8389974,0.72138464,1.1868949,1.4049027,0.8325184
2010-04-01,-0.6415186,-0.4509739,-1.1389471,-1.1943345,-0.9798909,0.12105125,0.70641285,1.0837517,1.7644167,0.581382,1.1664897,-0.09921674,0.66138476,0.15534228,1.0412563
2010-04-09,-0.5116196,-0.7427209,-1.0587444,-0.9704062,-0.38237384,0.12571876,0.8893527,0.95429873,0.9381509,0.13949354,0.83082837,0.45009917,0.89892304,0.57063276,0.77134633
2010-04-16,-0.48987395,-1.1640046,-0.41257533,-0.39445063,1.6412799,0.40804648,1.4145651,-0.42571065,-0.0826593,-2.4609005,0.59924334,0.41099793,1.3836256,0.8597307,-0.05606359
2010-04-23,-0.045939807,-0.9449295,-1.2684985,-1.10026,-1.3568563,-1.0423183,0.8048549,1.4245604,1.1305071,2.0769975,1.5769299,0.8926159,0.8320172,0.6824204,-0.041963607
2010-04-30,-0.6337616,-0.39175573,-0.7371969,-0.7267128,0.34601462,0.80496585,0.1461828,-0.33249965,0.33084685,-1.1626787,0.4003341,0.6028536,1.668824,1.0285205,0.7371298
2010-05-07,-1.005003,-1.1464093,-0.9548384,-1.0509909,-0.7483639,0.8678582,0.7155826,0.50850886,0.20633547,0.4985592,0.8720581,1.2052684,1.1638924,1.503397,0.79648674
2010-05-14,-0.7141728,-0.8177501,-0.30756977,-0.7605521,-0.012592137,0.563492,0.8328678,-0.41776976,0.502249,0.09370456,0.42139864,0.4695195,1.2971098,0.8764547,0.074940234
2010-05-21,-0.72587943,-0.7517906,-1.0356785,-0.6395688,-0.09188112,0.8134548,0.68010294,0.9937328,0.34675857,0.1438142,0.4588306,0.6400861,0.93212736,0.76840067,-0.035851642
2010-05-28,-0.68251693,-0.29700857,-0.8953275,-0.8036609,-1.3520385,0.31763774,-0.0046356143,0.5155455,0.28030184,2.2529824,0.98102176,0.6605633,0.9222646,1.1441607,-0.34340766
2010-06-04,-0.7960215,-1.1354563,-0.51578856,-0.46040702,-0.8587057,0.36103296,1.376335,0.23513398,0.0720623,0.43086046,0.90471804,0.6732002,0.56718624,0.8174136,1.1055126
2010-06-11,-0.3747905,-0.4467824,-0.7487277,-1.3901798,-1.4639474,0.41326165,-0.28496408,0.3252595,1.4577006,1.835778,0.10372834,1.0686461,1.0404971,0.7013324,0.74348265
2010-06-18,-1.2013355,-0.099705346,-0.71208435,-0.5779349,-0.92873114,1.0500549,-0.46945274,0.9067085,0.31505466,0.2363867,0.9669689,0.74856895,0.320194,0.7569542,1.3324938
2010-06-25,-0.86269337,-0.59895927,-0.59042615,-0.82736635,-0.86619985,0.8605481,0.25208515,0.56365603,0.80758154,-0.13949545,0.59457093,0.87453073,0.515244,0.7100878,1.8401009
2010-07-02,-0.40885472,-1.2251346,-0.7879455,-0.70645803,-0.62601423,0.16693689,1.2696135,0.43034825,0.22685717,0.33050343,0.7007843,0.70294565,0.89246,1.1403836,0.7635477
2010-07-09,-0.93981296,-0.652406,-0.6295204,-0.69835174,-1.0554128,0.48066112,0.15117817,0.1688074,0.17715101,0.67070735,1.1406304,0.9701294,1.1036509,1.1052556,1.168192
2010-07-16,-0.8350848,-0.767448,-0.781575,-1.020696,-1.1089636,1.3281598,0.45705813,0.2724682,0.4488093,1.0261059,-0.20950781,0.95412797,1.2329293,1.2510839,0.8173507
2010-07-23,-0.704205,-0.6480574,-1.116982,-0.51667976,-1.4516488,0.77482736,-0.20162764,0.27072588,-0.16416498,2.2260053,0.42950076,1.4419942,1.6397341,1.1786112,-0.067616016
2010-07-30,-1.0387261,-1.1032685,-0.52363926,-0.9573733,-0.9460495,0.80790067,1.2684985,0.3023064,1.2071099,0.74693,1.086417,0.51653886,0.56714034,-0.011328598,1.0044783
2010-08-06,-0.11800431,-0.7228109,-1.3721,-1.0503931,-0.43482375,-0.10372783,0.7414031,1.039246,1.1160715,-0.44899338,0.51027894,0.48653182,1.314913,0.64709854,1.3187703
2010-08-13,-0.3685177,-1.019407,-0.8895029,-1.076645,-1.1599803,0.21098322,0.5366752,1.1336151,1.0909547,0.0077591413,0.41531292,1.0745729,0.1885698,0.7248853,1.9899201
2010-08-20,-0.62744,-0.7957946,-1.0430219,-0.49548173,-0.90195453,0.51970875,0.17664126,0.88928777,0.16256441,0.95492357,0.6984524,1.1455562,0.8912778,0.7418265,0.3512781
2010-08-27,-0.6265285,-0.3434873,-1.0829911,-0.6097185,-1.2083874,-0.30701017,0.10309306,1.812779,0.19522738,1.6493218,1.4845145,0.48247242,0.37162614,0.9839199,0.5507584
2010-09-03,-0.45564532,-0.1360568,-0.5991646,-0.4772892,0.0128613515,0.03439073,-0.93361527,0.6817811,-0.14275236,-0.588583,0.8502109,1.5228096,0.24379034,1.0816221,0.96385765
2010-09-10,-0.790465,-0.85410005,-0.2458019,-0.21910226,-1.0598263,0.42183957,0.43505868,-0.55685544,-0.41108707,1.4036344,0.95825344,1.0217986,0.977462,0.8993985,0.30809385
2010-09-17,-0.854803,-0.8274952,-0.431424,-0.6722346,-0.44894788,0.9286235,0.96492374,0.28031707,0.21029836,0.15684989,0.533806,0.32501644,0.28027922,1.0014032,0.594223
2010-09-24,-0.9057911,-0.30932438,-1.0834347,-1.312124,-0.9950969,0.7029268,0.20496854,0.7274484,1.1490207,0.53558725,0.86777604,0.5390876,1.0178474,0.84190226,1.0853549
2010-10-01,-0.87930286,-1.2247063,-1.215573,-1.2069,-0.8515643,1.1747046,0.8334673,1.1413198,0.98985225,0.5516497,0.30897006,1.2166238,0.90617234,1.0885501,0.9449467
2010-10-08,-0.5711855,-1.0874491,-0.49236014,-1.1508071,-0.82111925,0.049938913,0.94948566,-0.0006512233,1.4282025,-0.045225043,1.0439954,0.8224295,0.89393646,0.59241754,1.4801275
2010-10-15,-0.93119925,-1.0571961,-0.3054481,-1.11943,0.3225137,0.4382951,0.7700997,0.08052374,1.0156813,-0.87440395,1.2049985,1.0577449,0.6775656,0.7968691,0.40821546
2010-10-22,-1.1181204,-0.90607506,-0.6228918,-0.5110191,-0.08044469,1.025019,0.73231995,0.3296682,-0.09437059,0.41579902,0.7913423,0.844744,0.8434801,1.0356916,-0.4098222
2010-10-29,-0.5985209,-0.1978037,-0.5966824,0.038716543,-1.7645339,-0.188027,-0.39321318,0.6360273,-0.7889646,2.753854,1.1861185,0.8009581,0.36787844,0.826007,-0.29617113
2010-11-05,-0.19794783,0.5251291,-0.32851687,-0.7120909,-1.2225152,-0.23422252,-0.7069171,0.6952691,-0.12178842,0.017232457,0.6959248,0.24267918,0.09002168,1.321316,2.0786443
2010-11-12,-0.9484897,-0.78792894,-1.0599227,-0.6800209,-0.9640338,0.012411853,0.53871757,0.8262482,0.83621854,0.4660103,1.6632859,0.9334583,0.9144611,0.31102163,1.1100706
2010-11-19,-0.89571846,-0.7514912,-0.6289654,-0.7677359,0.07058096,1.261785,0.40560877,-0.31465152,0.0043423846,-0.5303344,0.20116939,0.7459492,1.4357327,1.4426589,0.8990307
2010-11-26,-0.30995303,0.11014949,-0.5030581,-0.7498819,0.20864251,-0.4295711,-0.034841243,0.6550243,-0.087463334,-0.6856343,1.015368,0.27308553,0.37485436,1.4300588,0.55883485
2010-12-03,-0.05402873,-0.8281609,-0.3852771,-0.54727304,0.23185895,-0.86576855,0.38516927,0.037914492,0.03638758,-1.314437,1.2999364,0.9984951,0.7086471,1.0608267,1.3813031
2010-12-10,-0.66426045,-1.6516404,-0.41356063,-1.1821098,-1.5905424,0.06905398,2.3764784,0.81102765,1.4681869,1.831924,1.2664908,0.3541471,0.033734825,0.4422166,0.69939506
2010-12-17,-0.6488243,-0.8738086,-0.5566342,-0.93214816,-0.34498134,0.608992,0.07953504,-0.1875965,1.0526751,-0.13132367,0.60435843,1.3174499,1.3155396,0.41911742,0.7948684
2010-12-23,-0.3923492,-0.046918012,-0.44147813,-1.0806967,-1.0746912,0.09318143,-0.044319678,-0.29834133,0.8932888,0.75493217,0.57350916,0.24833953,1.1191885,0.75021476,1.123301
2010-12-31,-0.9213085,-1.2559528,-1.1304129,-1.3241663,-0.9474564,0.55236024,0.830582,1.1901735,1.5019891,0.32781705,0.9649356,1.3786393,0.6509211,0.70468956,1.2216377
2011-01-07,-0.658447,0.16847318,-0.80599415,-1.2722671,-0.32688707,0.20569903,-0.879538,0.71296304,1.0303094,-0.4374721,0.951921,0.9787558,0.6742554,0.67548954,1.2426957
2011-01-14,0.012958899,-1.2128974,-0.8833697,-0.93499386,-1.2667384,-0.3665551,1.1428853,0.74004453,0.396346,2.093403,0.60806125,0.8982006,0.7649597,1.2492852,-0.16370662
2011-01-21,-0.9113554,-0.28053764,-1.3172307,-0.95505214,-1.4047306,0.5884662,0.041583825,1.595472,1.2391733,1.4789526,0.8850297,0.7455842,0.47522652,0.31519815,0.82775986
2011-01-28,-0.6979827,-1.4950991,-0.70416003,-1.0576148,-0.14210236,0.7376393,1.8819022,0.57383776,1.0363998,-0.45306522,0.49067917,0.26588413,0.6438602,0.83945847,0.96317387
2011-02-04,-0.7675159,-1.2379172,-0.5721035,-0.5394715,-1.3024995,1.3396045,0.7004445,0.7797885,0.20123054,1.8338151,-0.07217296,1.3822811,0.07394656,0.7476205,0.35698935
2011-02-11,-1.4177591,-0.86195457,-0.7540171,-0.46397287,-1.3491974,1.5781751,0.73059595,0.7201575,-0.20704915,1.7980647,0.8408631,0.76104856,0.7005367,1.2040701,0.5118978
2011-02-18,-0.9258842,-0.4502114,-0.6042423,-0.36860573,-1.11443,0.3829905,0.29824203,-0.04829393,0.18282646,0.25400072,1.2293067,0.7278267,1.1776628,0.59962124,1.6229359
2011-02-25,-0.87484366,-0.6755295,-0.8119359,-0.6390576,-1.0462407,0.9994918,0.038056057,0.5496763,-0.42283878,0.77932256,0.5380535,1.1986662,0.6301583,1.5613835,0.957367
2011-03-04,-1.4180062,-0.9189555,-0.64823234,-0.54083127,-0.1307107,1.1767346,1.0531231,0.8434735,0.5223115,-0.32922342,1.2150896,0.46550757,0.3752314,0.46017268,0.5078707
2011-03-11,-1.0532249,-0.47660667,-0.6568871,-0.916148,0.6004972,1.2010765,0.15351789,0.063180804,0.81111765,-1.8354936,0.43362445,0.7583467,1.101577,0.46191818,1.1898261
2011-03-18,-0.09673642,-0.7408947,-1.098696,-1.3506964,-1.2915,-0.37066507,0.1895582,0.59039974,1.5491391,1.8705916,0.84065497,1.1558809,1.2936358,0.5155573,0.07847516
2011-03-25,-0.5646855,-1.4174248,-0.45680737,-0.80473995,-0.9514798,0.3275611,1.5477501,0.03543074,0.88047475,0.85807186,0.73852164,0.7053077,0.84386766,0.6172589,1.0409501
2011-04-01,-0.9027265,-0.47961769,-1.0228816,-1.4888965,-0.80871433,0.48301697,0.7022097,1.0055774,1.7199225,0.6990948,1.0840765,0.20058653,0.79645485,0.85500646,0.5164085
2011-04-08,-0.79947996,-1.3712451,-0.82506317,-0.97062093,-0.54858994,-0.042442102,1.1455872,0.5618835,0.68204427,-0.010947108,1.5837388,1.0872267,0.98389566,0.9034339,1.0286983
2011-04-15,-0.73294294,-0.4823019,-1.036344,-0.45011464,-0.68890285,0.2217445,0.5609682,0.17648448,-0.24904954,0.5223156,0.99676394,0.41317263,1.5665631,1.002242,0.7929361
2011-04-21,-0.88142025,-1.0145315,-1.0938561,-0.72516984,-0.8100907,0.5004032,0.8665481,1.1555908,0.30446744,0.23658907,1.1198488,0.77719367,0.531738,1.127027,1.2769052
2011-04-29,-1.0392525,-0.7918142,-1.5604131,-0.3992879,-0.6557276,0.8127491,0.18591307,1.9192972,-0.49006316,0.42155564,0.94122875,1.1797731,0.4721812,1.3706584,0.58593535
2011-05-06,-0.8701831,-0.2190527,-0.17485191,-0.026974356,-1.3166585,1.0959563,0.21566568,0.0014835695,-0.3363102,1.3576678,0.17802498,0.4484097,0.6895336,0.7085023,0.5936395
2011-05-13,-1.3591791,-0.5048932,-1.2015758,-1.2003744,-1.4276129,1.014141,0.03031959,0.689575,1.3714027,1.9717563,1.361839,0.98600286,1.3188192,0.68426424,0.17288157
2011-05-20,-0.68119204,-0.88952124,-1.2966139,-1.5286142,-0.56848603,0.61057556,-0.41207573,1.0412146,1.9661579,0.087909855,0.6595713,1.9951913,1.1929646,0.4334776,1.0556637
2011-05-27,-0.5219072,-0.63058335,-0.7460742,-0.9159558,-1.1208923,0.027449036,0.7121012,0.5326413,0.896769,1.1364402,1.080545,0.3225659,0.7696937,0.41009492,0.9394962
2011-06-03,-1.0632023,-0.8534877,-0.7891086,-0.6191276,-0.9131224,1.0479794,0.9281247,0.7981419,0.5900344,0.5365415,0.58541435,0.4494862,0.6261081,0.40225783,1.2358413
2011-06-10,-0.5866761,-0.8734677,-0.56882757,-0.9772415,-0.014389867,1.0420933,0.40796852,0.5672934,0.48107663,0.44239122,0.034651972,1.0815302,0.63593775,1.100704,-0.25064832
2011-06-17,-1.4205352,-1.259579,-0.40446505,-0.94432175,-1.1980445,1.592821,1.5231546,-0.44166604,0.46462432,1.2787097,0.6672037,0.5224128,1.2873318,1.2570893,0.8327834
2011-06-24,-0.88501227,-0.65506333,-0.04590457,-0.24224883,-0.56024283,0.29312918,-0.009982303,-0.44705224,-0.540833,-0.03276052,1.1069444,1.225938,0.8528206,1.2532666,0.92046624
2011-07-01,-0.58002824,-0.63097274,0.21123526,-0.049130853,-0.8449157,0.63810235,0.44688162,-0.2506992,-0.51763344,0.76821244,0.4983722,0.5321195,0.04125895,0.7795333,0.7730899
2011-07-08,0.06333433,-0.93297815,-1.2056533,-0.80104774,-1.019914,0.2646769,0.4969127,0.8300653,-0.19947295,1.4991004,-0.300225,1.2428236,1.3076866,1.5322466,0.16783068
2011-07-15,-0.6818995,-1.1952906,-0.9044275,-1.080451,-0.8936192,0.4044595,1.4407759,0.9642533,1.202179,1.2216519,0.76760983,0.29954377,0.64911896,0.68368423,0.19276649
2011-07-22,-0.13356589,0.09714142,-0.664488,-1.0695719,-0.81887895,0.20971496,-0.94332856,0.28695297,1.2277243,0.48565096,0.1427095,1.0156951,0.9896933,0.53349084,0.9832634
2011-07-29,-0.60677093,-0.8871265,-1.312359,-0.9368076,-0.99574095,-0.10980205,0.9410275,1.8511119,0.3442266,0.28816527,1.2094417,0.39021438,0.25463662,1.2160083,1.3912511
2011-08-05,-0.17717265,-0.98794657,-0.5234939,0.37970775,-0.61844844,0.5349438,0.4010437,0.18983658,-0.5335483,0.9091811,-0.28513998,1.317228,0.7649901,0.27808994,0.16821936
2011-08-12,0.17057045,-1.1826373,-0.7812858,-1.0113344,-0.23795494,-0.346951,0.9630377,0.8843669,0.96214765,0.27753884,0.07179261,0.97825086,0.44764945,0.55949974,0.23516718
2011-08-19,-0.9388824,-0.32445434,-1.1953602,-0.4227853,-0.6316798,1.2301459,-0.4702603,0.88504535,0.10048525,0.26925278,0.32445878,1.1726439,1.2762828,0.60348594,0.9793615
2011-08-26,-0.39748582,-0.71689725,-1.1360489,-0.9305074,-0.45000342,-0.24112403,0.25829393,1.2272209,0.4718054,-0.7278049,1.1276467,0.8967914,0.6624629,1.01526,1.6803023
2011-09-02,-1.3834879,-1.2676553,-0.29131365,-0.69157815,-1.5013051,1.4356672,1.3272396,0.05278679,0.5200488,2.3576422,0.95283276,0.8581529,0.5132186,0.77236843,-0.16119395
2011-09-09,-0.5996907,-0.8294265,-1.42837,-0.41631958,-1.1265352,0.3207622,0.31056866,0.9949507,-0.036423862,1.5962794,0.8029686,1.1212586,1.3577902,1.037987,0.21857077
2011-09-16,-0.68052405,-0.9447426,-1.1083272,-1.2466754,-0.5241538,0.12284394,1.0071448,1.1478438,0.8700992,0.43162107,0.9585113,0.47592983,0.6845331,1.1371341,0.3359202
2011-09-23,-1.1061214,-0.14317404,-0.8099003,-0.2208891,0.051329743,1.1340601,-0.039525967,0.102254406,-0.7673749,-0.070296556,0.7086221,0.38078442,1.1979514,1.2558149,0.08516845
2011-09-30,-0.89703435,-0.7797541,-0.4909027,-0.3901581,0.18756394,0.3752699,0.383587,0.40370932,0.3727638,-1.6002347,1.0774438,0.8662153,0.43800288,0.32033262,1.7632737
2011-10-07,-0.8155674,-0.9343018,-1.2823558,-0.87462234,-1.048358,0.47366557,0.8706851,2.0621102,0.30632132,-0.058971293,0.99604166,0.7363856,-0.1325281,1.2074698,2.033017
2011-10-14,-0.9969472,0.2760087,-0.18280362,-0.9978714,-1.2281859,1.0504217,-0.45082372,0.0153151555,0.59018517,2.2066963,0.8316844,0.124776654,0.5167907,1.0976672,-0.21400124
2011-10-21,-0.9560798,-1.1618177,-1.025732,-0.6662986,-1.0040267,0.4144919,1.1573982,0.5770526,-0.1186292,0.48001415,1.1601424,0.7388133,1.2117956,1.2846411,1.2473767
2011-10-28,-0.32955858,0.025474682,-0.51282287,0.1131003,0.024960786,-0.017401325,-0.5062048,0.0007964,-0.8263525,-0.33377653,0.7011333,0.6176563,0.8509532,0.9330463,0.51091194
2011-11-04,-0.96850425,-0.88107705,-1.4079032,-0.86188143,-0.38875505,1.0191724,0.75791836,1.6101849,0.5468958,-0.37412295,0.5710114,0.67294204,0.6965773,0.9702293,1.1424137
2011-11-11,-1.3678886,-1.1746879,-1.0563068,-1.0326717,-0.87565786,1.8250494,1.2371659,1.2681097,1.0863055,1.015417,0.4943974,0.6934153,0.62093115,0.7295123,0.3418764
2011-11-18,-0.9118599,-0.9681354,-0.4798417,-0.9966308,-0.7245683,1.1410674,0.5839428,-0.75756544,0.47773176,0.33036825,0.38706043,0.99618477,1.6862315,1.2371202,0.980579
2011-11-25,-0.85143965,-0.9935477,-1.1247915,-0.9945819,-1.0172911,0.6785405,1.4379354,1.4557828,0.93411434,1.882878,0.6651393,0.15746628,0.23789436,0.8474529,-0.27740806
2011-12-02,0.08163178,-0.51017934,-0.8840268,-0.6346259,-0.6906996,-0.9596573,0.58724546,0.9079306,0.9266007,0.432113,1.1516725,0.1145637,0.5733845,0.23175405,0.84202987
2011-12-09,-0.7775189,-0.09649793,-0.3335479,0.09855124,-0.62075484,0.77088624,-0.6123653,0.46235287,-0.81517154,-0.010128458,0.58710176,1.1688578,0.17872047,0.9040207,0.9223549
2011-12-16,-0.6898244,-1.0629427,-1.0465032,-0.47123152,-0.31945965,0.33654627,0.41660532,1.4029826,-0.077822745,-0.4470368,0.9071946,1.3626031,0.43931577,0.77229375,1.1645511
2011-12-23,-0.41141385,-0.470877,-1.3142189,-0.7665701,-1.1442747,0.71849895,0.04589461,1.5828336,0.5571778,1.2254945,0.049836446,0.799915,0.57601565,0.79571277,0.78238505
2011-12-30,-0.50739026,-0.92908466,-1.245503,-0.53521585,-0.40951842,0.7270408,0.22833483,1.1444119,-0.2286876,0.48771593,0.01482321,1.4500114,1.0460689,1.1915174,0.30620378
2012-01-06,-0.939235,-0.28251162,-0.2768776,-0.53534967,0.58535624,0.7730085,0.10210717,-0.9021586,-0.02918502,-0.48136258,0.9740392,0.37399766,1.5608114,0.9756807,-0.14269264
2012-01-13,-0.89285165,-0.6047895,-0.6517294,-1.198434,-0.55695117,0.5772543,0.24089004,0.12824897,0.82870775,0.18687646,0.9643503,0.8570153,1.2049658,1.2820338,0.86285293
2012-01-20,-1.2487235,-0.08406813,-0.66267663,-0.57807636,-1.7430168,1.4426116,-0.81603825,-0.100876704,0.327394,2.827223,0.5523311,1.0722535,1.3661027,0.7044394,-0.5108488
2012-01-27,-1.1024227,-1.0394411,-0.4590843,-0.7944222,-0.8010773,1.0597887,1.2841835,0.08840246,0.90056026,0.6315526,0.8707886,0.23573142,0.9644524,0.4820733,0.8200358
2012-02-03,-0.4853525,-0.5157858,-0.704474,-0.79099953,-1.2661165,-0.9285596,0.39633784,0.868046,0.09561845,-0.12792839,1.9683182,0.40582755,0.39201415,1.3095942,2.12008
2012-02-10,-0.3732506,-0.10085556,-0.5480827,0.1669334,-0.6807488,0.69861746,-0.5027052,0.26795986,-0.08563894,1.051144,-0.0797644,0.74189544,0.6774475,0.084419884,0.0042557456
2012-02-17,-0.8508829,-1.6133797,-0.23782818,-0.30591303,-0.9527649,0.3478248,2.1963687,-0.1568475,-0.09833498,0.3432516,1.0620856,0.22385174,0.5875405,0.86153084,1.157862
2012-02-24,-0.64129215,-0.5388951,-0.7753917,-0.7815441,-0.8930005,0.4879126,0.34344256,0.7286232,0.26760787,-0.23278935,0.77335596,0.6120975,0.5139353,1.2058693,1.8551625
2012-03-02,-0.45409012,-0.6451583,-1.1348013,-0.90089566,-1.2136418,0.019636711,0.6212198,1.0383973,0.9682621,1.2008364,0.98267555,0.5761054,0.9495086,0.56102765,0.7382548
2012-03-09,-1.4516306,-0.73440284,-0.99127686,-0.09088401,-0.36810142,1.3043238,1.1695238,0.5375059,-0.53718436,-0.31649286,1.0647479,0.106173,1.246636,0.8334498,1.1268784
2012-03-16,-0.7030415,-0.71937394,-0.7490928,-0.8560306,-1.2003926,0.8367384,0.107289806,0.408072,9.245343e-06,1.8127401,0.31345308,1.0703434,0.8597503,1.463122,0.28506216
2012-03-23,-1.0960513,-0.526782,-1.0752504,-0.60820615,-0.08418933,0.75058913,0.7812341,0.5718285,0.25369427,-0.3941168,1.0990949,0.30591103,1.2847203,0.85483414,1.1529967
2012-03-30,-0.63770854,-1.038269,-1.0648284,-1.1075406,-0.38735315,0.5976857,0.37780827,0.8913728,0.6906117,-0.9496994,0.38665184,1.4153697,0.80087286,1.0962005,1.8791493
2012-04-05,-0.76260644,-1.101222,-0.89193845,-0.057452135,-0.5092478,0.18170974,0.5876541,0.16204771,-0.36803725,-0.19410415,1.1898069,1.3331283,1.4587473,0.46014255,1.2423093
2012-04-13,-0.75221527,-0.96584374,-0.78196967,-0.7627601,-0.6842538,1.0655725,0.6623908,0.42930105,0.4423936,0.026575431,0.21095632,1.0305843,1.0086278,0.9550523,1.3172364
2012-04-20,-0.31722298,-0.745002,-0.699561,-1.194147,-0.8237781,-0.17310636,0.69390523,0.42959696,1.0966625,1.583976,0.8416033,0.63570577,0.75266176,0.7538956,-0.32010385
2012-04-27,-0.5100855,-1.1246583,-0.62258774,-1.0894645,0.41428983,0.6371804,0.7306022,0.81394136,0.39784986,-0.5022991,0.14354639,1.2392056,0.27872336,1.4261546,0.09287342
2012-05-04,-1.0868287,-1.2290996,-0.535106,-0.7186147,-0.7822214,0.6034677,1.1817455,0.16432357,0.6884267,0.46485358,1.3412001,0.5677183,0.8866261,0.5681528,0.91561276
2012-05-11,-0.30871737,-0.9479264,-0.89804256,-0.6230247,0.6591185,-0.42919004,0.5514828,0.77905303,0.09830347,-1.5956819,1.3682784,1.2867054,0.90850323,0.95912355,1.1209314
2012-05-18,-1.1768037,-0.745483,-0.89723104,-0.5221102,-1.4785836,0.8323713,0.6203601,0.4801835,-0.2280045,2.0236895,1.24727,0.7307992,1.1756066,1.2166667,0.111122005
2012-05-25,-1.2867442,-0.5662228,-0.001140058,-0.5858414,-0.98917985,1.4053594,0.20867118,-0.030298958,0.2855052,1.6037854,0.6343118,0.7775472,0.2990084,0.7663366,-0.029050976
2012-06-01,-1.0290004,-0.5089119,-1.1761488,-0.84590816,-1.2133927,1.3317716,-0.2188052,0.82875216,-0.06638032,2.0083752,0.48724172,1.1962956,1.0656353,1.5619593,-0.015819758
2012-06-08,-0.9510911,-0.28123763,-0.04728518,-0.6783034,-0.83701956,0.99900514,-0.26524252,0.21876854,0.32497174,-0.11655277,0.68137586,0.68797266,-0.05038289,0.8478292,1.7426513
2012-06-15,-1.081804,-0.99923974,-1.2692782,-0.6279906,-1.1809075,1.0858775,0.18545896,0.947565,0.8175648,1.986047,0.6486517,1.6745124,1.2245705,0.23572762,-0.07435083
2012-06-22,-1.2778711,-0.71594334,-1.0989512,-0.8737216,-0.3925499,1.5710175,0.5065786,0.6213594,0.6785542,0.6742089,0.3217771,0.59473747,1.1619046,0.96178085,0.31334442
2012-06-29,-0.53813565,-1.1905863,-0.55582774,-0.3379028,-0.4417655,-0.28700426,0.6785686,-0.11946268,0.101982705,-0.28754294,1.3975586,1.3790226,1.1787856,0.63218176,1.1862344
2012-07-06,-0.72115314,0.13224787,-0.2194834,-1.257376,-0.13466306,0.15612455,-1.2787509,-0.54879254,1.2764145,-0.4718817,1.1346552,1.3945991,1.057962,0.7469675,0.87304753
2012-07-13,-0.36373344,-0.64930785,-1.3803154,-0.5872208,-0.26624787,-0.21261165,0.66080797,1.7317196,0.20300773,0.1885468,1.1871418,0.59149534,0.47995716,0.9875369,0.5144845
2012-07-20,-0.32137966,-0.5986321,-0.8772111,-0.83021957,-1.311363,0.66191345,0.45704034,0.9919477,-0.45781878,1.0607368,-0.03786432,0.6541126,0.47000277,1.798954,1.1360167
2012-07-27,-0.88188374,-0.85967046,-0.39051706,-0.8352736,-0.43960145,0.12641668,0.5550972,0.6183044,0.39693728,-0.9381033,1.3206375,0.8754954,0.094320655,1.1168492,1.8727008
2012-08-03,-0.84611917,-0.9504702,-0.5118506,-0.6314539,-1.1576087,0.5667952,1.1610107,-0.23412055,-0.3396673,1.0665734,0.7346674,0.2936101,1.1673456,1.6278452,0.8108132
2012-08-10,-1.2636844,-0.30727777,-0.79052687,-1.1356742,-0.37245739,0.95035344,-0.39235604,-0.11973671,1.4591452,-0.19141388,1.2361641,1.0201756,1.6677656,0.41956,0.96359974
2012-08-17,-0.32361645,-0.6390334,0.39883167,-1.2262422,-0.49539867,-0.73570675,-0.33760712,-0.8383211,0.84847444,0.28604236,1.6394967,1.5854673,0.45713526,1.2264962,0.58267367
2012-08-24,-0.28501418,-0.8798296,-1.1530142,-0.60458684,-0.96041954,-0.014723534,0.6380677,0.8717863,0.052398916,0.4675499,0.46118778,0.86617976,1.1940246,1.1102184,1.1836134
2012-08-31,-0.16981818,-0.8657386,-0.94206953,-1.1023904,-0.3679125,-0.19796483,0.050200403,0.742292,0.87221617,-0.3817695,0.7649854,1.6228868,0.78471667,0.8375101,1.1787047
2012-09-07,-0.27503717,-0.25476605,-0.6184635,-0.3447343,-1.0591161,0.008386831,-0.6625414,0.0065413704,-0.23005973,1.1651722,0.7311538,1.2805961,1.3321239,0.9292065,0.643544
2012-09-14,0.053678337,-0.8877344,-1.2733076,-1.3078078,-1.076272,-0.613869,0.7092255,1.6316919,1.7348516,0.43598732,0.8191127,0.9275252,0.399412,0.2674492,1.5182126
2012-09-21,-0.935483,-1.5088077,-0.78716815,-1.1289219,-1.067429,1.142819,2.2912972,0.61317533,0.48427293,1.0863718,0.46000308,-0.02472848,0.8011826,1.4965616,0.3261983
2012-09-28,-1.21739,-0.7860066,-0.87708163,-0.89865685,-0.69388324,0.85588664,0.5436113,0.92521197,0.6653869,-0.021327883,1.2484981,0.845619,0.5149556,0.8901857,1.5261055
2012-10-05,-0.6163111,-1.1801636,-0.63210285,-0.6835115,-0.6459487,0.217639,0.9775243,0.4587814,0.35867786,-0.24541377,1.156967,1.104908,0.71768075,0.9053191,1.4769344
2012-10-12,-0.66723824,-0.60386217,-0.30142903,-0.7582822,-1.6076972,0.5342538,0.14041959,-0.79058266,0.6993085,1.255269,0.65006495,0.984665,1.4906173,0.6451838,1.2222817
2012-10-19,-0.60703385,-0.75371015,-1.3507407,-0.9475017,-1.7423236,0.70567256,-0.14384654,0.77539575,0.4430259,2.5636792,0.5078208,1.5894198,1.4664166,1.0539242,-0.07405573
2012-10-26,-1.2666769,-0.9841475,-0.5709822,-0.9423139,-0.7278761,1.1554427,1.0441877,-0.053057637,1.2270474,-0.14555722,1.1398035,0.63548,1.1823903,0.40350133,1.5282143
2012-11-02,-0.7539879,-0.27073732,-0.94447035,-1.2981246,-0.8046927,0.6110797,-0.002337724,0.12150276,1.4098414,0.5162244,0.69062567,0.6813485,1.5167177,0.80252606,0.9625848
2012-11-09,-0.37861136,0.53754246,-0.57274806,-1.1371753,-1.1959313,0.18885294,0.097652666,0.34602797,0.591896,1.1426483,0.5524692,-1.005217,0.69754046,1.4146314,0.7413428
2012-11-16,-1.0018384,-0.66587883,-0.37285998,-0.52464676,-0.7007123,1.0147811,-0.027639495,0.31744605,0.2095302,0.036916096,0.6818507,1.371438,0.500989,0.7893545,1.3392631
2012-11-23,-0.2666581,-0.8921153,-0.7970244,-0.46925822,-0.16674851,-0.8600789,0.8716507,-0.27156916,-0.10552217,-1.0109881,1.507781,0.70522565,1.6414845,0.9321658,1.6625161
2012-11-30,-0.77707326,-0.4582879,-0.64874846,-1.0344049,-1.53275,0.52133715,-0.16233307,0.66939515,0.6419395,2.3762603,0.9301686,0.9061135,0.43343097,1.1429144,-0.097183324
2012-12-07,-0.39231282,-0.88160706,-0.81909657,-0.7871859,-1.3629527,0.011847675,0.30161572,0.35851023,0.1120734,1.6503156,0.7417197,1.3140253,1.1066997,1.2364376,0.7113081
2012-12-14,-0.24225825,-0.4766994,-0.8879412,-1.149403,-0.91628844,-0.14371628,0.49437454,1.1204083,1.0804738,0.7793716,0.87097603,0.31839126,0.40895763,0.7661922,0.71523845
2012-12-21,-0.61869043,-0.71837765,-0.24408628,-1.158064,-0.45435864,0.2315388,0.6143023,-0.6597924,1.0003691,0.24548881,0.9962931,0.78062737,1.4383882,0.98710716,0.89400315
2012-12-28,-0.6882282,-1.1296906,-0.80821997,-0.88752764,-1.0535305,0.6253625,1.209078,-0.15879478,0.20648547,0.57323354,0.4009124,0.5392643,1.4115593,1.3946335,1.2851456
2013-01-04,-0.83198076,-0.64731586,-0.5728745,-0.4094486,-1.0066748,0.935192,0.30609125,0.28340197,0.80099195,0.51694006,0.5803871,0.87576663,0.74238634,0.04692148,1.2336206
2013-01-11,-1.1542118,-0.73592806,-0.5895805,-0.49661684,-0.9093712,1.1663432,0.4301245,-0.3669317,-0.48193595,0.5949535,0.9438904,0.9537795,1.480441,1.4960697,0.9173936
2013-01-18,-1.1194972,-0.8695827,-0.91789436,-0.14646159,-0.69686186,1.1137763,0.74210936,0.37352675,-0.44146907,0.39324078,0.7340008,0.8970836,1.3210373,1.0692704,0.86624676
2013-01-25,-1.0440854,-1.0697448,-0.8006776,0.03327527,-1.0183614,0.5098398,1.4500479,0.9928905,-0.55137795,0.94683266,1.3341883,0.24611251,0.25742084,0.96361935,0.91133535
2013-02-01,-0.913641,-1.2599734,-0.42212096,-0.5131102,-0.83435816,0.8724022,1.5488722,-0.039497327,-0.18649967,0.51308846,0.668916,0.44806713,1.0798922,1.3064647,0.9162864
2013-02-08,-0.8829934,-0.6815394,-0.4488164,-0.7141891,-0.573552,0.18304199,-0.015077598,0.10511537,-0.039309923,-0.11157108,1.451179,1.2137146,0.74778616,1.3752273,1.2646205
2013-02-15,-0.4463378,-1.4194354,-0.25703946,-0.9324593,-1.261288,-0.22787233,1.2677712,-0.49009135,1.3326962,1.050711,1.1458223,1.1943725,1.2451127,0.13312554,1.2695265
2013-02-22,-1.1744641,0.35745344,-0.94155264,-0.48893267,-0.4434481,1.0777433,-1.7595117,0.23154856,-0.6148655,-0.06744987,0.78744316,1.4805905,1.5065243,1.6849816,1.1462402
2013-03-01,-0.43891534,-1.3775303,0.10064055,-0.23718087,-1.1505738,-0.015295481,1.8003796,0.085974336,-0.6633214,1.5894117,1.032767,0.3553802,-0.13007656,1.3484849,0.27512136
2013-03-08,-0.8075619,-1.3514563,-0.8595291,-1.3755212,-0.35230514,0.70266783,1.5210364,0.65229195,1.775032,-0.22429302,0.9033524,0.60801345,0.8211527,0.49427742,1.0978793
2013-03-15,-0.28850213,0.14295217,-1.109843,-0.57820815,-1.1462598,-0.19508885,-0.1375868,1.2944952,0.37327287,1.2566583,0.9146588,0.18832429,0.46701667,0.5340107,0.5258989
2013-03-22,-0.16140972,-0.4658963,-1.2045208,-0.9919614,-0.9505163,-0.33422393,0.28494507,1.3577217,1.3410304,0.23799379,0.99138975,0.6650204,0.5459478,0.35145402,1.3103522
2013-03-28,-0.91116375,-1.0631069,-0.23136756,-1.337588,-0.54832464,0.14542687,0.55358005,-0.48562184,0.7207449,-0.0067467215,1.451201,1.255055,1.0085416,1.6968813,1.0062737
2013-04-05,-1.242445,-0.98274726,-0.52354604,-0.5878312,-1.3304746,0.55700755,0.69809115,-0.18184891,0.09976107,0.75859326,1.4854461,0.964607,1.2700528,1.012205,1.398666
2013-04-12,0.0008257876,-0.46888983,-0.676774,-0.24700134,-1.1375043,-0.8433597,-0.21371767,0.28941983,-0.60327446,0.6682756,1.2604891,1.2919892,0.93664235,1.3598008,1.468762
2013-04-19,-1.0337849,-0.7975189,-1.0993464,-1.2290971,-1.6028302,0.75149494,0.51514375,0.6744686,1.1816751,0.9374397,1.1276833,1.0856575,1.2551963,0.9411849,1.8170651
2013-04-26,-0.8718929,-1.1043773,-0.8382028,-0.7074989,-1.1582274,0.7679633,1.1123292,0.15491676,0.50556654,1.0110253,0.71735126,0.75169575,1.3459289,0.8316745,1.0827392
2013-05-03,-1.3343145,-0.918448,-0.3277683,-1.2174923,-1.3488297,1.8530215,0.5474456,-0.15663321,1.0261552,0.2056215,0.31981552,1.1681013,0.8227629,1.0500602,1.9593029
2013-05-10,-1.1085877,-0.38587984,-0.5935509,-1.0429019,-1.0814576,0.7240595,-0.78762066,0.59575546,0.14097181,0.8748438,1.3127689,1.6538343,0.4562629,1.5750716,1.025139
2013-05-17,-0.62627435,-1.4506003,-1.277159,-0.33006912,-1.1137848,0.09783754,1.5643839,1.3078004,-0.3564402,0.96452,1.2307858,0.8892241,0.7839034,0.9258893,0.6271563
2013-05-24,-0.51213884,-1.1412104,-0.86211085,-0.81516767,0.21962014,0.06537829,0.57209855,0.017891608,0.28273165,-0.5365529,1.1164714,1.370656,1.5718366,1.168815,0.4525175
2013-05-31,-1.4103982,-0.9854951,-0.3126759,-1.0522946,-1.1240572,0.98689896,0.3234555,0.027802385,0.53433585,1.0814772,1.4579904,1.4539434,0.7188578,1.3105057,0.58541936
2013-06-07,-0.20708472,-1.0841571,-0.6035189,-0.30003196,-1.0270146,-0.20177205,0.7776915,-0.12522341,-0.26226056,0.33058375,0.79680836,1.1364604,1.3494166,1.0327193,1.3824356
2013-06-14,-0.38732177,-1.1854187,-0.22600396,-0.49272695,-1.074413,-0.4439773,0.6361257,0.22903807,0.2726547,0.42967042,1.2792677,1.45284,0.23757444,0.7370817,1.4712551
2013-06-21,-0.9643554,-0.8258109,-0.2300563,-0.59388155,-0.99221444,0.14812577,1.117058,-0.4418891,-0.012930636,0.27021137,1.4731603,0.29131842,0.9748032,1.0221856,1.385235
2013-06-28,-0.27902067,-0.2835263,-1.0889041,-0.24343804,-1.3604121,-0.051192936,-0.48936266,1.5426855,-0.016974121,2.197202,0.6079229,1.1622937,0.28790963,0.522457,-0.09854742
2013-07-05,-1.133315,-1.0796995,-0.37231323,-1.3271163,-1.0733194,0.881151,0.81456006,0.62828344,1.0912783,1.2809782,1.0763222,1.0730215,0.05694032,1.1056617,0.44228682
2013-07-12,-0.9535221,0.3823696,-0.8319104,-0.59210306,0.6747478,0.4814992,-1.5573211,-0.28457,-0.075975,-1.4643009,1.3242344,1.2104392,1.9268025,1.0976868,0.63397366
2013-07-19,-0.6039752,-1.2927032,-1.0755606,-0.8162794,-0.4490796,0.6609145,1.4592029,0.6110016,0.71687156,0.39750215,0.219132,0.5655197,1.1490804,0.83291805,0.7526791
2013-07-26,-0.957686,-1.0030282,-0.74933964,-0.993597,-0.59490275,0.87518245,1.4715239,0.09603187,0.7981522,0.24621333,0.7683213,0.43450236,1.1885451,0.698794,0.7925672
2013-08-02,-0.27687547,-1.3670537,-0.95006377,-0.7355791,-1.0719151,0.36599043,1.9618715,1.0478543,-0.2282606,0.12985091,0.08239056,0.12859441,0.47067997,1.6553744,1.6645877
2013-08-09,-0.8086108,-1.1322367,-0.84041405,-1.2774062,-1.5370767,0.52797085,0.82463425,0.5560038,1.4558007,1.5106461,0.99972796,0.9644705,0.6917116,0.6085256,0.7719682
2013-08-16,-1.2925575,-0.83860534,-1.2082664,-0.6735132,-1.1386527,1.1231645,0.6237461,1.6281275,0.8247651,0.5936644,0.88217586,0.8113915,0.32875907,0.4597891,1.4037336
2013-08-23,-0.42984274,-0.29158473,-0.4303571,-0.8813364,-0.23385735,0.5187726,0.063709885,-0.0392101,0.75686395,-0.6564094,0.2916927,0.76729345,1.107378,0.78705555,1.3803376
2013-08-30,-0.8686101,-0.4402626,-0.27509916,-0.62883985,0.5918751,1.0240335,-0.36360943,-0.55000573,-0.4133932,-1.5504228,0.3993613,1.3110039,1.1865163,1.6558543,1.1811152
2013-09-06,-0.5701112,-0.69028395,0.17727387,-0.1611731,0.14460115,0.36794418,0.14247291,-0.53951955,-0.6127106,-0.5097635,0.672043,1.0963261,0.666543,1.0240963,0.5488103
2013-09-13,-1.0258586,-0.7999716,-0.9957977,-1.0335629,-0.91685575,0.9731419,0.5691446,1.3450792,0.4228376,0.12384951,0.72368264,0.80591047,0.19251968,1.48588,1.4891248
2013-09-20,-0.44757107,-0.5129809,-0.57350796,-0.68101215,-0.725064,0.28325135,-0.06438804,-0.25721473,-0.03236652,-0.20440684,0.6464215,1.1828446,1.5255709,1.2627046,1.5648998
2013-09-27,-1.0406936,-0.8587767,-0.70261717,-0.671021,-0.3818673,0.64670193,0.87633646,-0.023656795,0.26399153,-0.24920636,1.0531473,0.61331093,1.3036362,1.0233493,1.0489199
2013-10-04,-1.0326582,-1.1820226,-1.1323968,-0.92979085,-1.1840602,0.7249137,1.0142803,1.0089375,0.9026083,1.5929278,1.0613183,1.2040782,0.7569775,0.63412297,0.5218741
2013-10-11,-0.85948426,-0.814121,-0.7681676,-0.7466816,-1.2497058,1.001949,0.46827918,0.6078437,0.63723797,0.849659,0.5235862,1.2547227,0.8035354,0.59791386,1.3075051
2013-10-18,-0.44883892,-0.86293036,-0.985248,-0.7410745,-1.1108232,-0.49360016,1.1444484,0.8653949,0.0824929,1.1780367,1.3373066,0.23483127,0.7997542,1.1805737,0.41233665
2013-10-25,-0.55655986,-1.0651978,-0.6740152,-0.96688235,-1.0668912,0.3039658,1.6237316,0.24000575,1.0296681,0.92954427,0.7193225,0.14603995,0.7599174,0.43903765,0.89042044
2013-11-01,-0.8874048,-1.2731997,-1.2156684,-0.7411617,-1.0706288,0.30816627,1.2654291,1.6179355,0.038228065,0.71467686,1.156178,0.77050817,0.5045775,1.3972293,1.341732
2013-11-08,-0.98447514,-0.27155113,-0.72559327,-0.7321833,-1.5023131,0.6259628,-0.42277682,-0.14411582,-0.054448575,0.8274907,1.1099461,1.0924637,1.4119805,1.3707099,1.7260106
2013-11-15,-0.7996687,-0.5848584,-1.0045226,-0.8852462,-1.1842437,0.6127104,0.04192171,0.80721927,0.2932859,0.51489544,0.7392533,0.89504355,0.85117966,1.3392706,1.2934803
2013-11-22,-0.9437303,-0.26759106,-0.7624981,-0.98079735,-0.8694913,0.99228823,-0.8108727,0.0651728,1.2193884,0.2569367,0.9104888,1.3833107,1.3259879,0.5698091,1.3690083
2013-11-29,-0.9768122,-1.2397836,-0.52402943,-0.6761728,-0.17331703,-0.11257654,1.5067705,-0.18346123,0.3077051,0.4672362,1.7792956,0.5139775,1.3503577,0.9943211,-0.2666855
2013-12-06,-0.6863679,-1.2614099,-1.2313757,-0.5722375,-1.4736276,-0.10400338,1.0981815,1.4521694,-0.27512825,1.506552,1.3287743,0.9883163,0.57583845,1.3859681,0.8492198
2013-12-13,-0.7236496,-1.446912,-0.5768081,-1.4244661,-0.8686965,0.76568323,1.6437224,0.24514607,1.3042945,-0.02707038,0.33729094,0.65625936,0.77067673,1.0525243,1.5432044
2013-12-20,-0.805037,-0.6556022,-0.2897223,-0.72632116,-0.3141579,0.6180843,0.7018927,-0.4795085,0.26850435,-0.26217365,1.069128,0.48369342,0.9691057,1.0167981,1.155443
2013-12-27,-0.75135034,-1.0484037,-1.0088853,-0.9081486,-0.9135427,0.38150734,0.44295096,0.6838686,0.58593154,0.7204067,1.0446482,1.3140056,1.0549718,1.0148677,0.82265866
2014-01-03,-0.3840458,-0.2931108,-1.2512764,-0.5716078,-1.0776795,-0.045628317,-0.49378067,0.75210154,0.37038514,1.6437789,0.9265609,1.1536741,1.2806847,0.63990015,0.26563925
2014-01-10,-0.8955766,-0.4963083,-1.0942307,-1.3301867,-1.5000086,0.84525824,0.4232208,1.2496164,1.2122939,1.164288,0.63436866,0.6293753,0.61850196,1.0183172,1.4178729
2014-01-17,-0.7002223,-0.62012327,-0.75831634,-0.5648646,-0.6357781,0.38114196,-0.23632215,0.34241834,-0.39650148,1.3256335,0.7858796,1.3044534,1.0494752,1.4089528,-0.09416114
2014-01-24,-0.33349586,-1.0190029,-0.7334934,-0.5097099,-1.2375348,-0.580103,0.3807604,-0.18469718,0.16363008,1.0508971,1.4315913,1.3904514,1.5648739,0.8753391,1.1454319
2014-01-31,-0.7722675,-0.77343017,0.49491453,-0.79137164,-0.50608605,0.74200237,-0.32322976,-1.5369222,0.10509904,0.20857225,0.40056258,1.7885587,1.2149819,1.2153245,0.88698226
2014-02-07,-0.87888676,-1.0940402,-1.5303006,-0.58470535,-1.2976528,0.55643743,1.0711635,2.2610655,-0.01542538,0.7315467,0.9035185,0.7850141,0.17430063,1.1156543,1.4723397
2014-02-14,0.34678125,-0.8997874,-0.9171589,-0.77519614,-0.73094666,-1.0898144,-0.12575434,0.71153367,0.48820472,-0.15535569,0.80034274,1.7138683,1.0219251,0.8265269,1.4784819
2014-02-21,-1.2469056,-0.5331855,-0.9241793,-0.7308828,-1.048966,1.4730582,0.28243628,0.6746984,-0.0035297174,0.39268565,0.66414595,0.64091915,0.9113778,1.3285037,1.4626354
2014-02-28,-0.76426387,-0.34219614,-0.9224898,-0.7465399,-1.2422489,1.01142,0.06955282,0.618373,0.39711836,1.0530094,0.4381657,0.65122306,0.8795768,1.0531726,0.8634063
2014-03-07,-1.104611,-0.32020518,-0.49719486,-0.54850245,-1.0612469,0.94590974,-0.1655543,-0.27795637,0.1693325,0.8683213,0.83711296,0.8508859,1.274384,0.85538584,0.9798888
2014-03-14,-0.6508874,-0.92598796,-1.0440806,-0.8134535,-1.3519218,0.8491465,0.76634616,1.360994,0.20894267,0.33796653,0.2373201,0.7311665,0.35295412,1.2883244,1.9459065
2014-03-21,-0.6701307,-0.82543993,-1.1727268,-0.58831817,-0.24247603,0.936467,0.30302194,0.83476245,0.23352033,0.505655,0.17237538,1.195483,1.1074516,0.8141258,0.10658095
2014-03-28,-1.412065,-1.0270449,-1.2209016,-1.0345107,-0.08582841,1.4479688,0.9452172,1.0291299,0.83885324,-1.1428778,0.8957487,0.75901276,1.0898592,0.96680933,1.648226
2014-04-04,-1.3198011,-0.9678235,-0.8139349,-1.1937882,-1.519238,1.5478141,0.91155475,0.97890556,1.404722,1.5293652,0.74001837,0.66664684,0.3062329,0.47939143,0.94507366
2014-04-11,-0.91118485,-0.9013552,-0.98909336,-0.75998,-1.6139385,0.7034562,0.7020497,0.94989306,0.26752266,1.5659608,0.87095106,0.964221,0.62388206,1.162145,1.1273481
2014-04-17,-1.2842934,-0.7536764,-0.8899761,-0.91053855,-1.3757654,1.5641152,0.87814176,0.64259964,0.86377406,1.2422602,0.3905158,0.37706155,0.88134396,0.8327432,1.0169125
2014-04-25,-1.0078241,-1.0364076,-1.0353645,-0.6596576,-1.6310538,0.8453273,0.20778601,0.90545756,0.058714326,2.2835965,0.8416387,1.6022943,0.89639854,1.1475356,0.09409799
2014-05-02,-0.66519094,-0.76987326,-0.80458504,-0.76610506,-1.2644844,0.57171756,0.9439378,0.46344125,0.60984796,1.545465,0.5978948,0.41994014,1.1316383,0.6799119,0.7316706
2014-05-09,-0.94493365,-0.5984922,-0.8062518,-0.6070822,-1.656347,0.32255274,0.489016,0.33945617,-0.39503402,1.6577516,1.2235833,0.7214802,1.0261664,1.4570923,1.3514823
2014-05-16,-0.9696643,-1.0122373,-0.74871373,-1.1262609,-1.3383353,0.89700454,0.4172616,-0.041985575,1.3576552,1.6247839,0.5215434,1.3602712,1.4322287,0.50036854,0.34615174
2014-05-23,-0.9788247,0.6472967,-0.8695081,-0.5963621,-0.92320645,0.55596596,-1.2163254,0.8660383,-0.13008821,0.262541,1.0951786,0.4387535,0.42071494,1.2056192,1.4389063
2014-05-30,-0.57440794,-0.78819406,-0.63133353,-0.98801976,-0.006176981,-0.6298524,0.3238614,0.5527453,0.89431274,-0.84535193,1.7387291,1.1385397,0.74623775,0.821138,1.2408125
2014-06-06,-1.3246024,-0.89620936,-0.60088414,-0.9386729,-0.75054926,1.8297434,0.5211336,0.14403126,0.92288375,-0.11316275,0.24772196,1.1591172,1.049733,0.72593445,1.559437
2014-06-13,-0.9095569,-1.1710072,-0.34583125,-0.63530767,-1.046082,0.29858303,1.5751321,-0.26264,-0.24602559,0.8557974,1.2825403,0.5090125,1.0245008,1.4728987,1.0502543
2014-06-20,-0.4587939,0.36770365,-0.7332234,-0.42989847,-0.46519947,0.04485312,-1.6282073,0.393634,-0.22127984,0.58671355,0.8901983,1.4436231,0.84728074,1.0693716,0.2954592
2014-06-27,-0.9807106,-0.39959052,-0.6327993,-0.31658813,-0.8689831,0.9848195,-0.075169004,0.62369823,0.12687396,0.28325528,0.766469,0.8419051,0.5689339,0.5586003,1.3219309
2014-07-03,-0.6456614,-0.7290126,-1.1653244,-1.0999825,-0.80044115,0.3366773,0.22869393,1.2387168,0.9754028,0.19380236,0.87026405,1.1476698,0.7863173,0.8964848,1.2264478
2014-07-11,-1.3334243,-1.1260636,-0.32870266,-1.5027784,-1.057438,1.4591565,0.7665887,0.10742732,1.756212,1.7688186,0.82908875,1.0845449,0.6289274,0.68511915,0.2301339
2014-07-18,-1.3641082,-0.7475946,-0.18283752,-0.413168,-1.5106634,1.8677446,0.8341601,-0.85831213,0.18846983,1.9018736,0.42068136,0.4915766,1.5085964,0.747684,0.8292383
2014-07-25,-1.1269782,-1.0056789,-1.1058251,-0.38448176,-1.5789108,1.0107025,0.70118177,0.3695026,0.2635655,1.9298834,0.98094994,1.1205609,1.4216831,0.540045,0.7955762
2014-08-01,-0.67308575,-0.5665624,-0.3274418,-0.7027362,-1.5750828,0.534472,0.96601117,-0.4152202,0.7904983,1.6298503,0.7394231,0.0840664,1.0484452,0.45979726,0.71332467
2014-08-08,-0.35177407,-0.9963279,-0.8265519,-1.1771114,-1.2036508,0.27758893,0.56338704,1.0817103,1.1000484,2.0500376,0.43590876,1.148176,0.27722454,0.88558614,-0.01932269
2014-08-15,-0.7529506,-1.165762,-1.1152666,-0.92847806,-0.4746781,0.4719371,0.98829156,0.6862794,0.69891006,0.22076678,0.82812446,1.0398896,1.1791486,0.8793997,0.6553314
2014-08-22,-0.9555231,-0.96341205,-0.81032664,-0.76279193,-0.4247293,0.97920597,0.8700244,0.664637,0.727315,0.06544089,0.60401607,0.7999395,0.72719145,0.61460894,0.5744973
2014-08-29,-0.6828413,0.007101652,-0.6320774,-0.8098016,-0.38433373,0.11302942,-0.6022551,0.06081283,-0.017018994,0.3334706,1.1583027,0.77586085,1.1040239,1.4710845,0.7600654
2014-09-05,-1.1002353,-0.9425807,-1.1909326,-0.7205349,-1.1424801,0.84636986,0.6713834,1.2587749,0.30963415,1.1842273,1.02846,0.89171505,0.91260016,0.91669554,0.9554243
2014-09-12,-0.51061153,-0.18796377,-1.0660162,-0.82167524,0.035111308,0.04064253,-0.21140772,0.85515976,0.16733412,-0.26595747,1.1651803,0.6941576,1.0161103,1.2826569,0.4912767
2014-09-19,-1.1204835,-0.30649072,-0.5125167,-0.65982723,0.046054214,0.5000012,-0.24419266,-0.15640993,0.036590554,-1.2078094,1.518997,0.7867599,1.3223584,1.2120428,1.5549061
2014-09-26,-1.3120382,-0.6001648,-0.83250123,-0.9340767,-0.90714836,1.5723956,0.05990581,0.79009676,0.7224496,0.9150789,0.6396127,1.2314734,0.7609908,0.6837535,0.64522165
2014-10-03,-1.3315876,-0.94872695,-1.031221,-0.8737356,-0.9189797,1.9205632,0.22712047,1.005561,0.42225555,0.3589155,0.018865585,1.4485905,0.69392264,1.1864411,1.1466255
2014-10-10,-0.22683358,-0.5109507,-1.1207308,-1.0970792,-1.1876825,-0.39694226,-0.43135023,1.1958915,1.0767368,0.7097996,1.1192021,1.4989833,0.5248795,0.8737357,1.3998481
2014-10-17,-0.5470939,-1.0302944,-0.83186704,-0.6427188,-0.62969416,-0.30434507,1.1913316,0.65819323,0.33903158,0.72765076,1.4097999,0.5165844,0.91056794,0.8659603,0.6689062
2014-10-24,-0.37336013,-0.68927336,-0.920636,-1.1740612,-1.4944329,-0.39499745,0.8057815,0.08096022,0.874751,1.2644867,1.3537743,0.47197428,1.5112128,1.2650993,1.1622393
2014-10-31,-0.7551603,-1.0682427,-1.0395168,-1.0728958,-0.23923431,0.36465946,0.7184631,1.0075504,0.88652885,-0.2982934,1.2277578,1.1177431,0.7696212,0.9126434,0.85737365
2014-11-07,-0.6337063,-0.7891494,0.3652344,-1.193171,-0.5894439,1.0476326,0.4012493,-0.05306554,0.8433235,0.2646896,-0.13268621,0.95365167,-0.37880498,0.96439946,0.8063673
2014-11-14,-0.59771204,-1.0906713,-0.53731304,-0.49490353,-1.396811,0.17241375,0.7304937,-0.29266235,-0.21339525,1.6395948,0.9579137,1.0912528,1.4247597,1.1471363,0.63203675
2014-11-21,-1.1691779,0.1765194,-0.73301625,-0.9766962,-1.3115427,1.2975191,-1.6709732,0.37925342,1.1179352,1.8051524,0.6517096,1.8412273,0.9991962,0.6994757,0.67050445
2014-11-28,-0.88692397,-0.46376675,-0.7736039,-1.015315,-1.4081856,0.34116805,-0.39849922,0.84989065,1.2452916,1.0668638,1.0733181,1.3905239,0.4675141,0.48335996,1.4739437
2014-12-05,-0.5670888,-0.7992768,-0.30532166,-0.73536927,-0.21617736,-0.06163397,1.1235166,-0.2317115,-0.13720512,-0.019151032,1.1194453,0.11361858,0.95324254,1.4471427,0.3835048
2014-12-12,-1.1261989,-0.47161108,-1.2409062,-0.91007334,-0.95721513,1.0517973,-0.24540485,1.394026,0.38486946,0.07906243,0.8362978,1.1205926,0.83776754,1.2408857,1.5833168
2014-12-19,-0.58604985,-0.57888746,-1.1500596,-0.8352925,-0.82264733,-0.29832792,1.1075774,0.88072556,0.24942873,0.15590802,1.2901171,-0.13312887,1.0466957,1.4162163,1.4654577
2014-12-26,-0.5697369,-0.69730294,-0.41546696,-1.1547123,-0.5886691,0.021652384,-0.1615941,-0.24723816,0.83410436,0.7257387,0.9157736,1.411713,1.435333,1.0883762,0.39957628
2015-01-02,-1.1613487,-0.938642,-1.0958202,-0.7674883,-1.2962475,0.9742007,1.094572,0.97357315,-0.41081983,0.710236,1.0821996,0.2939669,0.81953734,1.8115045,1.3996781
2015-01-09,-1.2386082,-1.0229969,-0.18594266,-0.8369051,-1.0697322,1.0272156,0.95680404,-0.33316585,0.22263852,0.85143465,0.9517883,0.8279226,0.9014191,1.2367226,1.0004673
2015-01-16,-0.6689076,-0.75464547,-0.7228411,-0.75336117,0.40292507,0.753376,0.4000236,0.6393955,0.4784783,-1.4008276,0.46994495,1.0102605,0.71403974,0.88817364,1.0793762
2015-01-23,-0.6325699,-0.5623537,0.0883736,-0.7373184,0.2845006,0.9058611,0.21386898,-1.2009845,0.41663504,-1.1710436,0.25289452,0.89035743,1.4445466,0.7425575,0.9882611
2015-01-30,-0.7163096,-1.0041798,-0.7563157,-0.6305808,-0.91022104,0.28236952,0.37430748,0.2392455,0.29717824,0.55257404,1.0137247,1.3994408,1.1147705,1.0727414,1.0046757
2015-02-06,-0.78936315,-0.6938732,-1.080429,-0.75992846,0.32940847,0.77972496,0.9464116,1.1377859,-0.20721924,-1.0352604,0.6926451,0.34121764,0.6492204,1.5905755,0.8136922
2015-02-13,-0.31798187,-0.8165684,-1.0179349,-1.2397047,-0.7969955,0.022267371,0.12996131,1.5415885,0.9358752,-0.3769688,0.6176899,1.4753954,0.18297337,1.2254927,1.8763994
2015-02-20,-0.5020471,-0.90518117,-0.38162136,-0.16547957,-1.2332146,0.49650562,1.0472314,0.04278946,-0.48119912,0.7599453,0.54370606,0.45219415,0.58033335,0.98956174,1.5824888
2015-02-27,-0.80940443,-0.7028983,-0.59455174,-0.9087734,-1.0991162,0.59700876,0.42080966,0.39256465,0.32503834,0.57773983,0.93219656,0.93520015,0.72904146,1.3097448,1.4259896
2015-03-06,-0.324962,-0.97537464,-1.4175954,-1.0687144,-0.78678507,-0.0834181,0.55793214,1.8887517,1.3075606,-0.5286454,0.7196677,1.0597397,0.47656214,0.44980907,1.9494731
2015-03-13,-1.2561601,-1.400937,-0.9784825,-1.1713245,-1.250284,1.3452706,1.5642543,0.8580606,0.9173676,1.1156352,0.8019984,0.75147724,0.76377547,1.0449377,0.98639214
2015-03-20,-1.1839464,-0.32110515,-0.69703376,-1.0247388,-1.5291306,0.94624394,0.45013422,0.6312535,0.6028474,1.944569,1.0626462,0.10660802,0.62856793,1.1220207,0.8299285
2015-03-27,-1.189283,-0.6834412,-0.78638977,-1.0356615,-0.9115904,0.4368131,0.91011137,0.28009054,0.98180425,0.16576985,1.5227431,0.3874162,1.177052,0.7626282,1.4647111
2015-04-02,-1.1298116,-0.8714652,-0.40290007,-1.3094089,-1.1583124,1.1974852,1.0476694,-0.12839869,1.1331747,0.5490673,0.7985667,0.44483018,0.8630315,1.0891218,1.4280932
2015-04-10,-1.1614432,-1.0743454,-1.0300972,-1.1745242,-0.9173865,0.79299694,0.47720662,0.6726033,0.75308096,0.740402,1.2918988,1.3640168,1.1937797,1.2421765,0.76456124
2015-04-17,-0.68202406,-1.1480148,-0.673084,-1.1071725,-0.35055095,0.5074034,1.0482513,0.2050147,0.6226093,-0.45719796,0.8035879,0.8616421,1.105895,1.1948148,1.4375277
2015-04-24,-0.5376454,-0.84344137,-1.3008953,-1.2267833,-1.0729344,0.30922595,0.21946952,1.8506169,1.2968619,0.9368672,0.70515096,1.3017718,0.3545167,0.7370425,0.8204318
2015-05-01,-0.79807657,-1.0442227,-0.58837026,-1.3695586,-0.69027734,0.35417286,0.8514644,-0.10897249,1.3246292,-0.30691743,1.0074725,0.94499767,1.1723063,1.0426245,1.6229851
2015-05-08,-0.5978379,-0.8078608,-0.3184383,-0.88073695,-0.078497805,-0.025228754,0.36029834,-0.049359597,-0.011655352,-1.482657,1.257908,1.0965637,0.63477314,1.7635407,1.9607142
2015-05-15,-1.1234881,-0.46322015,-0.5938217,-0.9555362,-1.30081,1.1909862,0.3298803,0.040130705,0.63161993,1.1829339,0.5931854,0.4952868,1.1256413,0.9158118,0.95158875
2015-05-22,-0.73739815,-0.1622876,-0.4152053,-0.3773474,-0.78507656,0.47415,-0.4382819,0.018673588,0.04198029,0.05553736,1.0675799,1.1170865,0.8595653,0.6375881,1.5051819
2015-05-29,-0.9273637,-0.7462113,-0.6426981,-0.3794472,-0.8440837,0.6040585,0.9073678,-0.6448586,0.503291,0.21664952,1.0183394,0.5055605,1.8740985,0.03740433,1.2163523
2015-06-05,-0.5115317,-0.93614006,-0.7271854,-0.8008622,-1.2937353,0.2584309,1.0473102,0.8648073,-0.008660101,1.4150832,0.8293928,0.5709127,0.35468912,1.49615,0.90525544
2015-06-12,0.13486707,-0.73166907,-0.18622717,-0.8748903,-1.2319297,-1.3952764,0.076829776,-0.042521775,0.13792484,1.9540796,1.4497563,1.3970009,0.5931156,1.4538603,-0.022037402
2015-06-19,-0.5805057,-1.1665841,-1.4324206,-0.9409225,-0.80320597,0.10150097,0.90998614,1.6567321,0.37748206,0.9177705,0.87970555,0.98598826,0.74754494,1.4011811,0.5124661
2015-06-26,-0.31363648,-1.0423769,-0.3784383,-1.4457462,-1.0803686,-0.43361568,0.6703765,-0.3215192,1.4532257,0.56156003,1.27036,1.2573428,1.0772197,1.1197902,1.4512974
2015-07-02,-0.33927518,-1.2168574,-0.9894818,-1.1202178,-0.46309376,0.3840611,1.2227459,1.1441174,1.5069892,-0.6432531,0.36778173,0.7114712,0.53209627,0.6449101,1.5964857
2015-07-10,-1.0100235,-0.38459957,-0.9751436,-0.3920698,-0.004564663,1.2946792,0.14902033,0.8126844,0.21744394,-0.7909706,0.4109218,0.5344805,0.93136114,0.52061355,1.0823108
2015-07-17,-0.6399444,-0.69046134,-0.12280178,-0.39067957,-0.3752352,0.4945253,0.38522804,0.39205673,0.54464173,-0.18710943,0.6971698,0.77828455,0.25345933,0.15941074,1.11091
2015-07-24,-0.27397054,-1.1195503,-1.5180457,-0.851382,-0.86191124,-0.095267616,1.2628899,1.2703676,-0.0019132769,-0.3873931,0.7773122,0.5280635,1.5178003,1.5998605,1.9609231
2015-07-31,-1.3153318,-0.87313837,-1.1785574,-0.5260592,-1.6293749,1.3593943,0.49261123,1.5974303,0.5011268,2.099568,0.6891101,1.0727444,0.44390085,0.56339437,0.39346734
2015-08-07,-0.058410764,-0.8795591,-0.54073983,-0.6210481,-0.5809499,-0.931252,0.97790945,0.108533636,-0.462199,0.3398991,1.2758663,0.66944754,0.96746886,1.6487991,0.8015438
2015-08-14,-1.0986936,-1.0364106,-0.61386997,-1.0501534,-0.6244685,0.45361483,1.4833748,0.5979607,0.4559882,-0.26014054,1.3991988,0.24411994,0.61349064,1.2773371,1.3886427
2015-08-21,-0.9414019,-0.96922064,-1.0394129,-0.9334507,-1.3000187,0.5358732,0.83632016,0.86452806,0.0465542,1.2807838,1.0460587,0.9147278,0.8694493,1.6424817,0.84278536
2015-08-28,-0.35059842,-0.28697935,-0.74142885,-1.2738131,-0.90229505,0.81414354,-0.19712874,0.32771617,1.2164541,0.16410114,-0.17900246,1.0528892,0.7466034,0.8603383,1.5237228
2015-09-04,-1.2857008,-0.9864698,-0.7195338,-0.6247976,0.30110618,1.9804844,0.8741028,0.8651396,0.34129304,-1.3327988,0.19157444,0.8594857,0.4668693,0.81291735,1.3062531
2015-09-11,-0.8755849,-0.63682675,-1.291817,-0.19294398,-0.54279494,1.2745622,0.72168297,0.99535507,-0.7377955,-0.6893286,0.09614341,0.37825587,1.1661211,1.2761503,1.7687767
2015-09-18,-0.29283082,-1.1949062,-1.3610673,-0.22912517,-1.1411929,-0.05049622,1.4449947,1.6233561,-0.37297988,1.2679014,0.7087861,0.43143797,0.40544844,0.93839943,0.38201573
2015-09-25,-0.39621976,-1.0485059,-1.1394591,-1.1664209,0.07592094,0.26550144,0.7025192,1.463213,0.56966585,-0.9939304,0.6598949,1.1008695,0.1684043,1.3460207,1.019414
2015-10-02,-1.048226,-0.7367914,-0.81547594,-0.5220191,-0.27350473,0.79950714,0.7092186,0.5496652,0.054810412,0.28227267,1.1076741,0.7619122,0.8819022,1.0439589,0.2976603
2015-10-09,-0.49755695,-0.54190826,-0.46680123,-0.83506644,-1.4450836,0.98146564,0.081317075,-0.09111076,0.7993815,2.2617013,-0.12396095,0.97901964,1.0121676,0.66317564,-0.23045233
2015-10-16,-0.54549724,-0.8757699,-1.2360363,-0.47591132,-1.4126194,0.5532812,0.5077086,0.6149491,0.46117753,0.94973934,0.5703889,0.9836343,1.4282016,0.5339863,1.4059169
2015-10-23,-0.99794155,-0.32422423,-0.5873873,-0.7808156,-0.66371703,0.69033635,-0.08058791,0.39557675,0.028168757,-0.6797219,1.0656255,0.87596023,0.75654763,1.3801684,1.7709032
2015-10-30,-0.5834182,-0.77776915,-1.1636388,-0.9424111,-0.2917402,0.506921,0.35257044,1.2356677,1.0195483,0.1780371,0.7353781,1.2465713,0.7308149,0.580231,0.41739252
2015-11-06,-0.8338724,-0.4868419,-1.1313837,-0.510315,-0.33700514,0.032751955,0.21613638,0.8608655,-0.03592384,-0.07633893,1.5870196,0.7673,0.97219986,0.99233556,0.9607822
2015-11-13,-0.64236695,-1.0218153,-0.85537744,-0.68772906,-0.9670128,0.28594366,0.3796522,0.3200176,0.3959381,0.36389714,0.9866847,1.3172879,1.2826692,0.834262,1.1509843
2015-11-20,0.06026146,-0.9410863,-1.1402317,-0.56100684,0.15108187,-0.44450423,0.6728055,1.4266394,0.42919028,-0.59288275,0.6570653,1.0488567,0.43131098,0.7610884,0.7272039
2015-11-27,-0.4965532,-0.9395127,-0.7344444,-1.0274984,-0.046171665,0.1975104,0.71500003,0.38112354,0.5605416,-0.83704185,0.5486345,0.8559814,0.88088334,1.2480687,1.127163
2015-12-04,-1.1048726,-0.10790177,-0.5733288,-0.33279452,-0.4277355,0.52264947,-0.33429545,0.24043763,0.19290157,-0.25026295,1.4131484,0.64996696,0.8567149,0.4073219,1.3311113
2015-12-11,-0.49360356,-1.1284584,-1.1123034,-0.6921758,-0.76211035,0.44335777,0.982988,0.9982956,0.8300448,0.21074334,0.5925053,0.8917133,0.95020264,0.41406754,1.210502
2015-12-18,-1.2040693,-0.34723645,-1.1934031,-0.7484653,-0.854323,1.2295781,0.515368,0.8318134,0.32944182,-0.22221729,0.80009997,0.17112713,1.1478077,1.1279534,1.7491221
2015-12-24,-1.116201,-1.0354098,-0.71524537,-1.3044084,-0.972975,1.0288091,0.98154515,-0.10522397,0.9531967,0.4768121,0.8910068,0.7506187,1.4558754,1.1585627,1.21288
2015-12-31,-1.1103948,-1.234253,-0.6221193,-1.4358462,-0.13716947,1.2641534,0.87111795,0.034892444,1.8266934,-0.26293385,0.67385143,1.2345103,1.1078672,0.37502667,0.72721493
2016-01-08,-0.778315,-1.0496818,-0.8199378,-0.6085606,-0.81247044,0.6438845,1.0709336,0.9696322,0.60646355,0.32584813,0.71039075,0.7891095,0.3312869,0.5182331,1.1464849
2016-01-15,-1.1505506,-0.4249342,-1.0083166,-1.0929065,-0.04005889,0.79776603,0.015283737,1.2150866,1.3616906,-1.2104634,1.2553055,0.820963,0.50572777,0.3814956,1.6654576
2016-01-22,-1.1215206,-0.7635794,-0.5916456,-0.5538802,-0.2821592,0.8228855,0.6579429,0.21656674,0.013210808,0.34509122,1.0859663,0.67203677,0.99517465,1.1099807,-0.013570298
2016-01-29,-1.2352155,-0.58037937,-0.64688617,-0.75163096,-0.9690806,1.4169475,0.5416491,0.18412684,0.23030573,0.70309776,0.8214438,0.7348473,1.0015061,1.087602,0.7444942
2016-02-05,-1.0906658,-0.9091529,-0.6114519,-0.9564137,-1.0814726,0.6597564,1.2530363,0.574168,0.7613984,0.95212376,1.3693504,0.17691457,0.39970627,0.7684908,0.93401194
2016-02-12,-0.79119515,-0.35660005,-0.78942245,-1.0461829,-1.0316327,0.072690286,-0.07844287,0.95918256,1.0208956,0.7911373,1.3198569,0.8729669,0.45445764,0.81553984,0.8711657
2016-02-19,-0.6773722,-0.7895289,-0.84893125,-0.8524254,-1.2633566,0.4513077,0.5059059,0.53928614,-0.000892818,1.4061924,0.7849265,1.055631,1.1043777,1.5175744,0.84531724
2016-02-26,-0.58821845,-0.38407528,-1.085499,-0.6573456,-1.0543205,0.2725998,0.07351217,1.0205009,0.7889382,0.64687884,0.9293318,0.7210663,0.8359987,0.29759896,1.2502514
2016-03-04,-0.878123,-0.3249686,-0.96958,-1.0725204,-1.4323792,1.1020665,0.2526949,0.30327132,0.69963735,1.1737678,0.30639723,0.3115238,1.4671277,1.0547233,1.1774919
2016-03-11,-0.38036257,-0.33259264,-0.8306456,-0.32574826,-0.8992866,-0.34362048,-0.3541129,1.5807261,0.055867527,0.010196936,1.1947993,1.047474,-0.56458247,0.7030577,1.6322736
2016-03-18,-1.1203742,-0.20852844,-0.7398515,-0.82394683,-0.5588403,1.499708,-0.2667438,0.3207291,0.34693682,0.42919862,0.5143116,0.73840094,1.162698,0.96064717,0.71419865
2016-03-24,-0.8734307,-0.7254764,-1.0612499,-0.72654736,-0.68280387,0.5939573,0.17434871,0.7526392,-0.077864185,0.16698778,0.84626067,1.2564381,0.9853818,1.3367025,1.05004
2016-04-01,-0.9990653,-0.6548977,-0.98083025,-0.9882804,-0.98181003,0.9677228,0.47596565,1.0323538,0.42934352,0.35860685,0.70236695,0.72037506,0.65608454,1.3015695,1.3322276
2016-04-08,-0.79823375,-0.89425427,-0.9006395,-1.1996307,-0.8800285,-0.052791953,-0.16366589,1.4429271,0.8561068,0.6221588,1.5114691,1.8616434,-0.057350203,1.1620816,1.0656439
2016-04-15,-1.259023,-0.9510611,-0.3231588,-0.6570549,-1.2673364,1.0549074,1.2896024,-0.44858217,-0.08520367,1.6563127,1.0278813,0.11009414,1.0018134,1.3869846,0.49734017
2016-04-22,-1.4085445,-0.6551896,-0.5943036,-0.8636057,-1.0182407,1.4033457,-0.14051512,0.26995122,1.195373,0.90075797,0.70392483,1.2951835,0.80487955,0.22971268,0.58646154
2016-04-29,-1.2024052,-0.5025553,-0.5577484,-0.703709,0.019550323,1.2382517,0.64493066,-0.058962658,0.69234496,-1.5992844,0.68193024,0.37502936,1.138196,0.53292155,1.879837
2016-05-06,-0.9771206,-1.0467086,-1.2198336,-0.44217926,0.009833038,0.80598426,0.7333415,1.3828672,-0.090056084,0.33755434,0.97896916,0.85297084,0.7574144,0.96718013,-0.33169347
2016-05-13,-1.2370632,-1.207181,-0.6139324,-1.1427369,-0.38087174,1.3770628,0.9891019,0.73705184,1.4398597,-0.21324804,0.5640186,1.0963957,0.34213117,0.3674962,1.0609298
2016-05-20,-0.61907125,-0.16128702,-1.5826716,-0.76223546,-1.2030566,-0.13146338,-0.2108343,1.9077654,0.2203565,0.92480236,1.1508985,0.72757983,0.46571866,1.0563089,1.1721994
2016-05-27,-1.1910837,-1.4178501,-0.39691195,-0.66793317,-1.086025,1.1511354,1.1642627,-0.019378224,0.11397044,0.98485255,0.9370353,1.232619,0.9224553,1.1392487,0.7515539
2016-06-03,-0.9966438,-0.9475934,-0.9461059,-1.0373974,-1.0082054,0.87778246,0.512325,0.67330974,0.4503473,0.6208547,0.7919152,1.1617621,1.0569618,1.330111,1.0599799
2016-06-10,-0.09054434,-0.39051265,-0.36662573,-1.0845985,-1.0164496,-1.4094485,0.07319868,0.08363044,0.53688914,0.2332704,1.7439138,0.85557157,0.76326495,1.1976296,1.4147897
2016-06-17,-1.3809404,-0.87583685,-1.3941234,-0.95498604,-1.3745363,0.9231866,0.578755,1.2984354,0.35486165,1.182687,1.4445828,0.9474837,1.1745107,1.3879465,1.2584004
2016-06-24,-0.36227867,-1.1904718,-1.5508527,-0.75305504,-0.7900387,0.49488917,0.92468274,1.5885897,0.527766,0.100019604,0.17652553,1.06585,0.9216771,0.8232941,1.339945
2016-07-01,-1.0048654,0.7686157,-1.1465483,-0.75539136,-1.4612736,0.62210536,-2.236445,0.71217555,0.98668736,2.0486994,1.1784371,1.5609124,1.2949492,0.2468103,0.21723583
2016-07-08,-1.2468371,-0.8847314,-0.6521017,-0.45719573,-1.0433962,1.2640563,0.7551412,-0.35096684,-0.4617256,0.90209985,0.84759516,0.9546173,1.5443251,1.5632876,0.88185704
2016-07-15,-1.2225044,-0.81292176,-0.7242721,-1.0919,-1.2891927,1.2264199,0.9989611,0.6078237,0.42271423,1.135521,0.9315091,0.39246538,0.67558765,1.2858566,0.98409134
2016-07-22,-0.88888246,-1.0509148,-1.4187282,-1.3077654,-1.3002001,0.7149443,0.6018741,1.2555434,1.7475307,1.3645447,0.78981954,1.0439768,1.095106,0.31294796,0.85225105
2016-07-29,0.7615011,-0.5749403,-0.52417535,-1.3128384,-0.9019372,-1.9255495,-0.27510658,-0.1958954,1.6764979,0.026700804,1.2265589,1.3887588,1.2109586,0.39694044,1.6046726
2016-08-05,-1.3566587,-0.5362825,-0.9764901,-0.87471783,-0.8410653,1.573831,0.04874977,0.26785427,0.9217607,1.2662996,0.670403,1.0316203,1.3958019,0.6050396,0.124585964
2016-08-12,-1.3301424,-1.028209,-1.3429822,-0.9757953,-0.34417772,1.3495674,1.0847702,1.859513,0.27939412,-0.7096255,0.80620563,0.5088907,0.42046687,1.3455656,1.6218729
2016-08-19,-0.65774363,-1.1077032,-0.384627,-1.0586995,-1.4382849,0.17402968,0.5177295,-0.113842115,0.34767333,1.9661633,1.0359154,1.4377313,0.94859904,1.520663,0.39303833
2016-08-26,-1.0150228,-0.5061199,-0.8709583,-0.90360695,-0.61585265,0.6703724,0.9686489,0.04007056,0.30060673,0.13636431,1.0499295,0.06384999,1.4913108,1.3413297,0.9754925
2016-09-02,-0.85857487,-0.95783204,-1.170397,-1.1489455,-1.0854051,0.22708368,0.7895664,0.9647027,1.0645108,1.3313537,1.0831647,0.92988116,0.98669946,0.82733303,0.26333588
2016-09-09,-0.72525525,-1.2080349,-1.248497,-1.0627913,-1.46775,0.29986072,1.6392422,1.469942,0.7427796,1.4462394,1.0429472,0.37657475,0.62823737,1.0825012,1.0251389
2016-09-16,-0.8205194,-0.25157937,-0.5162211,-0.5072213,-1.5469462,0.79150736,-0.7323109,0.44048193,-0.10879268,2.2854626,0.8312396,1.3721133,0.4435751,1.3086306,0.36123267
2016-09-23,-1.3838081,-0.8247745,-0.8529361,-1.061512,-1.2737867,1.7234346,0.5867128,0.66308796,1.0344793,0.75084436,0.43984485,0.8889436,0.74571216,0.80573016,1.3458315
2016-09-30,-1.3808511,-0.6061166,-1.3466568,-1.0442028,-1.4480712,1.4765775,0.09286729,1.26865,0.7419172,0.91190886,0.71628517,1.0764217,1.0027531,1.0055375,1.5478437
2016-10-07,-0.9136262,-0.58474666,-0.41274917,-1.1169798,-1.1807913,0.43919563,0.73896176,-0.14484318,0.84655094,1.4871095,1.1787443,0.1436577,1.0992305,1.1211649,0.35823613
2016-10-14,-0.4064857,-1.29573,-1.2328717,-0.8663256,-1.5582681,-0.4149877,1.2756593,1.0693747,0.42586687,1.8990176,1.2483355,0.87997216,0.89124936,1.1752337,0.9323711
2016-10-21,-1.1207922,-1.0546227,-0.6020765,-0.7577839,-1.0157361,0.9240085,0.86399204,-0.036714826,0.5421384,1.2879399,1.1313537,0.9475367,1.2117299,0.8382695,0.5331478
2016-10-28,-1.260856,-1.3396208,-0.8011249,-0.07225914,-0.5704634,1.3699601,0.8745999,0.1422129,-0.3692563,0.6751614,0.7618944,1.2394228,1.1567724,0.65952533,0.3065776
2016-11-04,-0.9490277,-1.1125785,-0.8767456,-0.63804054,-0.30811834,0.31435817,1.1417282,0.6061154,0.28283995,-0.16484389,1.219631,0.7185453,0.86107427,0.69279814,0.6988632
2016-11-11,-0.9224284,-0.50193685,-1.1336329,-0.79943424,-1.23079,0.3903538,0.030355573,1.018941,0.5450604,1.348497,1.2025908,1.0551205,1.1281583,1.0212148,0.7296011
2016-11-18,-0.78055704,-0.8079339,-0.9662207,-0.6279708,-0.77408785,0.059568387,0.7066697,0.5566195,0.0062845,0.25996745,1.4307013,0.56547105,1.102852,1.2279332,1.1015154
2016-11-25,-1.3345411,-0.6754251,-0.4203072,-1.1166447,-0.2723036,1.0489888,0.74158245,-0.08640635,0.7261636,-0.7794281,1.1505727,0.46208873,0.9715455,1.0787278,1.5311555
2016-12-02,-0.6195707,-0.637476,0.24672523,-0.79373693,-1.3255292,0.04872956,0.40513548,-1.1929476,0.35678297,1.0948986,1.0019618,0.8783418,0.947527,1.0657743,1.1407948
2016-12-09,-1.1187615,-0.6027773,-0.8946923,-0.831559,-1.001889,0.4207943,-0.9753438,0.8805902,0.87818,1.1231976,1.6118587,2.0632565,0.62246025,0.592414,0.61919796
2016-12-16,-1.1133249,-0.67204404,-0.8187269,-0.89807016,-0.85024744,1.1729836,1.2033968,0.39892143,0.5766721,-0.009096876,0.65394276,0.038453918,1.1013762,1.046057,1.3601621
2016-12-23,-0.43991417,-0.7105131,-1.0845761,-0.8446114,-0.96588856,0.033232357,0.7106103,1.0753651,0.9309538,-0.020338574,0.9807852,0.6925666,0.84468985,0.6081425,1.7822562
2016-12-30,-1.0773268,-1.2221788,-0.6553187,-0.55957687,-0.7068448,0.85601604,1.5013616,0.3777726,-0.60832334,-0.74172807,1.0289352,0.3732905,0.9840471,1.5985861,2.0671182
2017-01-06,-0.5700891,-0.51261014,-0.50927025,-1.1836607,-1.1895192,0.3837619,0.21755238,0.51661485,1.241355,0.9208338,0.8059912,0.8055878,0.53291196,0.84014904,1.1280959
2017-01-13,-1.1786216,-0.8591396,-0.74916923,-0.98040736,-1.107858,0.99861306,0.48782608,0.6511139,0.68731457,0.56227624,1.0513208,1.1095356,0.6075906,1.1725631,1.1897069
2017-01-20,-1.255552,-0.7508521,-0.4453676,-0.8572363,-0.47195408,1.1364655,0.46980914,0.58209753,0.21691479,-0.4457126,0.8843192,0.8755431,0.44620863,1.3115581,1.5202255
2017-01-27,-1.3535575,-0.9984467,-0.22068256,-1.016128,-1.1836319,1.3097008,0.86079407,0.109027594,1.3561976,1.2139426,0.8612117,0.91151726,0.49289998,0.41569343,0.8150211
2017-02-03,-0.8849942,-0.9122429,-0.27035913,-0.6925762,-1.1372474,0.62740624,0.506209,-0.3172646,0.32049334,1.4405075,1.0152185,1.147976,0.995081,0.97970176,0.43176293
2017-02-10,0.0154681625,-0.8631505,-0.49211922,-0.7084003,-1.2725847,0.33396253,0.7792094,-0.12733819,0.8231598,2.0194485,-0.2228961,0.84416336,1.1200193,0.59292346,0.13983177
2017-02-17,-1.1106904,-0.9436256,-1.0607208,-1.0007876,-1.0289848,1.2458862,1.3682808,1.1518024,0.44601423,0.30227065,0.57715034,0.093169056,0.7638459,1.4143759,1.3313224
2017-02-24,-0.9873787,-0.8893198,-0.6429192,-0.89366657,-0.89415777,0.50987923,0.13013658,0.07496589,-0.08270584,0.6516613,1.1888621,1.5231878,1.0789945,1.7539692,0.8970533
2017-03-03,-1.0027506,-0.5955127,-0.8216645,-0.9898614,-0.014445901,0.6494254,0.10779641,0.75317484,0.54674315,-0.3739924,1.0156605,1.1028279,0.7532905,1.1001962,0.6346988
2017-03-10,-0.7010105,-0.81657207,-1.2445596,-0.92046314,-1.1664131,0.5011144,0.29632992,0.8187927,0.9472412,0.50110346,0.8559168,0.99955356,1.2245318,0.7783476,1.5041014
2017-03-17,-0.98115706,-0.8381914,-0.96250004,0.067830876,-0.5198957,1.4920611,0.8848545,0.6434239,-0.7119199,-0.26103854,0.06179327,0.52860165,1.253433,0.8165201,1.3052456
2017-03-24,-1.1977226,-0.86620563,-0.82760656,-0.80129194,-0.40033904,1.3299077,0.593459,0.37160742,-0.20469287,-0.25154132,0.86186075,1.0132314,1.0623767,1.6165482,1.2914493
2017-03-31,-0.455733,0.047083646,-0.71841556,-0.6561832,-0.5861474,0.5404119,-0.2461875,0.38511664,0.21810873,-0.4016687,0.46591026,0.3806435,0.9189755,0.9805971,1.3416533
2017-04-07,-0.026451161,-0.23061883,-1.2167811,-0.7508678,-0.674104,-0.41991693,0.1453807,1.5388578,0.64892787,-0.7022976,0.6896907,0.59630096,0.31912357,0.57611036,1.9675945
2017-04-13,-0.9454649,-1.0688375,-0.7193935,-1.2386574,-0.59046376,0.98648393,1.344812,0.36017755,1.7455189,-0.25360188,0.5045797,0.329012,0.81455386,0.2289043,1.4478353
2017-04-21,-0.71777844,-1.1108714,-0.61234736,-0.6161564,-0.79114234,0.38339004,0.69632477,0.77536047,0.15752892,0.17188822,0.8267316,0.883481,0.36884388,0.964142,1.17266
2017-04-28,-1.0047064,-0.45056894,-0.93460405,0.050259817,-1.2357392,1.0023882,0.040961333,1.1425841,-0.4802095,0.6412755,0.7139339,1.1286464,0.19435658,0.6170032,1.4150392
2017-05-05,0.96895236,-0.7380333,-0.35295257,-0.6676598,-0.46486065,-1.210455,0.5448711,-0.15928887,0.42321882,0.19242786,-0.015458979,0.65281993,1.0517435,0.6647945,0.71906143
2017-05-12,-1.0022278,-0.5326785,-0.49333358,-0.9158788,-0.6042879,0.41200563,0.05847935,0.18695107,0.38599285,0.117258064,1.2682639,1.0280886,0.806608,1.2345492,1.1116909
2017-05-19,-0.9302785,-1.0019871,-1.2116354,-0.7359574,-0.94556963,0.6774901,0.9754862,1.2488519,0.21424724,0.5792125,1.0283933,0.7118914,0.7464056,1.2053922,1.0656449
2017-05-26,-0.59105325,-0.9926213,-0.53273046,-0.58851224,-0.98557603,-0.13259181,0.65587866,0.02243552,0.169668,0.86263436,1.3082954,0.9177007,1.1108041,1.0453014,0.7954736
2017-06-02,-1.0257246,-1.4884955,-0.88205916,-0.56254387,-1.5121405,0.8121044,2.1712148,0.2458925,-0.26096097,2.1650646,0.9102223,0.2452528,1.3721536,1.3943135,0.20360254
2017-06-09,-1.52614,-1.4381377,-0.65675265,-0.2881968,-0.5226731,2.0515625,1.5092455,0.24515758,-0.5590641,0.1413069,0.20152761,0.9537262,0.91039777,1.2339801,0.8976083
2017-06-16,-0.6798861,-0.85573864,-1.1778358,-0.16139211,-1.2397032,0.23163497,1.2432554,0.80582124,-0.33740047,1.1310852,1.1320893,0.34996957,1.1741251,0.8320339,0.88491887
2017-06-23,-0.33137706,-0.70754886,-0.6148714,-1.0208751,-1.259418,-0.15234183,1.3042554,-0.4165287,1.2169122,0.8088297,0.9709756,-0.31582507,1.5121359,0.52899164,1.3151451
2017-06-30,-1.0044712,-0.81707096,-1.0099442,-0.81494236,-0.65485716,1.1673509,0.46101552,1.3436527,1.0330366,0.17680106,0.5286916,0.8844393,0.31360763,0.24546726,1.0948483
2017-07-07,-1.1248858,-0.7237636,-1.0722187,-1.0318167,-1.3462584,1.0876958,0.3127217,0.331537,1.3623132,1.4724169,0.73671645,1.0589179,1.3211046,0.16778472,0.95023793
2017-07-14,-1.0487827,-0.7920697,-0.86875206,-1.1801512,-1.1337098,1.5550448,0.7281654,0.2907502,1.3621986,0.7973885,0.24188428,0.8919682,1.2363862,0.7162311,1.0405834
2017-07-21,-0.6170613,-0.99871784,-1.278848,-0.94633865,-0.687454,0.35897252,0.61737126,0.9269255,1.1547599,-0.31187215,0.8162541,1.2072964,1.1897099,0.2955587,1.611345
2017-07-28,-1.1890626,-0.7022776,-0.96079135,-0.9445399,-0.06847893,1.3723829,0.13711771,0.85513586,0.44639626,-0.36893123,0.6573919,1.2722785,0.73124826,1.2774781,0.79959536
2017-08-04,-0.06708538,-0.82273966,-0.8229988,-1.2422699,-1.0651449,-1.0473151,0.50351685,0.8361675,0.6877831,1.2723585,1.6313231,1.0123993,0.6295466,1.4591563,0.30165902
2017-08-11,-0.6888986,-0.7940161,-1.1540893,-1.1530646,-0.008620274,0.577352,0.6126101,0.9854625,1.5890431,-1.0982856,0.8112457,0.79766965,0.95756733,0.24613461,1.413711
2017-08-18,-1.3931382,-0.17461294,-0.4793237,-0.17294429,-0.6554355,1.8613516,-0.29291236,0.2984742,-0.54641736,0.65180016,0.19191729,0.7828733,0.6192231,0.9684663,0.4983681
2017-08-25,-1.076232,-0.8146664,-1.1835726,-1.3199288,-0.3301319,0.81891316,0.56374836,1.1454562,0.9933068,-0.25683123,0.91603523,0.7358023,0.7587105,1.1331029,1.1243521
2017-09-01,-0.92586744,-0.2383468,-0.9549393,-0.7807525,-0.5159527,0.794233,0.11564812,0.58233166,0.7954104,-0.19454035,0.88484794,0.5435859,0.837739,0.5283982,1.1514261
2017-09-08,-1.0727614,-0.38848597,-1.2413118,-1.1329366,-0.52813506,0.09573375,0.25562206,1.0302894,0.79402184,-0.6064639,1.71972,0.5354819,1.0500335,1.161042,1.7365475
2017-09-15,-0.5401034,-0.80773044,-0.6955662,-0.61108667,-1.2769415,0.46371743,0.66395444,0.6174243,0.69428205,1.6780232,0.5699877,0.7493419,0.66504174,0.243605,0.2154395
2017-09-22,-0.9743984,-0.5724152,-0.9196341,-0.59606034,-0.35731536,0.21815652,0.7650899,0.7840868,0.01804233,-0.98157793,1.6022072,0.2791563,0.76496756,1.2737938,1.8997407
2017-09-29,-0.31575495,-0.6953971,-0.88782024,-0.8166345,-0.9222681,0.42672902,0.4607704,0.8948903,0.4966849,1.0115762,0.26835805,0.72740686,0.66105705,0.8336847,0.6782806
2017-10-06,-1.1942002,-0.9845429,-1.1878282,-1.0990299,-0.9330525,0.8428557,0.6374262,1.048905,0.4309006,0.8730725,1.0640115,1.0194724,1.001585,1.4757996,0.81069744
2017-10-13,-0.27314764,-0.42964008,-1.1823046,-0.7502687,-0.9331315,-0.14684549,0.34862256,0.97791255,0.083026506,1.1031878,0.8728486,0.45933628,0.9338092,1.2614375,0.66523427
2017-10-20,-1.0954301,-1.0303675,-0.8319933,-0.54930747,-1.1046106,0.6253292,0.9807524,0.84528804,0.71289617,0.90987706,1.3556527,0.63295305,0.7396674,0.35506448,1.0312374
2017-10-27,-0.9571158,-1.1000174,-0.92965436,-0.75018036,0.012825333,0.75299484,1.0906757,0.056028314,-0.4350576,-0.9328622,0.9817825,0.8042974,1.5819684,1.7453332,1.2276596
2017-11-03,-0.4780919,-1.204232,-1.2002246,-1.1036773,-1.1735013,-0.034656916,1.3442198,0.96532387,0.8637925,1.1869363,1.0397987,0.6098694,1.084549,0.9838652,0.8042439
2017-11-10,-0.8758175,-0.28949958,-0.7405406,-0.93259794,-1.2773124,0.90995824,-0.32074288,0.20192194,0.599548,0.82528144,0.6487921,0.9228676,1.3210068,0.95419145,1.338869
2017-11-17,-0.30358976,-1.1353627,-1.0059601,-1.2649022,-0.61974037,0.10578103,1.6701182,0.48862016,1.6063404,0.27689293,0.5332618,0.16126107,1.316248,0.56790084,0.89827895
2017-11-24,-0.6581849,-1.3385186,-0.9138219,-0.9956185,-0.8347261,0.23575902,0.6638389,0.8467841,1.0091085,-0.22124761,0.988672,1.5958122,0.7189266,0.7114693,1.739538
2017-12-01,-0.45043302,-0.50647235,-0.89429057,-0.6671346,-0.9776367,0.6142391,0.74535054,0.2804959,0.0020654064,0.37744308,0.18733312,0.36746964,1.2829367,1.3964725,1.2826338
2017-12-08,-1.1192245,-0.9696591,-0.4208896,-0.64333165,-0.3945759,0.58612657,0.57179266,0.52381426,1.0466392,-0.13868585,1.3223493,0.93480587,0.28021446,-0.0422773,0.9278231
2017-12-15,-0.52616066,-0.5009835,-1.1094217,-1.0282139,-0.90666854,0.32800567,0.0059408136,1.382579,0.20309362,0.47197327,0.64296925,1.0632077,0.7007219,1.653279,1.1231266
2017-12-22,-0.32599044,-0.517432,-1.3876759,-1.1985664,-1.0235434,1.2153771,0.15070815,1.2175802,1.1000122,0.87240005,-0.6856629,0.9226247,0.986638,0.87813807,0.9696623
2017-12-29,-0.90312916,-1.1353543,-1.0443289,-1.11594,-1.0633743,1.3049439,0.61950344,0.37515727,0.5248088,1.1315426,0.06721945,1.2587421,1.388497,1.5298293,0.7367724
2018-01-05,-0.6976335,-0.5352932,-1.1990446,-0.075652555,-0.9736595,0.66847426,0.6658479,1.1497884,-0.17447898,0.19201362,0.5590241,0.22499223,0.84962213,0.46259734,1.4096429
2018-01-12,-0.6956113,-0.7579628,-0.8790617,-1.221019,-0.8538165,0.14183363,-0.17490186,0.91517174,1.1452659,0.5350146,1.1712395,1.5274316,0.5552397,0.9557852,1.0249909
2018-01-19,-0.9404762,0.27214807,-0.7546704,1.0194497,-1.2344172,0.4427545,-0.9970847,0.8477983,-1.9757085,1.6257128,1.0895525,0.789018,0.4747837,0.64214027,0.29963621
2018-01-26,-0.48880374,-0.6419908,-0.9224761,-0.8895681,-1.4242393,-0.32112753,0.50343883,0.41033018,0.16892612,2.2799594,1.3186764,0.66664594,1.2368569,1.3865365,0.06539187
2018-02-02,-1.2315918,-0.4288863,-1.0751772,-0.84184426,-0.1790477,1.0580784,-0.010673655,0.4802668,0.24954498,-0.4897595,1.0309359,0.930115,1.5415883,1.3534458,0.9944442
2018-02-09,-0.7779224,-0.46767208,-0.88380206,-1.0801318,-1.1010184,0.9336275,0.13011134,0.050809894,1.3136164,0.77890086,0.28125593,0.91944116,1.4438107,0.638328,0.9403163
2018-02-16,-0.07882657,-0.74172527,-1.145898,-1.0953058,-0.8133228,-0.62340224,0.96045,0.84803766,1.1217924,0.29819152,0.88309723,0.31589356,1.0019835,0.5653144,1.1051595
2018-02-23,-0.59730804,-0.9686492,-0.83160126,-0.61428756,-0.70092076,0.39543834,0.5618829,1.1340874,0.16825467,-0.5320616,0.65063226,1.1126093,0.38644597,0.959864,1.8429748
2018-03-02,-0.44760394,-0.47590455,-0.79916877,-0.4784985,-0.9251474,-0.18784505,0.27536863,0.24394126,0.30668426,0.6663923,1.1966823,0.8394869,1.0650185,0.6985305,1.0581676
2018-03-09,-0.2036274,-0.6365674,-1.2016866,-0.9429952,-1.0464342,-0.26024535,0.29105246,0.53519726,0.11569098,0.15913276,0.73486584,0.80572563,1.4019948,1.4882439,1.569806
2018-03-16,-1.0419347,-0.49532694,-0.7884427,-1.109055,-1.4212085,0.9691305,0.18631178,0.51970613,1.1724095,1.5709255,0.8642025,0.6337803,1.0114737,0.80062205,0.739893
2018-03-23,-0.80324984,-0.51501477,-1.4150023,-0.6597077,-1.1950003,0.6916062,-0.38999057,1.6018877,-0.14016198,1.1181406,0.645854,1.3446345,0.6216916,1.1681703,0.8688294
2018-03-29,-0.1434358,-1.2610794,-1.0784818,-0.5038482,-0.85356504,-0.4472593,1.751389,0.63634694,0.6007244,0.02074559,0.9380231,0.28040844,1.1911975,0.3444124,1.5677068
2018-04-06,-1.1028907,-0.5353891,-0.72590387,-0.95599544,-1.5064087,1.3778076,0.32781735,0.6630519,0.995864,1.5879054,0.25263962,0.46895784,0.52922267,0.42538714,0.84206444
2018-04-13,-0.86237776,-0.70125026,-0.6299771,-0.84293973,-1.0888461,0.30070892,0.3534919,-0.49221432,1.0352054,1.0005904,1.1734222,0.95677614,1.7775263,0.44171882,0.85940313
2018-04-20,-1.0258176,-1.1353381,-1.1695548,-0.10196788,-0.9354639,0.859277,1.1656586,0.861078,-0.7343868,1.4293795,0.8279417,0.6244861,1.066473,1.1407924,0.14256828
2018-04-27,-0.60779124,-0.7575195,-0.7726404,-0.9699536,-0.95298696,-0.1102785,0.42160472,0.8233918,0.90520954,0.38563505,1.4854693,1.0632179,0.5001533,0.7454962,1.2041329
2018-05-04,-0.5773933,-0.88132226,-1.0710328,-0.83192384,-0.6400786,0.616076,0.775026,0.32331803,0.6708319,0.015081321,0.5459855,0.6955698,1.5363814,1.072133,1.259716
2018-05-11,-1.0109658,-0.7050344,-0.6892455,-1.3235124,-1.3099933,1.3344364,0.84261817,-0.028809417,1.5560724,0.7703032,0.37618667,0.43914595,1.1431658,0.7092357,1.3087307
2018-05-18,-0.50677913,-0.48942697,-1.3318224,-0.6023441,-0.900718,-0.04021448,0.1331787,1.3344177,0.42831227,0.49476245,0.95145386,0.9302809,0.9818085,0.72241044,0.7913594
2018-05-25,-0.8026109,-0.79561687,-0.66579837,-1.0864096,-1.3548071,0.3009338,0.66911775,0.8996292,0.7660949,1.5468899,1.1068224,0.7123828,0.23919062,1.0790776,0.7925443
2018-06-01,-1.2519344,-0.4618044,-1.0829476,-1.1601782,-0.16180724,1.7896165,0.383802,0.75900704,0.4856772,-0.65929693,0.16464773,0.27464038,1.1654861,1.5967464,1.1646515
2018-06-08,-0.7847752,-0.3344592,-0.40778872,-0.8779078,-0.30732757,0.6470304,0.25410423,-0.4899778,0.7437734,0.31714928,0.8067378,0.42696288,1.3526913,0.79954165,0.29264098
2018-06-15,-1.2007939,-0.3147629,0.07722935,-1.0539778,-0.98639745,1.0487444,0.5868299,-0.70633686,1.2388217,0.5001784,0.85532856,0.08370781,0.9377433,0.386366,1.0330011
2018-06-22,-0.98096216,-0.46554607,-0.99840325,-0.8238571,-0.28271407,0.95259964,0.6499668,0.5030325,1.7501707,0.13604414,0.67689043,0.30728304,1.0925878,-0.5101081,0.42644364
2018-06-29,-0.93486094,-1.2340811,-0.7039822,-0.62842643,-0.28948176,0.9757871,1.1982182,0.5821259,0.12651525,0.1697667,0.7216942,0.8115243,0.7543969,0.87903416,0.3473785
2018-07-06,-1.1090188,-0.5561565,-1.2551583,-0.62421626,-1.2843088,0.2569056,-0.4896188,1.6599721,0.41301283,0.8494675,1.6940364,1.6999824,0.38047802,0.7483747,1.2772347
2018-07-13,0.08212656,-0.91996676,-0.17165002,-1.0801902,-1.1920614,0.14024818,0.47230905,-0.5988785,0.5821737,0.951028,-0.051145207,1.0877517,1.1868572,1.1652124,0.979785
2018-07-20,-1.0581696,-1.4064378,-1.221516,-0.8179588,-0.30348587,0.7522572,1.5362453,1.6404233,0.5313347,-1.0041718,1.1271559,0.67492104,0.31345922,1.0034099,1.6837344
2018-07-27,-0.94517505,-0.3170658,-0.51949316,-1.4595863,-1.0266217,0.45664036,0.2616418,0.045224015,2.0092583,0.7998195,1.3541216,0.4672139,0.8541073,0.0581855,0.9908694
2018-08-03,-0.8342775,-0.48422495,-1.0398781,-1.0475388,-0.78356665,0.09807299,0.792784,1.017685,0.4366297,0.34318244,1.4205967,0.124318734,0.5812505,1.2370552,1.1502607
2018-08-10,-1.0095005,-1.2093585,-0.7642267,-1.3760175,-1.1294429,0.55357826,1.4142736,-0.18043241,1.3522308,0.59780955,1.2265674,0.5352964,1.5750571,0.76426786,1.216763
2018-08-17,-1.015452,-1.0920867,-1.093178,-1.1010021,-0.7744179,0.85689664,1.1032411,1.3921639,0.6841921,0.12702289,0.800616,0.5909364,0.3968738,1.3010125,1.1477234
2018-08-24,-0.67550915,-0.41514334,-0.9238083,-0.6949929,-0.6105557,0.62311727,0.38531163,0.2763369,0.3249724,-0.058530554,0.8210642,0.53550494,1.2693088,1.0696893,1.2521691
2018-08-31,-0.5361497,-0.2152619,-0.62660235,-0.5861534,-1.3507016,0.16130102,-0.3986705,0.73693115,0.039371062,1.1169322,0.6997083,1.0094523,0.1946235,0.9676472,1.1819782
2018-09-07,-0.99485385,-0.7069395,-1.1931111,-0.9779061,-1.200639,0.60589683,1.157108,0.8940353,0.54108936,0.8539679,1.1040244,0.16234279,1.1939545,0.9578245,1.2854464
2018-09-14,-0.7745465,-1.3219924,-0.7264597,-0.9042603,-0.556191,0.058111064,2.2636554,0.15312177,0.099210575,0.11193189,1.2846258,-0.16989107,1.3897822,1.4097557,1.0545287
2018-09-21,-0.7835489,-1.2610686,-0.8416807,-1.1088742,-1.0815204,0.17132299,1.4317119,1.2134601,1.2328568,0.5291,1.1525893,0.48232076,0.2393836,0.6527751,1.1641331
2018-09-28,-1.2372094,-0.9735031,-0.62509537,-0.72622246,-0.6234916,1.2534244,0.27208143,0.07467331,0.010339862,-0.14384392,0.8694265,1.3462297,1.2396272,1.3776172,1.3778325
2018-10-05,-1.2503322,-1.2815135,-0.32624984,-0.7366353,-0.35561028,1.3142333,1.0594085,0.056653004,0.0777081,0.12043526,0.8026844,1.1386676,0.5045297,1.2137072,0.6965766
2018-10-12,-1.2794054,-1.4470016,-1.3638315,-0.9263674,-0.8806327,1.5474414,1.9961401,1.1130283,0.4911817,0.28110704,0.5764376,0.37091604,1.2726307,1.0654439,1.378042
2018-10-19,-0.6056226,-0.9986466,-0.8347846,-1.4161255,-0.12660347,-0.027534073,0.97075117,0.25137606,1.3812909,-1.0011559,1.0824149,0.9180902,1.254229,1.1182208,1.3988209
2018-10-26,-1.0053691,-1.2459915,-1.0867107,-0.7914209,-0.9789552,0.25908583,1.1315856,0.19017082,0.30327833,0.5495173,1.4987973,0.90507305,1.7941822,1.0133998,1.088876
2018-11-02,-0.9461191,-0.7298742,-0.7443393,-1.1991088,-0.7743254,0.5362707,0.27236614,-0.251695,1.1860093,-0.16115949,0.9473967,0.8136184,1.694519,0.94789064,1.6454937
2018-11-09,-0.9627347,-0.64044863,0.21817815,-0.8893753,-0.91564393,0.3490507,1.0351348,-1.9741755,0.32060176,0.4639009,1.5415814,0.058312036,1.9718595,1.2083453,1.2892172
2018-11-16,-1.4810266,-0.6714745,-1.0700934,-0.7554401,-0.6808917,2.1589932,-0.21633337,0.8864819,-0.29684764,-0.38241374,0.052865945,1.4430875,0.6821015,1.6514983,1.6642306
2018-11-23,-0.9002251,-0.9986536,-0.84183574,-1.2955204,-0.99748796,0.31359714,0.7814593,0.69024366,1.1335319,0.0579468,1.206919,0.9346778,0.83653337,0.99071515,1.6953906
2018-11-30,-0.6508727,-0.74595726,-1.2624893,-1.1061791,-0.80704165,0.13624439,0.68102217,1.4691557,1.6961845,0.7970933,1.2290381,0.5184079,0.62399393,-0.15004238,0.7889246
2018-12-07,-0.88010556,-0.5958749,-1.0200505,-0.7028999,-0.71666837,0.564582,0.1895277,1.1949946,0.42413586,0.9298347,0.90307885,0.9372835,0.630969,0.8669639,0.2060743
2018-12-14,-0.9799178,-0.66228336,-0.7495347,-0.9280303,-1.3485353,0.7284973,1.1522257,0.38814595,1.0556368,1.1110446,0.96967566,-0.0048989356,1.1546782,0.42842296,1.1772105
2018-12-21,-1.0895467,-0.8795476,-0.6764641,-0.72269106,-1.0284573,1.6035866,1.073895,0.26668656,0.57435095,0.26484016,0.22256486,0.4773232,1.0990779,0.7973761,1.5384756
2018-12-28,-0.83817637,-0.35632074,-1.216766,-1.0800327,-1.0413216,0.23651281,0.24586011,1.0429101,0.6245599,0.5927356,1.0560393,0.4801614,1.0711387,1.0130318,1.2870696
2019-01-04,-0.923513,-0.81187737,-0.50636065,-1.087357,-1.3887225,0.47155902,0.8324086,-0.7485396,1.0164906,1.3068385,1.1976478,0.5049001,1.691227,0.8731784,0.9963915
2019-01-11,-0.8366277,-0.67429394,-1.0777216,-1.4969904,-1.3517501,0.8095714,0.17142995,1.0803063,1.3699099,1.595206,0.6058101,1.0456824,0.5279219,1.2252256,0.5873279
2019-01-18,-0.51718104,-1.2025287,-0.9111669,-1.0447903,-0.9395099,0.1637264,2.1945508,0.73270655,0.67297685,0.14603098,0.9013762,-0.46645465,0.9448909,0.99713856,1.5335565
2019-01-25,-0.39677438,-0.574064,-0.6600403,-0.1787233,-0.4910057,0.3850272,0.20552441,0.4215954,-0.08704757,0.5072144,0.19254212,0.92111135,0.8649069,0.56404895,0.48248917
2019-02-01,-1.0390031,-0.7712694,-1.1720502,-0.5170121,-0.32322472,1.5073768,0.7278923,1.2930479,0.67169285,-0.059940644,0.2503846,0.45787957,0.6796365,0.17203782,0.7407645
2019-02-08,-0.5513268,-1.0567887,-0.79028225,-1.1454637,-0.48874876,0.11975018,0.71882844,0.7757134,1.2171106,-0.15764916,1.0901861,1.2084154,0.58430886,0.52551866,1.1201032
2019-02-15,-0.89619344,-1.0633808,-0.5137764,-1.1591871,-1.3322511,0.33735538,0.73537314,0.36942485,1.2940619,1.4063004,1.261688,1.0366343,0.5924513,0.62423116,0.9232904
2019-02-22,-1.1758348,-0.7142006,-0.67704654,-1.1315076,-0.80647945,0.9660955,-0.0075238273,-0.020171897,1.0504001,0.6176253,1.1513437,1.3974473,1.3403136,0.76269716,0.765465
2019-03-01,-0.7050929,-1.3019643,-0.8609339,-0.5702376,-0.3596674,0.51534486,1.3572644,1.008094,0.2101511,0.55751264,0.7785352,0.7860962,0.5393173,0.9113868,0.29337123
2019-03-08,-1.0096004,-0.79164577,-1.2672502,-0.5205469,-0.8223898,1.066744,0.91224617,1.9684477,-0.0026361435,0.667893,0.6452891,0.28090954,-0.08527302,1.0246559,0.74346143
2019-03-15,-0.59398156,-1.0242499,-1.1857138,-0.097947046,-0.9917108,0.4435728,1.4185816,0.98349255,-1.0463221,1.2040082,0.63399154,0.17068689,0.90184546,1.6148317,0.40985978
2019-03-22,-0.8712287,-1.0997466,-0.17245714,-1.0522814,-1.2082896,0.2675788,0.892305,-0.22393772,0.3553538,1.1491648,1.349962,0.8693732,0.5980264,1.4378661,0.73554343
2019-03-29,-0.86320746,-0.87356603,-0.71626216,-0.65974045,-0.9070569,0.4660567,0.5760747,0.7615306,-0.04932195,0.21551779,0.98085797,1.0152539,0.5810745,1.3378676,1.3762398
2019-04-05,-0.9727038,-1.4904102,-0.63325554,-1.0296253,-0.58691907,0.86375356,1.8650421,-0.103543915,0.2913182,0.58685195,0.843817,0.5787647,1.3642825,1.3672973,0.26016188
2019-04-12,-1.0468321,-0.51075083,-0.6616878,-0.7984764,-1.1880459,1.1489303,-0.118695065,0.33601245,0.2889718,0.53133285,0.76270324,1.1631557,0.99812585,1.1182803,1.5018231
2019-04-18,-0.75791705,-0.47272527,-0.9379856,-0.73154,-1.3648802,0.17420837,-0.19569427,0.98862785,0.5127933,1.4850909,1.2613972,1.2347062,0.64056945,0.8814849,0.7205412
2019-04-26,-0.8094808,-0.89598846,-1.3474791,-1.2246766,-1.2079569,0.5380079,0.46480373,1.6941391,0.8951282,0.52653444,0.9405517,1.1097916,0.5391196,1.1496625,1.6156247
2019-05-03,-1.0234536,-0.7223977,-0.75629216,-0.9539331,-0.47082022,0.75915885,0.47375894,-0.3614087,0.6814289,-0.36480388,0.9381535,0.89427835,1.6543081,1.004699,1.2724457
2019-05-10,-0.36251387,-0.95116395,-1.4614038,-1.1172218,-0.7332124,0.44495994,0.9485729,1.8294299,1.2793126,0.2794547,0.05602452,0.88943416,0.5506732,0.6050844,1.0404673
2019-05-17,-0.7459678,-0.5519959,-0.49041265,-0.7229543,-1.2472272,0.16421156,0.23997477,-0.10587634,0.62280935,0.6197488,1.2154047,0.852274,1.0668255,0.6409887,1.3978444
2019-05-24,-0.83295953,-1.1690383,-0.93374157,-0.82866704,-1.1200527,0.9139921,0.60493785,0.9135083,0.3709139,1.0669255,0.5124774,1.3708932,0.62029374,1.0017253,0.7768386
2019-05-31,-0.79995,-1.3895308,-0.9141418,-0.4805997,-0.30536333,0.17485937,1.4658265,1.1625878,-0.5438926,-0.6505806,1.2902495,0.8160987,0.35857028,1.4576843,1.1905366
2019-06-07,-0.25872645,-0.7727311,-0.5044063,-1.4474484,-0.48647994,-0.13713002,0.34214938,0.08316991,1.9118341,-0.67160535,0.54704946,0.8417421,1.0533894,0.4599291,1.584611
2019-06-14,-1.1148084,-0.9791657,-0.7454023,-0.612075,-1.2576998,0.937611,0.5848359,0.038689613,0.00051034987,1.2724931,0.9030608,1.1238552,1.2606772,1.1255835,0.7949634
2019-06-21,-0.96349,-0.9624377,-0.8865741,-1.0676346,-0.803751,0.7031135,0.7693294,0.4337612,0.88683957,0.78602827,0.8858705,0.99887335,1.0891523,0.9850539,0.514526
2019-06-28,-0.7645911,-1.0471293,-0.6739245,-1.0373275,-1.0372201,0.318138,0.08959976,0.47267586,0.7748858,0.91448885,1.0616595,1.618312,0.62158346,0.9891871,0.78381324
2019-07-05,-0.9269839,-0.84936935,-0.74981606,-0.82718253,-0.10953505,0.59116054,0.20835014,1.0066277,0.34490258,-0.7590861,1.1293702,1.291056,0.18904258,1.0867455,1.3036646
2019-07-12,-1.4448763,-0.53191197,-1.2574381,-1.3755792,-0.74652237,1.9896132,0.9494229,1.3109034,1.1414868,-0.16777362,0.25832605,0.012660528,0.8215103,1.1423107,1.5070184
2019-07-19,-0.59432465,-0.9253953,-1.2148241,-1.2810395,-0.9170162,0.22619644,1.0711617,0.7156555,0.98206747,-0.47728312,0.8814418,0.7088242,1.3335968,1.2142198,2.025859
2019-07-26,-0.84205824,-0.7300657,-0.3517641,-0.6604106,-1.1737349,0.92561406,1.1938356,-0.059053913,0.4821901,1.0614601,0.47000092,0.05813648,0.92277354,0.53892654,0.92966294
2019-08-02,-1.1867067,-1.0186445,-1.4098411,-0.9789003,-1.0588132,1.2372735,0.95128655,1.5013489,0.5642462,1.1274444,0.63805,0.7604323,0.8806536,0.9510793,0.72836804
2019-08-09,-1.2175618,-1.0370555,-0.27642572,-1.0344939,-1.3146399,1.0766877,0.5699813,-0.104508355,1.0554338,1.5679842,0.8993576,1.2238641,0.9378542,0.75457484,0.558025
2019-08-16,-0.4521542,-1.21893,-0.59693164,-0.27412096,-0.87593514,-0.09992051,1.181489,0.523103,-0.17302689,0.24334073,1.0760206,0.8012807,0.549413,0.7031066,1.4819566
2019-08-23,-1.0368087,-0.24477592,-0.73512805,-1.1637976,-1.0462171,0.5516471,0.24951465,0.83316195,1.306511,0.01724664,1.3100557,0.27453512,0.23625095,0.63096386,1.7645051
2019-08-30,-1.0770502,-0.8993776,-0.66920024,-0.7638115,-0.5235423,0.624573,0.49515715,-0.25130108,0.20175405,-0.45257023,1.3048189,1.0561552,1.5346009,1.2707666,1.4953752
2019-09-06,-0.8579185,-0.8319341,-1.0251606,-1.1038733,-0.18300779,0.44972086,1.1946135,1.2105204,0.99858356,-0.69401217,1.1143227,0.22865115,0.5619971,0.8935149,1.4160727
2019-09-13,-0.9257329,-0.56732357,-0.5918241,-0.9357719,-0.5688476,0.84245867,0.4633986,0.8495408,0.48356766,0.4766245,0.9115383,0.68398213,0.13905212,1.0735488,0.66497236
2019-09-20,-1.1301913,-0.5138172,-0.9061773,-0.64052755,-0.9843709,1.4116656,0.7935896,0.46306828,-0.45600584,1.3853841,0.57172966,0.06568943,1.2938935,1.6816052,0.23359145
2019-09-27,-0.9555689,-0.98870695,-0.93949497,-0.8938239,-1.0738399,0.84122324,1.4378709,0.6222937,0.6639852,1.1353834,0.7423386,0.15546966,1.0164362,0.98138195,0.5934647
2019-10-04,-0.25667307,-1.1993508,-1.0968585,-0.71006465,-0.95314044,-0.12838154,1.334764,1.5799156,0.34057313,0.6063121,0.889619,0.54554784,0.23867123,1.0704038,1.0151496
2019-10-11,-0.8592064,-1.0634584,-1.4470751,-1.2725849,-0.77678114,0.6276004,1.5144684,2.0298755,1.6278467,0.2955771,1.0564438,0.43000418,0.2320693,0.39265206,1.2052809
2019-10-18,-0.7768245,-0.47176686,-0.483014,-1.0508505,-0.6974094,0.605507,0.705304,0.9396102,0.8187314,0.6313692,0.70995665,0.0791713,-0.25494093,1.0240648,0.6499834
2019-10-25,-1.1762447,-0.6896921,-0.9860258,-1.15523,-1.039279,0.94579136,0.6960484,1.2288833,0.8867742,1.2670783,1.0183295,0.65730196,0.4580718,0.98001623,0.5588416
2019-11-01,-0.829025,-0.8896575,-0.51239085,-0.2147255,-0.6921287,0.09017941,0.40464792,-0.22530015,-0.3940778,0.2607535,1.4442948,1.1106379,1.3548348,1.1589481,1.1047137
2019-11-08,-0.6687804,-0.48790088,-1.1521411,-0.6036705,-0.81342024,0.8840622,0.26724994,1.1444342,0.17857575,0.31677026,0.2728828,0.68838483,1.0145411,0.94802946,0.9411596
2019-11-15,-1.2418733,-1.2918458,-0.2635886,-1.3342165,-0.77679366,0.74908113,1.211931,-1.2542138,1.3845872,0.45781407,1.2054821,1.0225055,1.9358267,0.6655187,1.13453
2019-11-22,-1.1595596,-1.4182736,-1.2606183,-0.9396513,-0.58109444,1.4728211,1.8645681,1.2171141,0.49200615,-0.02178818,0.5312721,0.21955146,1.0894352,1.1399038,0.9145475
2019-11-29,-0.19528492,-1.1328827,-1.3124698,-1.0328617,-0.5342537,-0.29168183,1.3206551,1.6706276,0.81348664,0.18167771,0.83393157,0.42246407,0.38774323,0.9607617,0.8351948
2019-12-06,-1.2032082,-1.2187008,-1.0998353,-0.7882347,-0.94119155,0.9986119,0.89614516,0.889503,0.6138852,0.33844942,1.0304908,1.1251209,0.83991796,0.8447485,1.3755229
2019-12-13,-0.7459834,-0.47165504,-0.5689733,-1.2762872,-0.8502556,0.8942516,0.3805989,0.099581026,1.4464697,0.092521384,0.4974954,0.45814577,0.93150854,0.7542425,1.3740057
2019-12-20,-0.9743565,-0.3909175,-1.3341222,-1.0214726,-0.46395847,0.7788363,0.08093053,1.432915,1.2980747,-0.08890512,0.8823143,0.98112977,0.8946907,0.38619116,1.0882361
2019-12-27,-1.120693,-1.2896516,-1.4226718,-0.6239276,-0.74281514,0.8229569,0.4744688,1.2988371,0.86643606,-0.21568058,1.0795685,1.4148023,0.9221878,0.3116166,1.6558897
