Date,5. adjusted close,6. volume,direction,Symbol
2020-01-31,100.436,15567283,0,AMZN
2020-01-30,93.534,6327438,1,AMZN
2020-01-29,92.9,2101390,1,AMZN
2020-01-28,92.6625,2808040,1,AMZN
2020-01-27,91.417,3528509,1,AMZN
2020-01-24,93.082,3766181,0,AMZN
2020-01-23,94.229,2484613,0,AMZN
2020-01-22,94.373,3216257,0,AMZN
2020-01-21,94.6,3643771,0,AMZN
2020-01-17,93.236,3997340,1,AMZN
2020-01-16,93.897,2659493,0,AMZN
2020-01-15,93.101,2896592,1,AMZN
2020-01-14,93.472,3446381,0,AMZN
2020-01-13,94.565,2753903,0,AMZN
2020-01-10,94.158,2856959,1,AMZN
2020-01-09,95.0525,3174962,0,AMZN
2020-01-08,94.5985,3511966,1,AMZN
2020-01-07,95.343,4134010,0,AMZN
2020-01-06,95.144,4065698,1,AMZN
2020-01-03,93.7485,3766604,1,AMZN
2020-01-02,94.9005,4035910,0,AMZN
2019-12-31,92.392,2510380,1,AMZN
2019-12-30,92.3445,3677306,1,AMZN
2019-12-27,93.49,6188754,0,AMZN
2019-12-26,93.4385,6024608,1,AMZN
2019-12-24,89.4605,881337,1,AMZN
2019-12-23,89.65,2137493,0,AMZN
2019-12-20,89.325,5152460,1,AMZN
2019-12-19,89.614,2738320,0,AMZN
2019-12-18,89.2015,3354137,1,AMZN
2019-12-17,89.533,3646697,0,AMZN
2019-12-16,88.4605,3149345,1,AMZN
2019-12-13,88.047,2747909,1,AMZN
2019-12-12,88.0165,3103949,1,AMZN
2019-12-11,87.436,2101318,1,AMZN
2019-12-10,86.9605,2515644,1,AMZN
2019-12-09,87.4755,2502489,0,AMZN
2019-12-06,87.58,3119979,0,AMZN
2019-12-05,87.024,2827852,1,AMZN
2019-12-04,88.0345,2680700,0,AMZN
2019-12-03,88.498,3529582,0,AMZN
2019-12-02,89.08,3931750,0,AMZN
2019-11-29,90.04,1923440,0,AMZN
2019-11-27,90.9255,3035846,0,AMZN
2019-11-26,89.847,3190428,1,AMZN
2019-11-25,88.692,3489467,1,AMZN
2019-11-22,87.286,2479081,1,AMZN
2019-11-21,86.7355,2662938,1,AMZN
2019-11-20,87.2765,2793759,0,AMZN
2019-11-19,87.6395,2274535,0,AMZN
2019-11-18,87.6265,2841907,1,AMZN
2019-11-15,86.9745,3931141,1,AMZN
2019-11-14,87.73,2269417,0,AMZN
2019-11-13,87.6555,2926892,1,AMZN
2019-11-12,88.9,2038925,0,AMZN
2019-11-11,88.5825,1947810,1,AMZN
2019-11-08,89.294,2126198,0,AMZN
2019-11-07,89.41,2651086,0,AMZN
2019-11-06,89.7885,2029783,0,AMZN
2019-11-05,90.0855,1885543,0,AMZN
2019-11-04,90.233,2771922,0,AMZN
2019-11-01,89.572,2790354,1,AMZN
2019-10-31,88.833,2781185,1,AMZN
2019-10-30,88.9995,2449405,0,AMZN
2019-10-29,88.1355,2276855,1,AMZN
2019-10-28,88.854,3634788,0,AMZN
2019-10-25,88.0665,9626402,1,AMZN
2019-10-24,89.039,5204350,0,AMZN
2019-10-23,88.1085,2190380,1,AMZN
2019-10-22,88.2865,2234425,0,AMZN
2019-10-21,89.283,2130431,0,AMZN
2019-10-18,87.8755,3189382,1,AMZN
2019-10-17,89.374,2713773,0,AMZN
2019-10-16,88.8715,2804068,1,AMZN
2019-10-15,88.369,3129244,1,AMZN
2019-10-14,86.8215,1928898,1,AMZN
2019-10-11,86.596,3279534,1,AMZN
2019-10-10,86.013,2721531,1,AMZN
2019-10-09,86.0995,2089335,0,AMZN
2019-10-08,85.2755,2626840,1,AMZN
2019-10-07,86.633,2187598,0,AMZN
2019-10-04,86.9825,2489277,0,AMZN
2019-10-03,86.221,3624371,1,AMZN
2019-10-02,85.6615,3338476,1,AMZN
2019-10-01,86.7825,3170460,0,AMZN
2019-09-30,86.7955,2760768,0,AMZN
2019-09-27,86.2725,3948029,1,AMZN
2019-09-26,86.992,3571952,0,AMZN
2019-09-25,88.4165,3531098,0,AMZN
2019-09-24,87.0805,4637901,1,AMZN
2019-09-23,89.265,3139142,0,AMZN
2019-09-20,89.708,5555839,0,AMZN
2019-09-19,91.075,2078335,0,AMZN
2019-09-18,90.873,2536012,1,AMZN
2019-09-17,91.1275,2033058,0,AMZN
2019-09-16,90.392,3675473,1,AMZN
2019-09-13,91.967,1971317,0,AMZN
2019-09-12,92.1775,2823505,0,AMZN
2019-09-11,91.1495,2432767,1,AMZN
2019-09-10,91.0275,2613879,1,AMZN
2019-09-09,91.5675,2999515,0,AMZN
2019-09-06,91.6755,2496933,0,AMZN
2019-09-05,92.036,3325189,0,AMZN
2019-09-04,90.031,2326228,1,AMZN
2019-09-03,89.492,3546859,1,AMZN
2019-08-30,88.8145,3064147,1,AMZN
2019-08-29,89.32,3018012,0,AMZN
2019-08-28,88.2125,2411125,1,AMZN
2019-08-27,88.0915,3027245,1,AMZN
2019-08-26,88.4435,3085320,0,AMZN
2019-08-23,87.481,5277898,1,AMZN
2019-08-22,90.233,2658388,0,AMZN
2019-08-21,91.177,2039231,0,AMZN
2019-08-20,90.069,1932835,1,AMZN
2019-08-19,90.806,2820303,0,AMZN
2019-08-16,89.6285,3054240,1,AMZN
2019-08-15,88.806,3809948,1,AMZN
2019-08-14,88.148,4893649,1,AMZN
2019-08-13,91.217,4075021,0,AMZN
2019-08-12,89.246,2905498,1,AMZN
2019-08-09,90.379,2879770,0,AMZN
2019-08-08,91.6445,3701242,0,AMZN
2019-08-07,89.67,4526884,1,AMZN
2019-08-06,89.3915,5070258,1,AMZN
2019-08-05,88.2565,6058212,1,AMZN
2019-08-02,91.162,4956225,0,AMZN
2019-08-01,92.766,4713311,0,AMZN
2019-07-31,93.339,4470727,0,AMZN
2019-07-30,94.9265,2910888,0,AMZN
2019-07-29,95.6225,4493190,0,AMZN
2019-07-26,97.1525,4927143,0,AMZN
2019-07-25,98.691,4136394,0,AMZN
2019-07-24,100.0405,2631300,0,AMZN
2019-07-23,99.7245,2703480,1,AMZN
2019-07-22,99.2815,2908111,1,AMZN
2019-07-19,98.226,3185612,1,AMZN
2019-07-18,98.895,3504252,0,AMZN
2019-07-17,99.6015,2558809,0,AMZN
2019-07-16,100.495,2618198,0,AMZN
2019-07-15,101.0495,2981343,0,AMZN
2019-07-12,100.55,2509297,1,AMZN
2019-07-11,100.0535,4317766,1,AMZN
2019-07-10,100.8705,4931902,0,AMZN
2019-07-09,99.415,4345698,1,AMZN
2019-07-08,97.616,2883371,1,AMZN
2019-07-05,97.1455,2628359,1,AMZN
2019-07-03,96.95,1690294,1,AMZN
2019-07-02,96.7155,2651299,1,AMZN
2019-07-01,96.1095,3203347,1,AMZN
2019-06-28,94.6815,3037358,1,AMZN
2019-06-27,95.214,2141721,0,AMZN
2019-06-26,94.8915,2441910,1,AMZN
2019-06-25,93.9135,3012347,1,AMZN
2019-06-24,95.695,2282969,0,AMZN
2019-06-21,95.565,3933576,1,AMZN
2019-06-20,95.9095,3217153,0,AMZN
2019-06-19,95.4395,2895347,1,AMZN
2019-06-18,95.0685,3895728,1,AMZN
2019-06-17,94.3015,2634342,1,AMZN
2019-06-14,93.4835,2851163,1,AMZN
2019-06-13,93.515,2795810,0,AMZN
2019-06-12,92.766,2678335,1,AMZN
2019-06-11,93.185,4042694,0,AMZN
2019-06-10,93.0315,5371007,1,AMZN
2019-06-07,90.2015,4808246,1,AMZN
2019-06-06,87.718,3689272,1,AMZN
2019-06-05,86.925,4239782,1,AMZN
2019-06-04,86.478,5679121,1,AMZN
2019-06-03,84.6345,9098708,1,AMZN
2019-05-31,88.7535,4618819,0,AMZN
2019-05-30,90.816,3146850,0,AMZN
2019-05-29,90.9595,4279025,0,AMZN
2019-05-28,91.8215,3199965,0,AMZN
2019-05-24,91.164,3369673,1,AMZN
2019-05-23,90.774,4424265,1,AMZN
2019-05-22,92.984,2936601,0,AMZN
2019-05-21,92.876,4005122,1,AMZN
2019-05-20,92.9485,3798198,0,AMZN
2019-05-17,93.45,4736618,0,AMZN
2019-05-16,95.3785,4707822,0,AMZN
2019-05-15,93.5575,4692642,1,AMZN
2019-05-14,92.006,4629107,1,AMZN
2019-05-13,91.134,5783410,1,AMZN
2019-05-10,94.499,5717994,0,AMZN
2019-05-09,94.9935,5308263,0,AMZN
2019-05-08,95.8885,4078568,0,AMZN
2019-05-07,96.05,5902134,0,AMZN
2019-05-06,97.5275,5417841,0,AMZN
2019-05-03,98.123,6381564,0,AMZN
2019-05-02,95.041,3962915,1,AMZN
2019-05-01,95.576,3116964,0,AMZN
2019-04-30,96.326,3506007,0,AMZN
2019-04-29,96.9215,4021255,0,AMZN
2019-04-26,97.5315,8432563,0,AMZN
2019-04-25,95.1125,6099101,1,AMZN
2019-04-24,95.0875,3675781,1,AMZN
2019-04-23,96.1885,4640441,0,AMZN
2019-04-22,94.3655,3373807,1,AMZN
2019-04-18,93.0845,2749882,1,AMZN
2019-04-17,93.241,2893517,0,AMZN
2019-04-16,93.152,3044618,1,AMZN
2019-04-15,92.2435,3724423,1,AMZN
2019-04-12,92.153,3114413,1,AMZN
2019-04-11,92.2035,2654842,0,AMZN
2019-04-10,92.3665,2963973,0,AMZN
2019-04-09,91.792,3714368,1,AMZN
2019-04-08,92.493,3752841,0,AMZN
2019-04-05,91.864,3640476,1,AMZN
2019-04-04,90.943,3623867,1,AMZN
2019-04-03,91.035,3980590,0,AMZN
2019-04-02,90.699,3448115,1,AMZN
2019-04-01,90.7095,4238752,0,AMZN
2019-03-29,89.0375,3320793,1,AMZN
2019-03-28,88.671,3042958,1,AMZN
2019-03-27,88.285,4324801,1,AMZN
2019-03-26,89.188,4865880,0,AMZN
2019-03-25,88.713,5103803,1,AMZN
2019-03-22,88.2385,6362983,1,AMZN
2019-03-21,90.963,5767797,0,AMZN
2019-03-20,89.8635,6265633,1,AMZN
2019-03-19,88.0925,6364161,1,AMZN
2019-03-18,87.1075,5429058,1,AMZN
2019-03-15,85.618,7550870,1,AMZN
2019-03-14,84.311,2946618,1,AMZN
2019-03-13,84.5405,3552041,0,AMZN
2019-03-12,83.655,3614498,1,AMZN
2019-03-11,83.531,3876352,1,AMZN
2019-03-08,81.04,4667014,1,AMZN
2019-03-07,81.2975,4957017,0,AMZN
2019-03-06,83.4475,3996001,0,AMZN
2019-03-05,84.6215,3681522,0,AMZN
2019-03-04,84.8085,6167358,0,AMZN
2019-03-01,83.5865,4974877,1,AMZN
2019-02-28,81.9915,3025891,1,AMZN
2019-02-27,82.0545,3148824,0,AMZN
2019-02-26,81.82,2665815,1,AMZN
2019-02-25,81.65,3184462,1,AMZN
2019-02-22,81.578,3096191,1,AMZN
2019-02-21,80.972,3483392,1,AMZN
2019-02-20,81.105,3337589,0,AMZN
2019-02-19,81.379,3681656,0,AMZN
2019-02-15,80.3975,4343893,1,AMZN
2019-02-14,81.1325,4120524,0,AMZN
2019-02-13,82.0,3560321,0,AMZN
2019-02-12,81.9005,4858604,1,AMZN
2019-02-11,79.55,3317328,1,AMZN
2019-02-08,79.411,5657457,1,AMZN
2019-02-07,80.7185,4626589,0,AMZN
2019-02-06,82.013,3939883,0,AMZN
2019-02-05,82.9405,4453105,0,AMZN
2019-02-04,81.6655,4929187,1,AMZN
2019-02-01,81.3115,11506213,1,AMZN
2019-01-31,85.9365,10910338,0,AMZN
2019-01-30,83.5215,5783822,1,AMZN
2019-01-29,79.694,4632782,1,AMZN
2019-01-28,81.8945,4837711,0,AMZN
2019-01-25,83.5285,4959679,0,AMZN
2019-01-24,82.7465,4089943,1,AMZN
2019-01-23,82.001,5225212,1,AMZN
2019-01-22,81.6085,6416796,1,AMZN
2019-01-18,84.81,6020503,0,AMZN
2019-01-17,84.661,4208875,1,AMZN
2019-01-16,84.189,6366864,1,AMZN
2019-01-15,83.728,5998510,1,AMZN
2019-01-14,80.8605,6005888,1,AMZN
2019-01-11,82.028,4686222,0,AMZN
2019-01-10,82.811,6507693,0,AMZN
2019-01-09,82.971,6348801,0,AMZN
2019-01-08,82.829,8881428,1,AMZN
2019-01-07,81.4755,7993213,1,AMZN
2019-01-04,78.7695,9182575,1,AMZN
2019-01-03,75.014,6975572,1,AMZN
2019-01-02,76.9565,7983103,0,AMZN
2018-12-31,75.0985,6954507,1,AMZN
2018-12-28,73.901,8828950,1,AMZN
2018-12-27,73.082,9722034,1,AMZN
2018-12-26,73.545,10411801,0,AMZN
2018-12-24,67.198,7219996,1,AMZN
2018-12-21,68.8725,13640320,0,AMZN
2018-12-20,73.0415,9991833,0,AMZN
2018-12-19,74.754,8792189,0,AMZN
2018-12-18,77.574,6522975,0,AMZN
2018-12-17,76.0455,8829762,1,AMZN
2018-12-14,79.5955,6367163,0,AMZN
2018-12-13,82.919,5271162,0,AMZN
2018-12-12,83.177,6597968,0,AMZN
2018-12-11,82.162,6244695,1,AMZN
2018-12-10,82.0515,7494808,1,AMZN
2018-12-07,81.4565,7576132,1,AMZN
2018-12-06,84.9595,8789394,0,AMZN
2018-12-04,83.42,8694455,1,AMZN
2018-12-03,88.618,6862160,0,AMZN
2018-11-30,84.5085,5761761,1,AMZN
2018-11-29,83.6785,6613243,1,AMZN
2018-11-28,83.8875,8458738,0,AMZN
2018-11-27,79.071,5783227,1,AMZN
2018-11-26,79.0665,6257716,1,AMZN
2018-11-23,75.103,2707642,1,AMZN
2018-11-21,75.8365,5716800,0,AMZN
2018-11-20,74.773,10878823,1,AMZN
2018-11-19,75.6145,7789981,0,AMZN
2018-11-16,79.6705,6066080,0,AMZN
2018-11-15,80.972,8427337,0,AMZN
2018-11-14,79.9505,6486891,1,AMZN
2018-11-13,81.5585,5933271,0,AMZN
2018-11-12,81.8425,6806245,0,AMZN
2018-11-09,85.6215,5902186,0,AMZN
2018-11-08,87.7455,6534866,0,AMZN
2018-11-07,87.7745,8192234,0,AMZN
2018-11-06,82.1405,4257353,1,AMZN
2018-11-05,81.39,5624727,1,AMZN
2018-11-02,83.2765,6955548,0,AMZN
2018-11-01,83.2765,8135539,0,AMZN
2018-10-31,79.9005,9390211,1,AMZN
2018-10-30,76.521,12460086,1,AMZN
2018-10-29,76.944,13866077,0,AMZN
2018-10-26,82.1405,14963783,0,AMZN
2018-10-25,89.1085,10285742,0,AMZN
2018-10-24,83.21,6928383,1,AMZN
2018-10-23,88.435,6723913,0,AMZN
2018-10-22,89.465,4500015,0,AMZN
2018-10-19,88.2015,5907246,1,AMZN
2018-10-18,88.536,5873995,0,AMZN
2018-10-17,91.5865,5295177,0,AMZN
2018-10-16,90.998,5859918,1,AMZN
2018-10-15,88.0475,6437162,1,AMZN
2018-10-12,89.4305,9444587,0,AMZN
2018-10-11,85.968,13935872,1,AMZN
2018-10-10,87.7625,10988855,0,AMZN
2018-10-09,93.516,4772866,0,AMZN
2018-10-08,93.221,7393199,1,AMZN
2018-10-05,94.4825,6822327,0,AMZN
2018-10-04,95.471,7256973,0,AMZN
2018-10-03,97.638,5253131,0,AMZN
2018-10-02,98.5655,5400749,0,AMZN
2018-10-01,100.218,3468285,0,AMZN
2018-09-28,100.15,4085135,1,AMZN
2018-09-27,100.649,4329391,0,AMZN
2018-09-26,98.7425,4313459,1,AMZN
2018-09-25,98.7275,4538407,1,AMZN
2018-09-24,96.718,4213728,1,AMZN
2018-09-21,95.7505,6855898,1,AMZN
2018-09-20,97.215,3154934,0,AMZN
2018-09-19,96.321,4056822,1,AMZN
2018-09-18,97.0525,4268706,0,AMZN
2018-09-17,95.4015,7050192,1,AMZN
2018-09-14,98.5095,3642030,0,AMZN
2018-09-13,99.4935,3621511,0,AMZN
2018-09-12,99.5,4414012,0,AMZN
2018-09-11,99.3575,5033645,1,AMZN
2018-09-10,96.9505,4544831,1,AMZN
2018-09-07,97.6035,4892643,0,AMZN
2018-09-06,97.9155,7488680,0,AMZN
2018-09-05,99.741,8220576,0,AMZN
2018-09-04,101.9755,5721093,0,AMZN
2018-08-31,100.6355,4204378,1,AMZN
2018-08-30,100.119,7277257,1,AMZN
2018-08-29,99.905,6531761,1,AMZN
2018-08-28,96.641,3100727,1,AMZN
2018-08-27,96.384,3569037,1,AMZN
2018-08-24,95.2695,2800863,1,AMZN
2018-08-23,95.145,3562997,1,AMZN
2018-08-22,95.245,3080464,0,AMZN
2018-08-21,94.171,3105626,1,AMZN
2018-08-20,93.8355,2862016,1,AMZN
2018-08-17,94.111,4104300,0,AMZN
2018-08-16,94.326,3957090,0,AMZN
2018-08-15,94.131,7700682,1,AMZN
2018-08-14,95.9825,3986123,0,AMZN
2018-08-13,94.81,5531475,1,AMZN
2018-08-10,94.315,3639927,1,AMZN
2018-08-09,94.926,4860374,0,AMZN
2018-08-08,94.326,3963017,1,AMZN
2018-08-07,93.124,3377473,1,AMZN
2018-08-06,92.3875,3391825,1,AMZN
2018-08-03,91.1645,3460487,1,AMZN
2018-08-02,91.7165,4354681,0,AMZN
2018-08-01,89.8585,4153096,1,AMZN
2018-07-31,88.872,5738713,1,AMZN
2018-07-30,88.961,6562321,0,AMZN
2018-07-27,90.8635,9680959,0,AMZN
2018-07-26,90.4,9924371,1,AMZN
2018-07-25,93.1805,3836333,0,AMZN
2018-07-24,91.462,4278723,1,AMZN
2018-07-23,90.1,3888462,1,AMZN
2018-07-20,90.685,3891566,0,AMZN
2018-07-19,90.6485,4676942,1,AMZN
2018-07-18,92.146,4861913,0,AMZN
2018-07-17,92.1965,5682881,0,AMZN
2018-07-16,91.1245,5466195,1,AMZN
2018-07-13,90.6515,4386679,1,AMZN
2018-07-12,89.831,4532743,1,AMZN
2018-07-11,87.75,3209782,1,AMZN
2018-07-10,87.1535,3002905,1,AMZN
2018-07-09,86.951,3011988,1,AMZN
2018-07-06,85.5315,2650262,1,AMZN
2018-07-05,84.9865,2983110,1,AMZN
2018-07-03,84.698,2177276,1,AMZN
2018-07-02,85.689,3185696,0,AMZN
2018-06-29,84.99,4543508,1,AMZN
2018-06-28,85.0725,4529700,0,AMZN
2018-06-27,83.0255,4872201,1,AMZN
2018-06-26,84.5545,4386585,0,AMZN
2018-06-25,83.1575,7511196,1,AMZN
2018-06-22,85.7835,4075124,0,AMZN
2018-06-21,86.511,4941148,0,AMZN
2018-06-20,87.504,4332591,0,AMZN
2018-06-19,86.739,4290117,1,AMZN
2018-06-18,86.1895,3107742,1,AMZN
2018-06-15,85.7985,4777646,1,AMZN
2018-06-14,86.193,3174415,0,AMZN
2018-06-13,85.243,3327529,1,AMZN
2018-06-12,84.9375,2259215,1,AMZN
2018-06-11,84.456,2335484,1,AMZN
2018-06-08,84.1995,2955110,1,AMZN
2018-06-07,84.465,3765687,0,AMZN
2018-06-06,84.7875,5473213,0,AMZN
2018-06-05,84.8175,4782177,0,AMZN
2018-06-04,83.2635,3187737,1,AMZN
2018-06-01,82.077,3313385,1,AMZN
2018-05-31,81.481,3166330,1,AMZN
2018-05-30,81.2445,2907357,1,AMZN
2018-05-29,80.6435,3846477,1,AMZN
2018-05-25,80.5075,2698400,1,AMZN
2018-05-24,80.1535,3429975,1,AMZN
2018-05-23,80.093,3361892,1,AMZN
2018-05-22,79.07,2115639,1,AMZN
2018-05-21,79.273,2925235,0,AMZN
2018-05-18,78.7185,2642584,1,AMZN
2018-05-17,79.088,2147606,0,AMZN
2018-05-16,79.364,2570572,0,AMZN
2018-05-15,78.806,5077465,1,AMZN
2018-05-14,80.077,2509483,0,AMZN
2018-05-11,80.1455,2263900,0,AMZN
2018-05-10,80.454,2817450,0,AMZN
2018-05-09,80.4,3637302,1,AMZN
2018-05-08,79.6195,3067949,1,AMZN
2018-05-07,80.007,3801855,0,AMZN
2018-05-04,79.0475,3443567,1,AMZN
2018-05-03,78.604,4251917,1,AMZN
2018-05-02,78.484,4360273,1,AMZN
2018-05-01,79.113,4572071,0,AMZN
2018-04-30,78.3065,5464085,1,AMZN
2018-04-27,78.631,13053241,0,AMZN
2018-04-26,75.898,8801101,1,AMZN
2018-04-25,73.0085,6587290,1,AMZN
2018-04-24,73.0045,7494699,1,AMZN
2018-04-23,75.893,4465424,0,AMZN
2018-04-20,76.3745,5541622,0,AMZN
2018-04-19,77.8455,6523728,0,AMZN
2018-04-18,76.392,5227509,1,AMZN
2018-04-17,75.1915,5114403,1,AMZN
2018-04-16,72.075,2808624,1,AMZN
2018-04-13,71.5395,3685267,1,AMZN
2018-04-12,72.425,3135027,0,AMZN
2018-04-11,71.3525,3582533,1,AMZN
2018-04-10,71.811,4280144,0,AMZN
2018-04-09,70.304,4208206,1,AMZN
2018-04-06,70.2615,5882257,1,AMZN
2018-04-05,72.5875,6413459,0,AMZN
2018-04-04,70.5285,6982305,1,AMZN
2018-04-03,69.6025,10231212,1,AMZN
2018-04-02,68.5995,10463607,1,AMZN
2018-03-29,72.367,12581121,0,AMZN
2018-03-28,71.571,13705317,1,AMZN
2018-03-27,74.8525,6793279,0,AMZN
2018-03-26,77.793,5547618,0,AMZN
2018-03-23,74.778,7843966,1,AMZN
2018-03-22,77.246,6177737,0,AMZN
2018-03-21,79.093,4667291,0,AMZN
2018-03-20,79.3255,4507049,0,AMZN
2018-03-19,77.2465,6376619,1,AMZN
2018-03-16,78.584,5145054,0,AMZN
2018-03-15,79.116,4026744,0,AMZN
2018-03-14,79.55,4164395,0,AMZN
2018-03-13,79.409,6427066,1,AMZN
2018-03-12,79.9195,5115886,0,AMZN
2018-03-09,78.9445,4417059,1,AMZN
2018-03-08,77.593,3512528,1,AMZN
2018-03-07,77.25,4174123,1,AMZN
2018-03-06,76.882,4561718,1,AMZN
2018-03-05,76.1805,5233934,1,AMZN
2018-03-02,75.0125,6587564,1,AMZN
2018-03-01,74.6725,6835230,1,AMZN
2018-02-28,75.6225,4426580,0,AMZN
2018-02-27,75.599,4708378,1,AMZN
2018-02-26,76.0975,4909053,0,AMZN
2018-02-23,75.0,4327008,1,AMZN
2018-02-22,74.267,4732555,1,AMZN
2018-02-21,74.146,6216694,1,AMZN
2018-02-20,73.4175,6388374,1,AMZN
2018-02-16,72.4345,4410879,1,AMZN
2018-02-15,73.088,5598111,0,AMZN
2018-02-14,72.5525,5881238,1,AMZN
2018-02-13,70.7255,5858860,1,AMZN
2018-02-12,69.3115,6682214,1,AMZN
2018-02-09,66.98,13787886,1,AMZN
2018-02-08,67.525,8108560,0,AMZN
2018-02-07,70.839,7066828,0,AMZN
2018-02-06,72.142,10773963,0,AMZN
2018-02-05,69.5,10756332,1,AMZN
2018-02-02,71.4975,10915962,0,AMZN
2018-02-01,69.5,7812953,1,AMZN
2018-01-31,72.5445,6220396,0,AMZN
2018-01-30,71.891,5736512,1,AMZN
2018-01-29,70.884,5628992,1,AMZN
2018-01-26,70.1025,4584082,1,AMZN
2018-01-25,68.8975,4621862,1,AMZN
2018-01-24,67.8755,6730084,1,AMZN
2018-01-23,68.127,5056764,0,AMZN
2018-01-22,66.3655,3970151,1,AMZN
2018-01-19,64.729,4395070,1,AMZN
2018-01-18,64.666,3941007,1,AMZN
2018-01-17,64.75,5166748,0,AMZN
2018-01-16,65.243,7111172,0,AMZN
2018-01-12,65.26,5360681,0,AMZN
2018-01-11,63.834,3075315,1,AMZN
2018-01-10,62.7165,2659507,1,AMZN
2018-01-09,62.635,3646681,1,AMZN
2018-01-08,62.3435,4177533,1,AMZN
2018-01-05,61.457,3430148,1,AMZN
2018-01-04,60.4795,3000366,1,AMZN
2018-01-03,60.21,3044664,1,AMZN
2018-01-02,59.4505,2587899,1,AMZN
2017-12-29,58.4735,2625283,1,AMZN
2017-12-28,59.305,1803460,0,AMZN
2017-12-27,59.113,1779382,1,AMZN
2017-12-26,58.838,1964871,1,AMZN
2017-12-22,58.418,1553997,1,AMZN
2017-12-21,58.738,2042448,0,AMZN
2017-12-20,58.881,2318916,0,AMZN
2017-12-19,59.369,2555235,0,AMZN
2017-12-18,59.529,2767271,0,AMZN
2017-12-15,58.957,4539895,1,AMZN
2017-12-14,58.713,3069993,1,AMZN
2017-12-13,58.2065,2555053,1,AMZN
2017-12-12,58.254,2197697,0,AMZN
2017-12-11,58.446,2257922,0,AMZN
2017-12-08,58.1,2957785,1,AMZN
2017-12-07,57.9895,2408323,1,AMZN
2017-12-06,57.6175,2756730,1,AMZN
2017-12-05,57.0785,4033184,1,AMZN
2017-12-04,56.6975,5872358,1,AMZN
2017-12-01,58.1175,4070722,0,AMZN
2017-11-30,58.8375,4470183,0,AMZN
2017-11-29,58.0635,9239087,1,AMZN
2017-11-28,59.68,4463476,0,AMZN
2017-11-27,59.7915,6701343,0,AMZN
2017-11-24,59.3,3526582,1,AMZN
2017-11-22,57.808,3516336,1,AMZN
2017-11-21,56.9745,2449503,1,AMZN
2017-11-20,56.3155,2134381,1,AMZN
2017-11-17,56.494,2333554,0,AMZN
2017-11-16,56.8645,2190456,0,AMZN
2017-11-15,56.3345,3897230,1,AMZN
2017-11-14,56.842,3042295,0,AMZN
2017-11-13,56.4585,2897563,1,AMZN
2017-11-10,56.2675,2162985,1,AMZN
2017-11-09,56.4565,3661411,0,AMZN
2017-11-08,56.644,2534748,0,AMZN
2017-11-07,56.1585,2623474,1,AMZN
2017-11-06,56.033,3313857,1,AMZN
2017-11-03,55.58,3685172,1,AMZN
2017-11-02,54.711,3658748,1,AMZN
2017-11-01,55.184,3723680,0,AMZN
2017-10-31,55.264,3428461,0,AMZN
2017-10-30,55.5425,6516639,0,AMZN
2017-10-27,55.0475,16360527,1,AMZN
2017-10-26,48.6215,3670282,1,AMZN
2017-10-25,48.6455,2969295,0,AMZN
2017-10-24,48.795,2666782,0,AMZN
2017-10-23,48.315,3465469,1,AMZN
2017-10-20,49.1455,2294145,0,AMZN
2017-10-19,49.3305,3040066,0,AMZN
2017-10-18,49.85,2477357,0,AMZN
2017-10-17,50.4565,2307075,0,AMZN
2017-10-16,50.317,1991556,1,AMZN
2017-10-13,50.147,2399403,1,AMZN
2017-10-12,50.0465,4056172,1,AMZN
2017-10-11,49.75,2310872,1,AMZN
2017-10-10,49.36,3062820,1,AMZN
2017-10-09,49.5495,2927994,0,AMZN
2017-10-06,49.479,3719840,1,AMZN
2017-10-05,49.0425,3119487,1,AMZN
2017-10-04,48.2725,2460721,1,AMZN
2017-10-03,47.855,2643484,1,AMZN
2017-10-02,47.9595,2415846,0,AMZN
2017-09-29,48.0675,2411643,0,AMZN
2017-09-28,47.82,2512567,1,AMZN
2017-09-27,47.5435,3111263,1,AMZN
2017-09-26,46.93,3464183,1,AMZN
2017-09-25,46.9895,5065542,0,AMZN
2017-09-22,47.755,2602418,0,AMZN
2017-09-21,48.2325,2252940,0,AMZN
2017-09-20,48.6605,2727355,0,AMZN
2017-09-19,48.493,2614059,1,AMZN
2017-09-18,48.7095,3376772,0,AMZN
2017-09-15,49.3395,3697742,0,AMZN
2017-09-14,49.6105,3788472,0,AMZN
2017-09-13,49.98,3314978,0,AMZN
2017-09-12,49.129,2444699,1,AMZN
2017-09-11,48.898,2134582,1,AMZN
2017-09-08,48.295,2578269,1,AMZN
2017-09-07,48.9735,2536000,0,AMZN
2017-09-06,48.39,2106605,1,AMZN
2017-09-05,48.2635,2875228,1,AMZN
2017-09-01,48.9125,2423132,0,AMZN
2017-08-31,49.03,3280945,0,AMZN
2017-08-30,48.3795,2860718,1,AMZN
2017-08-29,47.703,2853972,1,AMZN
2017-08-28,47.301,2529087,1,AMZN
2017-08-25,47.263,3292776,1,AMZN
2017-08-24,47.6225,5086748,0,AMZN
2017-08-23,47.9,2590245,0,AMZN
2017-08-22,48.345,2718261,0,AMZN
2017-08-21,47.6645,3008450,1,AMZN
2017-08-18,47.9235,3248677,0,AMZN
2017-08-17,48.0285,3396045,0,AMZN
2017-08-16,48.909,3096051,0,AMZN
2017-08-15,49.137,2513139,0,AMZN
2017-08-14,49.165,3008007,0,AMZN
2017-08-11,48.3995,3431423,1,AMZN
2017-08-10,47.846,5560388,1,AMZN
2017-08-09,49.1005,3434077,0,AMZN
2017-08-08,49.492,2847527,0,AMZN
2017-08-07,49.6135,2676607,0,AMZN
2017-08-04,49.379,2704026,1,AMZN
2017-08-03,49.346,3203134,1,AMZN
2017-08-02,49.7945,4017780,0,AMZN
2017-08-01,49.8095,4421395,0,AMZN
2017-07-31,49.389,7246638,1,AMZN
2017-07-28,51.002,7624498,0,AMZN
2017-07-27,52.3,9905158,0,AMZN
2017-07-26,52.64,2828980,0,AMZN
2017-07-25,51.9935,2432328,1,AMZN
2017-07-24,51.9475,3212499,1,AMZN
2017-07-21,51.2835,2677517,1,AMZN
2017-07-20,51.435,2964341,0,AMZN
2017-07-19,51.3435,2936902,1,AMZN
2017-07-18,51.2225,3957892,1,AMZN
2017-07-17,50.502,3636801,1,AMZN
2017-07-14,50.0905,2066362,1,AMZN
2017-07-13,50.0315,2864533,1,AMZN
2017-07-12,50.3255,3491988,0,AMZN
2017-07-11,49.7065,2947479,1,AMZN
2017-07-10,49.8235,3462884,0,AMZN
2017-07-07,48.938,2582645,1,AMZN
2017-07-06,48.257,3229378,1,AMZN
2017-07-05,48.57,3587645,0,AMZN
2017-07-03,47.683,2908267,1,AMZN
2017-06-30,48.4,3309138,0,AMZN
2017-06-29,48.7965,4246765,0,AMZN
2017-06-28,49.5165,3708638,0,AMZN
2017-06-27,48.839,3735360,1,AMZN
2017-06-26,49.699,3347195,0,AMZN
2017-06-23,50.187,2645973,0,AMZN
2017-06-22,50.065,2221035,1,AMZN
2017-06-21,50.1115,2892563,0,AMZN
2017-06-20,49.6295,4040990,1,AMZN
2017-06-19,49.7585,4967600,0,AMZN
2017-06-16,49.3855,11314754,1,AMZN
2017-06-15,48.2085,5202147,1,AMZN
2017-06-14,48.8235,3943670,0,AMZN
2017-06-13,49.0395,4533933,0,AMZN
2017-06-12,48.2455,9393802,1,AMZN
2017-06-09,48.9155,7647692,0,AMZN
2017-06-08,50.5135,2724408,0,AMZN
2017-06-07,50.5035,2779551,1,AMZN
2017-06-06,50.15,3298378,1,AMZN
2017-06-05,50.567,2676857,0,AMZN
2017-06-02,50.3365,3714954,1,AMZN
2017-06-01,49.7975,2384298,1,AMZN
2017-05-31,49.731,3912535,1,AMZN
2017-05-30,49.835,3245760,0,AMZN
2017-05-26,49.789,3394090,1,AMZN
2017-05-25,49.669,4737390,1,AMZN
2017-05-24,49.0175,2407995,1,AMZN
2017-05-23,48.577,2395510,1,AMZN
2017-05-22,48.5335,2613805,1,AMZN
2017-05-19,47.992,3846299,1,AMZN
2017-05-18,47.9245,3876816,1,AMZN
2017-05-17,47.238,5073254,1,AMZN
2017-05-16,48.3035,3050005,0,AMZN
2017-05-15,47.8985,4245856,1,AMZN
2017-05-12,48.0675,3605620,0,AMZN
2017-05-11,47.381,2135393,1,AMZN
2017-05-10,47.4475,2083441,0,AMZN
2017-05-09,47.641,3230630,0,AMZN
2017-05-08,47.452,3370672,1,AMZN
2017-05-05,46.7075,2856585,1,AMZN
2017-05-04,46.8765,2380874,0,AMZN
2017-05-03,47.0515,3544234,0,AMZN
2017-05-02,47.347,3800912,0,AMZN
2017-05-01,47.4115,5415793,0,AMZN
2017-04-28,46.2495,7278819,1,AMZN
2017-04-27,45.919,4255693,1,AMZN
2017-04-26,45.4645,2562595,1,AMZN
2017-04-25,45.381,3367734,1,AMZN
2017-04-24,45.3705,3118123,1,AMZN
2017-04-21,44.9265,2420494,1,AMZN
2017-04-20,45.103,2814441,0,AMZN
2017-04-19,44.96,2870242,1,AMZN
2017-04-18,45.189,2999238,0,AMZN
2017-04-17,45.0995,2854673,1,AMZN
2017-04-13,44.2335,3174583,1,AMZN
2017-04-12,44.8115,2456140,0,AMZN
2017-04-11,45.118,3012743,0,AMZN
2017-04-10,45.352,3184301,0,AMZN
2017-04-07,44.744,3707367,1,AMZN
2017-04-06,44.914,6344065,0,AMZN
2017-04-05,45.464,7508370,0,AMZN
2017-04-04,45.3415,4984656,1,AMZN
2017-04-03,44.5755,3422328,1,AMZN
2017-03-31,44.327,3957612,1,AMZN
2017-03-30,43.817,2762730,1,AMZN
2017-03-29,43.716,4485770,1,AMZN
2017-03-28,42.8,3041633,1,AMZN
2017-03-27,42.341,2755775,1,AMZN
2017-03-24,42.2805,2138269,1,AMZN
2017-03-23,42.369,1952964,0,AMZN
2017-03-22,42.403,2658669,0,AMZN
2017-03-21,42.16,4382852,1,AMZN
2017-03-20,42.8485,2282727,0,AMZN
2017-03-17,42.6155,3384403,1,AMZN
2017-03-16,42.671,1842296,0,AMZN
2017-03-15,42.6485,2562176,1,AMZN
2017-03-14,42.6265,2130586,1,AMZN
2017-03-13,42.7295,1909672,0,AMZN
2017-03-10,42.623,2436434,1,AMZN
2017-03-09,42.65,2048187,0,AMZN
2017-03-08,42.525,2288317,1,AMZN
2017-03-07,42.301,2247554,1,AMZN
2017-03-06,42.3305,2610370,0,AMZN
2017-03-03,42.494,1951575,0,AMZN
2017-03-02,42.4455,2132098,1,AMZN
2017-03-01,42.654,2760083,0,AMZN
2017-02-28,42.252,2793709,1,AMZN
2017-02-27,42.432,2713627,0,AMZN
2017-02-24,42.262,3687963,1,AMZN
2017-02-23,42.6095,3461984,0,AMZN
2017-02-22,42.7805,2616971,0,AMZN
2017-02-21,42.822,3507742,0,AMZN
2017-02-17,42.2535,3112275,1,AMZN
2017-02-16,42.207,2714667,1,AMZN
2017-02-15,42.135,2968853,1,AMZN
2017-02-14,41.8195,2792442,1,AMZN
2017-02-13,41.8265,4172618,0,AMZN
2017-02-10,41.373,2429609,1,AMZN
2017-02-09,41.068,2484948,1,AMZN
2017-02-08,40.9855,2857985,1,AMZN
2017-02-07,40.625,3466091,1,AMZN
2017-02-06,40.382,3897301,1,AMZN
2017-02-03,40.51,10868773,0,AMZN
2017-02-02,41.9975,7350492,0,AMZN
2017-02-01,41.6175,3850181,1,AMZN
2017-01-31,41.174,3137196,1,AMZN
2017-01-30,41.519,3747336,0,AMZN
2017-01-27,41.7885,2998700,0,AMZN
2017-01-26,41.9575,3586323,0,AMZN
2017-01-25,41.826,4023078,1,AMZN
2017-01-24,41.122,2971740,1,AMZN
2017-01-23,40.894,2797474,1,AMZN
2017-01-20,40.4165,3376196,1,AMZN
2017-01-19,40.452,2540784,0,AMZN
2017-01-18,40.374,2354201,1,AMZN
2017-01-17,40.486,3670529,0,AMZN
2017-01-13,40.857,3791945,0,AMZN
2017-01-12,40.682,4873922,1,AMZN
2017-01-11,39.951,2992791,1,AMZN
2017-01-10,39.795,2558369,1,AMZN
2017-01-09,39.846,3446109,0,AMZN
2017-01-06,39.7995,5986234,1,AMZN
2017-01-05,39.0225,5830068,1,AMZN
2017-01-04,37.859,2510526,1,AMZN
2017-01-03,37.6835,3521066,1,AMZN
2016-12-30,37.4935,4139449,1,AMZN
2016-12-29,38.2575,3158299,0,AMZN
2016-12-28,38.6065,3301025,0,AMZN
2016-12-27,38.57,2638725,1,AMZN
2016-12-23,38.0295,1981616,1,AMZN
2016-12-22,38.317,2543551,0,AMZN
2016-12-21,38.53,2044629,0,AMZN
2016-12-20,38.561,2703629,0,AMZN
2016-12-19,38.3,3113240,1,AMZN
2016-12-16,37.8885,4848219,1,AMZN
2016-12-15,38.05,3801927,0,AMZN
2016-12-14,38.441,5454836,0,AMZN
2016-12-13,38.717,5285288,0,AMZN
2016-12-12,38.006,2963945,1,AMZN
2016-12-09,38.433,2470923,0,AMZN
2016-12-08,38.3665,3189608,1,AMZN
2016-12-07,38.521,3684906,0,AMZN
2016-12-06,38.236,3794746,1,AMZN
2016-12-05,37.968,4314723,1,AMZN
2016-12-02,37.017,3561307,1,AMZN
2016-12-01,37.1825,4665993,0,AMZN
2016-11-30,37.5285,4625946,0,AMZN
2016-11-29,38.126,3272344,0,AMZN
2016-11-28,38.3385,4438828,0,AMZN
2016-11-25,39.0185,1837068,0,AMZN
2016-11-23,39.006,3540263,1,AMZN
2016-11-22,39.2665,5311320,0,AMZN
2016-11-21,39.0,4614574,1,AMZN
2016-11-18,38.008,4373408,1,AMZN
2016-11-17,37.82,3690112,1,AMZN
2016-11-16,37.3245,3648791,1,AMZN
2016-11-15,37.162,6755785,1,AMZN
2016-11-14,35.9535,7321344,1,AMZN
2016-11-11,36.9505,6622784,0,AMZN
2016-11-10,37.119,12746994,0,AMZN
2016-11-09,38.594,8562892,0,AMZN
2016-11-08,39.3875,3412629,0,AMZN
2016-11-07,39.2465,5984354,1,AMZN
2016-11-04,37.7525,5122103,1,AMZN
2016-11-03,38.3515,3872496,0,AMZN
2016-11-02,38.278,5026504,1,AMZN
2016-11-01,39.2705,5305428,0,AMZN
2016-10-31,39.491,5413326,0,AMZN
2016-10-28,38.816,10841073,1,AMZN
2016-10-27,40.918,7406385,0,AMZN
2016-10-26,41.1295,3998102,0,AMZN
2016-10-25,41.759,3248358,0,AMZN
2016-10-24,41.9045,4060899,0,AMZN
2016-10-21,40.9495,2793015,1,AMZN
2016-10-20,40.516,3151954,1,AMZN
2016-10-19,40.8845,2090706,0,AMZN
2016-10-18,40.8825,2512504,1,AMZN
2016-10-17,40.6475,3361492,1,AMZN
2016-10-14,41.148,2999814,0,AMZN
2016-10-13,41.464,3091387,0,AMZN
2016-10-12,41.7045,2380416,0,AMZN
2016-10-11,41.55,3588180,1,AMZN
2016-10-10,42.0855,1827143,0,AMZN
2016-10-07,41.9715,2426228,1,AMZN
2016-10-06,42.083,2684013,0,AMZN
2016-10-05,42.218,3469055,0,AMZN
2016-10-04,41.7015,2950314,1,AMZN
2016-10-03,41.837,2769448,0,AMZN
2016-09-30,41.8655,4430566,0,AMZN
2016-09-29,41.4525,4922248,1,AMZN
2016-09-28,41.436,4422078,1,AMZN
2016-09-27,40.8055,3819600,1,AMZN
2016-09-26,39.958,2651397,1,AMZN
2016-09-23,40.2875,2353511,0,AMZN
2016-09-22,40.235,4078910,1,AMZN
2016-09-21,39.487,2718644,1,AMZN
2016-09-20,39.011,1937164,1,AMZN
2016-09-19,38.755,2297221,1,AMZN
2016-09-16,38.926,5499182,0,AMZN
2016-09-15,38.4845,3043534,1,AMZN
2016-09-14,38.0545,2531822,1,AMZN
2016-09-13,38.0505,3117224,1,AMZN
2016-09-12,38.5745,3124704,0,AMZN
2016-09-09,38.007,4257344,1,AMZN
2016-09-08,39.203,2030511,0,AMZN
2016-09-07,39.224,2424622,0,AMZN
2016-09-06,39.4435,3719788,0,AMZN
2016-09-02,38.622,2181792,1,AMZN
2016-09-01,38.531,1792271,1,AMZN
2016-08-31,38.458,1633789,1,AMZN
2016-08-30,38.379,1709158,1,AMZN
2016-08-29,38.5645,2198560,0,AMZN
2016-08-26,38.45,2776830,1,AMZN
2016-08-25,37.961,1622992,1,AMZN
2016-08-24,37.8625,1744107,1,AMZN
2016-08-23,38.1225,1524131,0,AMZN
2016-08-22,37.974,1679251,1,AMZN
2016-08-19,37.8655,2343237,1,AMZN
2016-08-18,38.223,1458834,0,AMZN
2016-08-17,38.2315,1891116,0,AMZN
2016-08-16,38.202,1604561,1,AMZN
2016-08-15,38.4245,2118521,0,AMZN
2016-08-12,38.628,1563318,0,AMZN
2016-08-11,38.562,2019740,1,AMZN
2016-08-10,38.428,1604280,1,AMZN
2016-08-09,38.4155,1876091,1,AMZN
2016-08-08,38.328,1986272,1,AMZN
2016-08-05,38.299,2704391,1,AMZN
2016-08-04,38.0385,3178208,1,AMZN
2016-08-03,37.732,3581525,1,AMZN
2016-08-02,38.029,3603280,0,AMZN
2016-08-01,38.387,3578205,0,AMZN
2016-07-29,37.9405,6777050,1,AMZN
2016-07-28,37.6305,7617580,1,AMZN
2016-07-27,36.8335,2913134,1,AMZN
2016-07-26,36.7795,2529692,1,AMZN
2016-07-25,36.9805,2679290,0,AMZN
2016-07-22,37.243,2277711,0,AMZN
2016-07-21,37.2215,2317072,1,AMZN
2016-07-20,37.286,2214023,0,AMZN
2016-07-19,36.9975,2216820,1,AMZN
2016-07-18,36.8035,2954914,1,AMZN
2016-07-15,36.772,3121385,1,AMZN
2016-07-14,37.06,2390472,0,AMZN
2016-07-13,37.1315,4142265,0,AMZN
2016-07-12,37.4105,5623657,0,AMZN
2016-07-11,37.689,3195272,0,AMZN
2016-07-08,37.2905,3429217,1,AMZN
2016-07-07,36.8285,2945783,1,AMZN
2016-07-06,36.8805,3938249,0,AMZN
2016-07-05,36.405,2431431,1,AMZN
2016-07-01,36.284,2920423,1,AMZN
2016-06-30,35.781,2855142,1,AMZN
2016-06-29,35.78,3070052,1,AMZN
2016-06-28,35.3975,4036957,1,AMZN
2016-06-27,34.568,5584037,1,AMZN
2016-06-24,34.948,7632511,0,AMZN
2016-06-23,36.104,2824974,0,AMZN
2016-06-22,35.53,2260454,1,AMZN
2016-06-21,35.791,2137534,0,AMZN
2016-06-20,35.7005,3677162,1,AMZN
2016-06-17,35.3195,5897788,1,AMZN
2016-06-16,35.8755,3097961,0,AMZN
2016-06-15,35.713,2709447,1,AMZN
2016-06-14,35.965,2506922,0,AMZN
2016-06-13,35.762,3352201,1,AMZN
2016-06-10,35.8955,3425718,0,AMZN
2016-06-09,36.3825,2170318,0,AMZN
2016-06-08,36.332,2223366,1,AMZN
2016-06-07,36.187,2732463,1,AMZN
2016-06-06,36.3365,2704806,0,AMZN
2016-06-03,36.277,3367306,1,AMZN
2016-06-02,36.412,3026583,0,AMZN
2016-06-01,35.972,3263107,1,AMZN
2016-05-31,36.1395,3618323,0,AMZN
2016-05-27,35.612,2249164,1,AMZN
2016-05-26,35.7455,2446681,0,AMZN
2016-05-25,35.4175,3276631,1,AMZN
2016-05-24,35.21,3033782,1,AMZN
2016-05-23,34.8375,2595082,1,AMZN
2016-05-20,35.14,2916165,0,AMZN
2016-05-19,34.926,3025566,1,AMZN
2016-05-18,34.8725,4283189,1,AMZN
2016-05-17,34.7635,5121357,1,AMZN
2016-05-16,35.533,5432920,0,AMZN
2016-05-13,35.496,4763419,1,AMZN
2016-05-12,35.8965,5048150,0,AMZN
2016-05-11,35.6615,7338196,1,AMZN
2016-05-10,35.1535,6105570,1,AMZN
2016-05-09,33.9875,3982161,1,AMZN
2016-05-06,33.6975,4365345,1,AMZN
2016-05-05,32.9545,4884114,1,AMZN
2016-05-04,33.545,4635462,0,AMZN
2016-05-03,33.566,4923351,0,AMZN
2016-05-02,34.1925,6578517,0,AMZN
2016-04-29,32.9795,10310739,1,AMZN
2016-04-28,30.1,7872605,1,AMZN
2016-04-27,30.3285,4068767,0,AMZN
2016-04-26,30.844,2521433,0,AMZN
2016-04-25,31.31,2682924,0,AMZN
2016-04-22,31.025,5083904,1,AMZN
2016-04-21,31.55,2596298,0,AMZN
2016-04-20,31.6495,2609425,0,AMZN
2016-04-19,31.395,4055870,1,AMZN
2016-04-18,31.7675,4360883,0,AMZN
2016-04-15,31.2945,2887681,1,AMZN
2016-04-14,31.0375,3512136,1,AMZN
2016-04-13,30.741,4228349,1,AMZN
2016-04-12,30.1585,2641062,1,AMZN
2016-04-11,29.7965,2704267,1,AMZN
2016-04-08,29.73,2591936,1,AMZN
2016-04-07,29.5715,3189037,1,AMZN
2016-04-06,30.104,2849909,0,AMZN
2016-04-05,29.307,2308884,1,AMZN
2016-04-04,29.6595,2470825,0,AMZN
2016-04-01,29.925,2917386,0,AMZN
2016-03-31,29.682,2681811,1,AMZN
2016-03-30,29.9345,3890461,0,AMZN
2016-03-29,29.693,4392567,1,AMZN
2016-03-28,28.9935,3121522,1,AMZN
2016-03-24,29.1475,5185539,0,AMZN
2016-03-23,28.4815,3983720,1,AMZN
2016-03-22,28.024,4000564,1,AMZN
2016-03-21,27.699,5155732,1,AMZN
2016-03-18,27.604,7296885,1,AMZN
2016-03-17,27.972,5928105,0,AMZN
2016-03-16,28.7135,3537669,0,AMZN
2016-03-15,28.851,3876821,0,AMZN
2016-03-14,28.6685,3454152,1,AMZN
2016-03-11,28.4805,3771310,1,AMZN
2016-03-10,27.9465,3919892,1,AMZN
2016-03-09,27.9735,4377283,0,AMZN
2016-03-08,28.013,4679663,0,AMZN
2016-03-07,28.14,4932527,0,AMZN
2016-03-04,28.757,3416545,0,AMZN
2016-03-03,28.8745,2741292,0,AMZN
2016-03-02,29.0105,4582170,0,AMZN
2016-03-01,28.952,5038452,1,AMZN
2016-02-29,27.626,4145396,1,AMZN
2016-02-26,27.7615,4877039,0,AMZN
2016-02-25,27.7575,4525463,1,AMZN
2016-02-24,27.702,6231668,1,AMZN
2016-02-23,27.647,4050790,1,AMZN
2016-02-22,27.975,5566553,0,AMZN
2016-02-19,26.745,4974717,1,AMZN
2016-02-18,26.25,4735008,1,AMZN
2016-02-17,26.705,4824002,0,AMZN
2016-02-16,26.055,5118500,1,AMZN
2016-02-12,25.354,5384787,1,AMZN
2016-02-11,25.191,7397393,1,AMZN
2016-02-10,24.524,6786181,1,AMZN
2016-02-09,24.1035,7077915,1,AMZN
2016-02-08,24.405,9825509,0,AMZN
2016-02-05,25.1065,9708929,0,AMZN
2016-02-04,26.813,6199070,0,AMZN
2016-02-03,26.5535,10048709,1,AMZN
2016-02-02,27.605,6312045,0,AMZN
2016-02-01,28.7405,6355123,0,AMZN
2016-01-29,29.35,14677550,0,AMZN
2016-01-28,31.7675,14015171,0,AMZN
2016-01-27,29.1675,5152853,1,AMZN
2016-01-26,30.0625,3765655,0,AMZN
2016-01-25,29.8265,4396079,1,AMZN
2016-01-22,29.819,5120144,1,AMZN
2016-01-21,28.751,4952217,1,AMZN
2016-01-20,28.5885,7966406,1,AMZN
2016-01-19,28.724,4807165,0,AMZN
2016-01-15,28.509,7784523,1,AMZN
2016-01-14,29.65,7237978,0,AMZN
2016-01-13,29.0905,7655239,1,AMZN
2016-01-12,30.8945,4724100,0,AMZN
2016-01-11,30.887,4891551,1,AMZN
2016-01-08,30.3525,5512915,1,AMZN
2016-01-07,30.397,7074915,0,AMZN
2016-01-06,31.6325,5329197,0,AMZN
2016-01-05,31.6895,5822603,0,AMZN
2016-01-04,31.8495,9314519,0,AMZN
2015-12-31,33.7945,3749560,0,AMZN
2015-12-30,34.4535,3519003,0,AMZN
2015-12-29,34.6985,5734996,0,AMZN
2015-12-28,33.76,3783555,1,AMZN
2015-12-24,33.1395,1092970,1,AMZN
2015-12-23,33.185,2722922,0,AMZN
2015-12-22,33.1575,2667795,1,AMZN
2015-12-21,33.2255,3250900,0,AMZN
2015-12-18,33.207,6841304,1,AMZN
2015-12-17,33.5325,3681645,0,AMZN
2015-12-16,33.7885,3964470,0,AMZN
2015-12-15,32.932,4753415,1,AMZN
2015-12-14,32.8955,4361273,1,AMZN
2015-12-11,32.0075,5474420,1,AMZN
2015-12-10,33.116,3455472,0,AMZN
2015-12-09,33.2395,5158172,0,AMZN
2015-12-08,33.8665,3651908,0,AMZN
2015-12-07,33.4915,3732814,1,AMZN
2015-12-04,33.632,4534796,0,AMZN
2015-12-03,33.3125,5064736,1,AMZN
2015-12-02,33.8005,4273526,0,AMZN
2015-12-01,33.953,4751152,0,AMZN
2015-11-30,33.24,5693172,1,AMZN
2015-11-27,33.663,1966801,0,AMZN
2015-11-25,33.767,2697889,0,AMZN
2015-11-24,33.5575,4543417,1,AMZN
2015-11-23,33.9495,4385057,0,AMZN
2015-11-20,33.4225,3896135,1,AMZN
2015-11-19,33.0635,4705237,1,AMZN
2015-11-18,33.177,4469769,0,AMZN
2015-11-17,32.165,4316843,1,AMZN
2015-11-16,32.3905,7435934,0,AMZN
2015-11-13,32.1175,6261076,1,AMZN
2015-11-12,33.28,4284678,0,AMZN
2015-11-11,33.6625,5387309,0,AMZN
2015-11-10,32.984,3489483,1,AMZN
2015-11-09,32.7745,4048823,1,AMZN
2015-11-06,32.9685,4092165,0,AMZN
2015-11-05,32.7825,4723825,1,AMZN
2015-11-04,32.0475,4840501,1,AMZN
2015-11-03,31.2655,3246910,1,AMZN
2015-11-02,31.4175,2816479,0,AMZN
2015-10-30,31.295,3874363,1,AMZN
2015-10-29,31.3275,3896026,0,AMZN
2015-10-28,30.855,3926200,1,AMZN
2015-10-27,30.5505,3787136,1,AMZN
2015-10-26,30.4305,4269715,1,AMZN
2015-10-23,29.9515,10692667,1,AMZN
2015-10-22,28.1955,7779372,1,AMZN
2015-10-21,27.7885,3361655,1,AMZN
2015-10-20,28.044,4346209,0,AMZN
2015-10-19,28.6575,4375420,0,AMZN
2015-10-16,28.538,4315792,1,AMZN
2015-10-15,28.122,4937034,1,AMZN
2015-10-14,27.2415,3582060,1,AMZN
2015-10-13,27.445,2938044,0,AMZN
2015-10-12,27.5095,2776103,0,AMZN
2015-10-09,26.99,3537364,1,AMZN
2015-10-08,26.658,4676440,1,AMZN
2015-10-07,27.097,3812087,0,AMZN
2015-10-06,26.874,4547519,1,AMZN
2015-10-05,27.184,3391359,0,AMZN
2015-10-02,26.627,4597795,1,AMZN
2015-10-01,26.036,3768483,1,AMZN
2015-09-30,25.5835,3902536,1,AMZN
2015-09-29,24.8035,4457532,1,AMZN
2015-09-28,25.203,5370668,0,AMZN
2015-09-25,26.2125,4030998,0,AMZN
2015-09-24,26.6875,3500964,0,AMZN
2015-09-23,26.8035,2237571,0,AMZN
2015-09-22,26.92,3841748,0,AMZN
2015-09-21,27.4195,3283313,0,AMZN
2015-09-18,27.013,6160075,1,AMZN
2015-09-17,26.9435,4169484,1,AMZN
2015-09-16,26.3695,2252790,1,AMZN
2015-09-15,26.1185,2865933,1,AMZN
2015-09-14,26.069,3130241,1,AMZN
2015-09-11,26.472,3227862,0,AMZN
2015-09-10,26.112,2575982,1,AMZN
2015-09-09,25.8445,4370657,1,AMZN
2015-09-08,25.877,3810653,0,AMZN
2015-09-04,24.95,2692510,1,AMZN
2015-09-03,25.236,3149694,0,AMZN
2015-09-02,25.5275,3707116,0,AMZN
2015-09-01,24.827,3864514,1,AMZN
2015-08-31,25.6445,3002293,0,AMZN
2015-08-28,25.9005,2746708,0,AMZN
2015-08-27,25.9185,6114506,0,AMZN
2015-08-26,25.0385,6358639,1,AMZN
2015-08-25,23.3185,5679329,1,AMZN
2015-08-24,23.1685,10097601,1,AMZN
2015-08-21,24.7235,6706466,0,AMZN
2015-08-20,25.789,4407990,0,AMZN
2015-08-19,26.646,2324040,0,AMZN
2015-08-18,26.751,2071342,0,AMZN
2015-08-17,26.761,2581680,0,AMZN
2015-08-14,26.576,1994799,1,AMZN
2015-08-13,26.483,2895238,1,AMZN
2015-08-12,26.2955,4014684,1,AMZN
2015-08-11,26.373,2676600,0,AMZN
2015-08-10,26.2,2615926,1,AMZN
2015-08-07,26.131,3969215,1,AMZN
2015-08-06,26.473,3820453,0,AMZN
2015-08-05,26.8505,2866861,0,AMZN
2015-08-04,26.595,2934590,1,AMZN
2015-08-03,26.7515,3014236,0,AMZN
2015-07-31,26.8075,3025598,0,AMZN
2015-07-30,26.838,3743065,0,AMZN
2015-07-29,26.45,3752634,1,AMZN
2015-07-28,26.3015,5273092,1,AMZN
2015-07-27,26.5705,7490960,0,AMZN
2015-07-24,26.471,21909381,1,AMZN
2015-07-23,24.109,9374431,1,AMZN
2015-07-22,24.4135,3114898,0,AMZN
2015-07-21,24.4,3181831,1,AMZN
2015-07-20,24.405,4752491,0,AMZN
2015-07-17,24.1505,4932176,1,AMZN
2015-07-16,23.774,4095581,1,AMZN
2015-07-15,23.0595,2987399,1,AMZN
2015-07-14,23.2785,4736215,0,AMZN
2015-07-13,22.7785,3956802,1,AMZN
2015-07-10,22.1755,2400981,1,AMZN
2015-07-09,21.7195,2271395,1,AMZN
2015-07-08,21.485,2383130,1,AMZN
2015-07-07,21.836,3454248,0,AMZN
2015-07-06,21.802,1903161,1,AMZN
2015-07-02,21.8855,1343397,0,AMZN
2015-07-01,21.8695,1987076,1,AMZN
2015-06-30,21.7045,2596873,1,AMZN
2015-06-29,21.493,2753193,1,AMZN
2015-06-26,21.905,2624479,0,AMZN
2015-06-25,22.005,2237458,0,AMZN
2015-06-24,22.042,2620827,0,AMZN
2015-06-23,22.2995,3245049,0,AMZN
2015-06-22,21.8145,1823572,1,AMZN
2015-06-19,21.746,4495087,1,AMZN
2015-06-18,21.9695,3378360,0,AMZN
2015-06-17,21.3905,2185869,1,AMZN
2015-06-16,21.363,2297469,1,AMZN
2015-06-15,21.1835,2050987,1,AMZN
2015-06-12,21.496,2054385,0,AMZN
2015-06-11,21.6485,2922459,0,AMZN
2015-06-10,21.5385,2172333,1,AMZN
2015-06-09,21.274,2288663,1,AMZN
2015-06-08,21.175,2172525,1,AMZN
2015-06-05,21.3475,1907855,0,AMZN
2015-06-04,21.539,2510761,0,AMZN
2015-06-03,21.8295,2727914,0,AMZN
2015-06-02,21.5495,1669845,1,AMZN
2015-06-01,21.546,2253264,1,AMZN
2015-05-29,21.4615,3016060,1,AMZN
2015-05-28,21.3285,1912436,1,AMZN
2015-05-27,21.571,2231088,0,AMZN
2015-05-26,21.2735,2244185,1,AMZN
2015-05-22,21.3815,2020629,0,AMZN
2015-05-21,21.5815,4121401,0,AMZN
2015-05-20,21.193,2196159,1,AMZN
2015-05-19,21.0855,2465240,1,AMZN
2015-05-18,21.262,2390229,0,AMZN
2015-05-15,21.3,4240306,0,AMZN
2015-05-14,21.614,1888477,0,AMZN
2015-05-13,21.3435,1996328,1,AMZN
2015-05-12,21.551,1947822,0,AMZN
2015-05-11,21.6425,2393737,0,AMZN
2015-05-08,21.6845,2908838,0,AMZN
2015-05-07,21.344,2766132,1,AMZN
2015-05-06,20.955,2552474,1,AMZN
2015-05-05,21.0595,2856386,0,AMZN
2015-05-04,21.152,2270448,0,AMZN
2015-05-01,21.1435,3565824,1,AMZN
2015-04-30,21.089,3647877,1,AMZN
2015-04-29,21.4685,3621688,0,AMZN
2015-04-28,21.4655,4140483,1,AMZN
2015-04-27,21.928,5430949,0,AMZN
2015-04-24,22.255,17176904,0,AMZN
2015-04-23,19.4995,7979985,1,AMZN
2015-04-22,19.49,3474724,1,AMZN
2015-04-21,19.559,4643524,0,AMZN
2015-04-20,19.4755,5016148,1,AMZN
2015-04-17,18.778,3839664,1,AMZN
2015-04-16,19.302,2080418,0,AMZN
2015-04-15,19.1725,1933229,1,AMZN
2015-04-14,19.2555,2583575,0,AMZN
2015-04-13,19.118,1894453,1,AMZN
2015-04-10,19.1325,2573519,0,AMZN
2015-04-09,19.177,2392328,0,AMZN
2015-04-08,19.06,2636434,1,AMZN
2015-04-07,18.7205,1954902,1,AMZN
2015-04-06,18.852,3050709,0,AMZN
2015-04-02,18.6125,1875279,1,AMZN
2015-04-01,18.51275,2458095,1,AMZN
2015-03-31,18.605,2506122,0,AMZN
2015-03-30,18.7295,1820933,0,AMZN
2015-03-27,18.528,2609774,1,AMZN
2015-03-26,18.3675,2929962,1,AMZN
2015-03-25,18.548,3429497,0,AMZN
2015-03-24,18.7045,2228214,0,AMZN
2015-03-23,18.7555,2239343,0,AMZN
2015-03-20,18.9245,3763553,0,AMZN
2015-03-19,18.662,1915671,1,AMZN
2015-03-18,18.75675,2654135,0,AMZN
2015-03-17,18.596,2036961,1,AMZN
2015-03-16,18.6675,2354059,0,AMZN
2015-03-13,18.529,2611658,1,AMZN
2015-03-12,18.712,2810001,0,AMZN
2015-03-11,18.3185,2495097,1,AMZN
2015-03-10,18.4755,3120972,0,AMZN
2015-03-09,18.928,2311390,0,AMZN
2015-03-06,19.0045,2627042,0,AMZN
2015-03-05,19.3915,2693518,0,AMZN
2015-03-04,19.136,2259141,1,AMZN
2015-03-03,19.2305,1946498,0,AMZN
2015-03-02,19.28275,2139205,0,AMZN
2015-02-27,19.008,2532309,1,AMZN
2015-02-26,19.24,2687107,0,AMZN
2015-02-25,19.2685,3174495,0,AMZN
2015-02-24,18.9295,1921850,1,AMZN
2015-02-23,19.007,2176989,0,AMZN
2015-02-20,19.183,3258023,0,AMZN
2015-02-19,18.94975,2953752,1,AMZN
2015-02-18,18.6685,2650610,1,AMZN
2015-02-17,18.7715,3673208,0,AMZN
2015-02-13,19.0915,3475069,0,AMZN
2015-02-12,18.8585,2791050,1,AMZN
2015-02-11,18.757,2786523,1,AMZN
2015-02-10,18.64975,2287232,1,AMZN
2015-02-09,18.528,2724630,1,AMZN
2015-02-06,18.714,3892382,0,AMZN
2015-02-05,18.6945,7247605,1,AMZN
2015-02-04,18.2375,4169927,1,AMZN
2015-02-03,18.1775,6212565,1,AMZN
2015-02-02,18.2235,10231914,0,AMZN
2015-01-30,17.7265,23856060,1,AMZN
2015-01-29,15.589,8656567,1,AMZN
2015-01-28,15.1955,3063774,1,AMZN
2015-01-27,15.3375,2920315,0,AMZN
2015-01-26,15.483,3169665,0,AMZN
2015-01-23,15.6195,4496419,0,AMZN
2015-01-22,15.516,5362640,1,AMZN
2015-01-21,14.8625,10065076,1,AMZN
2015-01-20,14.472,3075081,1,AMZN
2015-01-16,14.537,3478176,0,AMZN
2015-01-15,14.3475,4419196,1,AMZN
2015-01-14,14.6635,5538666,0,AMZN
2015-01-13,14.737,4136442,0,AMZN
2015-01-12,14.5705,3421392,1,AMZN
2015-01-09,14.8465,2570947,0,AMZN
2015-01-08,15.023,3088398,0,AMZN
2015-01-07,14.921,2640349,1,AMZN
2015-01-06,14.7645,3519034,1,AMZN
2015-01-05,15.1095,2774231,0,AMZN
2015-01-02,15.426,2788101,0,AMZN
2014-12-31,15.5175,2057766,0,AMZN
2014-12-30,15.515,2093023,1,AMZN
2014-12-29,15.602,3009046,0,AMZN
2014-12-26,15.4545,2893801,1,AMZN
2014-12-24,15.1515,1518107,1,AMZN
2014-12-23,15.31425,2718359,0,AMZN
2014-12-22,15.327,4003827,0,AMZN
2014-12-19,14.995,8709129,1,AMZN
2014-12-18,14.8865,7738067,1,AMZN
2014-12-17,14.944,4433505,0,AMZN
2014-12-16,14.753,6501252,1,AMZN
2014-12-15,15.3035,3841577,0,AMZN
2014-12-12,15.366,3162322,0,AMZN
2014-12-11,15.368,3272919,0,AMZN
2014-12-10,15.292,3245890,1,AMZN
2014-12-09,15.625,4049506,0,AMZN
2014-12-08,15.332,3639180,1,AMZN
2014-12-05,15.6315,3265214,0,AMZN
2014-12-04,15.8465,3296642,0,AMZN
2014-12-03,15.825,5689904,1,AMZN
2014-12-02,16.3155,2790257,0,AMZN
2014-12-01,16.3,4944861,1,AMZN
2014-11-28,16.932,3051798,0,AMZN
2014-11-26,16.6785,1985949,1,AMZN
2014-11-25,16.752,2564989,0,AMZN
2014-11-24,16.782,2754186,0,AMZN
2014-11-21,16.6315,4466587,1,AMZN
2014-11-20,16.527,3436721,1,AMZN
2014-11-19,16.327,3281614,1,AMZN
2014-11-18,16.2465,3551161,1,AMZN
2014-11-17,16.1525,4784933,1,AMZN
2014-11-14,16.391,8877785,0,AMZN
2014-11-13,15.824,3686428,1,AMZN
2014-11-12,15.5755,2182982,1,AMZN
2014-11-11,15.6005,3807333,0,AMZN
2014-11-10,15.2555,2809056,1,AMZN
2014-11-07,14.993,2647352,1,AMZN
2014-11-06,14.832,3758121,1,AMZN
2014-11-05,14.826,4674492,1,AMZN
2014-11-04,15.1405,3427384,0,AMZN
2014-11-03,15.286,3244150,0,AMZN
2014-10-31,15.273,4551795,1,AMZN
2014-10-30,14.9535,4055155,1,AMZN
2014-10-29,14.706,4883259,1,AMZN
2014-10-28,14.7795,5576646,0,AMZN
2014-10-27,14.4985,5950594,1,AMZN
2014-10-24,14.353,19805911,1,AMZN
2014-10-23,15.659,9038193,0,AMZN
2014-10-22,15.6485,3130049,1,AMZN
2014-10-21,15.7665,3563351,0,AMZN
2014-10-20,15.3105,3239490,1,AMZN
2014-10-17,15.182,4409218,1,AMZN
2014-10-16,15.143,4731866,1,AMZN
2014-10-15,15.2985,5348254,0,AMZN
2014-10-14,15.4155,3385809,0,AMZN
2014-10-13,15.3225,4369850,1,AMZN
2014-10-10,15.5695,3684314,0,AMZN
2014-10-09,15.7685,3589464,0,AMZN
2014-10-08,16.135,3458960,0,AMZN
2014-10-07,15.849,2365698,1,AMZN
2014-10-06,16.11,2294194,0,AMZN
2014-10-03,16.137,3037891,0,AMZN
2014-10-02,15.9205,3553944,1,AMZN
2014-10-01,15.873,3096735,1,AMZN
2014-09-30,16.122,2639967,0,AMZN
2014-09-29,16.091,1929589,1,AMZN
2014-09-26,16.1605,3639155,0,AMZN
2014-09-25,16.0965,2925241,1,AMZN
2014-09-24,16.4105,2635754,0,AMZN
2014-09-23,16.1815,2352600,1,AMZN
2014-09-22,16.225,3109700,0,AMZN
2014-09-19,16.566,6886200,0,AMZN
2014-09-18,16.25,2576900,1,AMZN
2014-09-17,16.2,4136000,1,AMZN
2014-09-16,16.388,3259900,0,AMZN
2014-09-15,16.1945,4000400,1,AMZN
2014-09-12,16.5595,3429300,0,AMZN
2014-09-11,16.526,2720200,1,AMZN
2014-09-10,16.5665,3797400,0,AMZN
2014-09-09,16.4875,4634000,1,AMZN
2014-09-08,17.117,2955300,0,AMZN
2014-09-05,17.319,2107000,0,AMZN
2014-09-04,17.2975,3952200,1,AMZN
2014-09-03,16.95,1993700,1,AMZN
2014-09-02,17.119,2326000,0,AMZN
2014-08-29,16.952,1939500,1,AMZN
2014-08-28,17.001,2252700,0,AMZN
2014-08-27,17.159,2961600,0,AMZN
2014-08-26,17.0915,3638200,1,AMZN
2014-08-25,16.701,1957700,1,AMZN
2014-08-22,16.5795,2211200,1,AMZN
2014-08-21,16.6455,1971100,0,AMZN
2014-08-20,16.789,1810500,0,AMZN
2014-08-19,16.7565,1713800,1,AMZN
2014-08-18,16.7265,2485400,1,AMZN
2014-08-15,16.6815,3896700,1,AMZN
2014-08-14,16.6605,3420400,1,AMZN
2014-08-13,16.314,4939100,1,AMZN
2014-08-12,15.966,1915800,1,AMZN
2014-08-11,15.9165,2468600,1,AMZN
2014-08-08,15.84,2705900,1,AMZN
2014-08-07,15.5725,2935600,1,AMZN
2014-08-06,15.6945,2296900,0,AMZN
2014-08-05,15.616,2852100,1,AMZN
2014-08-04,15.6825,4200900,0,AMZN
2014-08-01,15.353,7441500,1,AMZN
2014-07-31,15.6495,5192000,0,AMZN
2014-07-30,16.1255,3969000,0,AMZN
2014-07-29,16.0,2883800,1,AMZN
2014-07-28,16.0205,5932000,0,AMZN
2014-07-25,16.2005,17846500,0,AMZN
2014-07-24,17.9305,7000000,0,AMZN
2014-07-23,17.907,2687300,1,AMZN
2014-07-22,18.042,2888900,0,AMZN
2014-07-21,17.988,2278400,1,AMZN
2014-07-18,17.933,3407400,1,AMZN
2014-07-17,17.6227,3636000,1,AMZN
2014-07-16,17.795,3503600,0,AMZN
2014-07-15,17.722,4170900,1,AMZN
2014-07-14,17.766,5609900,0,AMZN
2014-07-11,17.31,8300800,1,AMZN
2014-07-10,16.396,2665000,1,AMZN
2014-07-09,16.4985,3166100,0,AMZN
2014-07-08,16.1905,4271600,1,AMZN
2014-07-07,16.6775,2128900,0,AMZN
2014-07-03,16.8746,1944300,0,AMZN
2014-07-02,16.6425,2681300,1,AMZN
2014-07-01,16.6195,3173600,1,AMZN
2014-06-30,16.239,2671300,1,AMZN
2014-06-27,16.2285,2416200,1,AMZN
2014-06-26,16.2845,2699500,0,AMZN
2014-06-25,16.372,2327800,0,AMZN
2014-06-24,16.208,2626600,1,AMZN
2014-06-23,16.362,2604800,0,AMZN
2014-06-20,16.21,6054000,1,AMZN
2014-06-19,16.35,5320600,0,AMZN
2014-06-18,16.719,6401500,0,AMZN
2014-06-17,16.281,2904200,1,AMZN
2014-06-16,16.381,2396100,0,AMZN
2014-06-13,16.3135,2764800,1,AMZN
2014-06-12,16.2955,4263000,1,AMZN
2014-06-11,16.76,4436800,0,AMZN
2014-06-10,16.6205,3663400,1,AMZN
2014-06-09,16.375,3212200,1,AMZN
2014-06-06,16.4835,5244000,0,AMZN
2014-06-05,16.1785,7796700,1,AMZN
2014-06-04,15.339,2107100,1,AMZN
2014-06-03,15.3595,2379200,0,AMZN
2014-06-02,15.442,2203400,0,AMZN
2014-05-30,15.6275,4260200,0,AMZN
2014-05-29,15.689,2365500,0,AMZN
2014-05-28,15.508,2726000,1,AMZN
2014-05-27,15.541,4862100,0,AMZN
2014-05-23,15.612,3052900,0,AMZN
2014-05-22,15.2455,2576800,1,AMZN
2014-05-21,15.2505,3408800,0,AMZN
2014-05-20,15.0595,4095700,1,AMZN
2014-05-19,14.83775,2284200,1,AMZN
2014-05-16,14.885,3636800,0,AMZN
2014-05-15,14.7595,4295100,1,AMZN
2014-05-14,14.881,3323300,0,AMZN
2014-05-13,15.232,3509900,0,AMZN
2014-05-12,15.143,3729600,1,AMZN
2014-05-09,14.612,4063000,1,AMZN
2014-05-08,14.416,3848200,1,AMZN
2014-05-07,14.6355,7015200,0,AMZN
2014-05-06,14.869,4682300,0,AMZN
2014-05-05,15.5025,2519900,0,AMZN
2014-05-02,15.4005,3995100,1,AMZN
2014-05-01,15.3945,4328600,1,AMZN
2014-04-30,15.2065,4088600,1,AMZN
2014-04-29,15.019,6509300,1,AMZN
2014-04-28,14.829,14479800,1,AMZN
2014-04-25,15.1915,16180200,0,AMZN
2014-04-24,16.8575,9293700,0,AMZN
2014-04-23,16.229,3604600,1,AMZN
2014-04-22,16.466,3711600,0,AMZN
2014-04-21,16.5435,2999400,0,AMZN
2014-04-17,16.2455,4299200,1,AMZN
2014-04-16,16.184,4284900,1,AMZN
2014-04-15,15.804,5398600,1,AMZN
2014-04-14,15.7955,4293500,1,AMZN
2014-04-11,15.5865,7287500,1,AMZN
2014-04-10,15.8555,6126700,0,AMZN
2014-04-09,16.59025,5056600,0,AMZN
2014-04-08,16.3535,6577600,1,AMZN
2014-04-07,15.888,7077400,1,AMZN
2014-04-04,16.15,12534600,0,AMZN
2014-04-03,16.681,6399300,0,AMZN
2014-04-02,17.098,4475500,0,AMZN
2014-04-01,17.1495,3600100,0,AMZN
2014-03-31,16.81825,4297500,1,AMZN
2014-03-28,16.9145,3986800,0,AMZN
2014-03-27,16.9235,5766400,0,AMZN
2014-03-26,17.1705,4120700,0,AMZN
2014-03-25,17.7355,4445700,0,AMZN
2014-03-24,17.5925,4873500,1,AMZN
2014-03-21,18.031,5414100,0,AMZN
2014-03-20,18.4485,2558500,0,AMZN
2014-03-19,18.6615,2646700,0,AMZN
2014-03-18,18.9385,2483500,0,AMZN
2014-03-17,18.752,2303000,1,AMZN
2014-03-14,18.687,4402200,1,AMZN
2014-03-13,18.5755,6829000,1,AMZN
2014-03-12,18.532,2216600,1,AMZN
2014-03-11,18.441,2246100,1,AMZN
2014-03-10,18.5265,2105800,0,AMZN
2014-03-07,18.603,2279800,0,AMZN
2014-03-06,18.608,2926600,0,AMZN
2014-03-05,18.6185,3848300,0,AMZN
2014-03-04,18.195,2704400,1,AMZN
2014-03-03,17.989,2798300,1,AMZN
2014-02-28,18.105,3882000,0,AMZN
2014-02-27,18.0065,3104900,1,AMZN
2014-02-26,17.99,3622100,1,AMZN
2014-02-25,17.916,3736400,1,AMZN
2014-02-24,17.589,3644700,1,AMZN
2014-02-21,17.338,4210000,1,AMZN
2014-02-20,17.49,3492800,0,AMZN
2014-02-19,17.369,4168100,1,AMZN
2014-02-18,17.6825,4998000,0,AMZN
2014-02-14,17.8675,3520200,0,AMZN
2014-02-13,17.86,4175000,1,AMZN
2014-02-12,17.4625,6587700,1,AMZN
2014-02-11,18.0895,3222100,0,AMZN
2014-02-10,18.0435,3449700,1,AMZN
2014-02-07,18.054,4330500,0,AMZN
2014-02-06,17.7295,3335700,1,AMZN
2014-02-05,17.3225,4435400,1,AMZN
2014-02-04,17.3975,4812900,0,AMZN
2014-02-03,17.3075,10280800,1,AMZN
2014-01-31,17.9345,16154800,0,AMZN
2014-01-30,20.1505,10473900,0,AMZN
2014-01-29,19.21,3382300,1,AMZN
2014-01-28,19.7215,2894500,0,AMZN
2014-01-27,19.314,3936800,1,AMZN
2014-01-24,19.38,4458400,0,AMZN
2014-01-23,19.9935,3025400,0,AMZN
2014-01-22,20.227,2060500,0,AMZN
2014-01-21,20.3525,3122100,0,AMZN
2014-01-17,19.9805,4505100,1,AMZN
2014-01-16,19.79,2601200,1,AMZN
2014-01-15,19.7935,2678300,0,AMZN
2014-01-14,19.877,2340100,0,AMZN
2014-01-13,19.549,2844900,1,AMZN
2014-01-10,19.883,2679500,0,AMZN
2014-01-09,20.0505,2103000,0,AMZN
2014-01-08,20.096,2316500,0,AMZN
2014-01-07,19.9015,1916000,1,AMZN
2014-01-06,19.6815,3170600,1,AMZN
2014-01-03,19.822,2210200,0,AMZN
2014-01-02,19.8985,2137800,0,AMZN
2013-12-31,19.9395,1996500,0,AMZN
2013-12-30,19.6685,2487100,1,AMZN
2013-12-27,19.904,1986900,0,AMZN
2013-12-26,20.2195,1868500,0,AMZN
2013-12-24,19.96,1380400,1,AMZN
2013-12-23,20.146,2659500,0,AMZN
2013-12-20,20.11,5033900,1,AMZN
2013-12-19,19.7595,2427200,1,AMZN
2013-12-18,19.798,3489100,0,AMZN
2013-12-17,19.3825,2343900,1,AMZN
2013-12-16,19.4485,2251700,0,AMZN
2013-12-13,19.212,3025000,1,AMZN
2013-12-12,19.0625,2123700,1,AMZN
2013-12-11,19.1095,2451300,0,AMZN
2013-12-10,19.389,2736800,0,AMZN
2013-12-09,19.2445,2761800,1,AMZN
2013-12-06,19.3475,1984700,0,AMZN
2013-12-05,19.2245,1906500,1,AMZN
2013-12-04,19.298,2355300,0,AMZN
2013-12-03,19.233,3702900,1,AMZN
2013-12-02,19.615,4714000,0,AMZN
2013-11-29,19.681,2406000,0,AMZN
2013-11-27,19.3355,2269700,1,AMZN
2013-11-26,19.0685,2724400,1,AMZN
2013-11-25,18.832,2972300,1,AMZN
2013-11-22,18.6155,2965500,1,AMZN
2013-11-21,18.446,1964600,1,AMZN
2013-11-20,18.1285,1771500,1,AMZN
2013-11-19,18.247,1904800,0,AMZN
2013-11-18,18.309,2737400,0,AMZN
2013-11-15,18.4585,4491600,0,AMZN
2013-11-14,18.3698,4159800,1,AMZN
2013-11-13,17.811,2773300,1,AMZN
2013-11-12,17.4765,2343100,1,AMZN
2013-11-11,17.7189,2261700,0,AMZN
2013-11-08,17.5155,2656900,1,AMZN
2013-11-07,17.178,4246300,1,AMZN
2013-11-06,17.809,2282300,0,AMZN
2013-11-05,17.9446,2007100,0,AMZN
2013-11-04,17.937,1938400,1,AMZN
2013-11-01,17.9501,3331000,0,AMZN
2013-10-31,18.2015,2466800,0,AMZN
2013-10-30,18.054,4502200,1,AMZN
2013-10-29,18.135,2185400,0,AMZN
2013-10-28,17.908,3635800,1,AMZN
2013-10-25,18.1695,12036800,0,AMZN
2013-10-24,16.6105,5884700,1,AMZN
2013-10-23,16.3378,2818200,1,AMZN
2013-10-22,16.627,3935500,0,AMZN
2013-10-21,16.322,2522300,1,AMZN
2013-10-18,16.44655,5969800,0,AMZN
2013-10-17,15.5385,2648400,1,AMZN
2013-10-16,15.5245,2170700,1,AMZN
2013-10-15,15.32,2261100,1,AMZN
2013-10-14,15.535,1939100,0,AMZN
2013-10-11,15.54445,2163100,0,AMZN
2013-10-10,15.2587,2555100,1,AMZN
2013-10-09,14.9115,3247400,1,AMZN
2013-10-08,15.1615,3166200,0,AMZN
2013-10-07,15.5015,2083200,0,AMZN
2013-10-04,15.952,1815000,0,AMZN
2013-10-03,15.738,2674800,1,AMZN
2013-10-02,16.0255,2217400,0,AMZN
2013-10-01,16.0475,2396400,0,AMZN
2013-09-30,15.632,1623600,1,AMZN
2013-09-27,15.8005,1657500,0,AMZN
2013-09-26,15.906,1989900,0,AMZN
2013-09-25,15.6325,2008600,1,AMZN
2013-09-24,15.7065,2033600,0,AMZN
2013-09-23,15.5745,1884900,1,AMZN
2013-09-20,15.817,5302300,0,AMZN
2013-09-19,15.603,2350900,1,AMZN
2013-09-18,15.6017,2946400,1,AMZN
2013-09-17,15.2085,2296500,1,AMZN
2013-09-16,14.803,1808400,1,AMZN
2013-09-13,14.896,1350600,0,AMZN
2013-09-12,14.943,1606200,0,AMZN
2013-09-11,14.982,1742600,0,AMZN
2013-09-10,15.018,1778400,0,AMZN
2013-09-09,14.9855,1643600,1,AMZN
2013-09-06,14.793,2292000,1,AMZN
2013-09-05,14.705,1816600,1,AMZN
2013-09-04,14.682,2438600,1,AMZN
2013-09-03,14.44,2897600,1,AMZN
2013-08-30,14.049,1534700,1,AMZN
2013-08-29,14.199,1566400,0,AMZN
2013-08-28,14.079,1457100,1,AMZN
2013-08-27,14.0465,2476000,1,AMZN
2013-08-26,14.3105,1711700,0,AMZN
2013-08-23,14.5005,1961900,0,AMZN
2013-08-22,14.4865,1422600,1,AMZN
2013-08-21,14.2285,1815300,1,AMZN
2013-08-20,14.3545,1586300,0,AMZN
2013-08-19,14.2785,2477400,1,AMZN
2013-08-16,14.241,2422500,1,AMZN
2013-08-15,14.3235,2261400,0,AMZN
2013-08-14,14.567,1415000,0,AMZN
2013-08-13,14.6985,2349900,0,AMZN
2013-08-12,14.8345,1504500,0,AMZN
2013-08-09,14.863,1950300,0,AMZN
2013-08-08,14.787,2343400,1,AMZN
2013-08-07,14.8455,1961000,0,AMZN
2013-08-06,15.0375,1849000,0,AMZN
2013-08-05,15.0495,2233200,0,AMZN
2013-08-02,15.2105,2502600,0,AMZN
2013-08-01,15.2785,2971700,0,AMZN
2013-07-31,15.061,1891300,1,AMZN
2013-07-30,15.1205,3053400,0,AMZN
2013-07-29,15.305,3211800,0,AMZN
2013-07-26,15.6005,8817500,0,AMZN
2013-07-25,15.17,5405800,1,AMZN
2013-07-24,14.947,2000500,1,AMZN
2013-07-23,15.053,1999600,0,AMZN
2013-07-22,15.174,2520700,0,AMZN
2013-07-19,15.2615,2973100,0,AMZN
2013-07-18,15.2055,3063800,1,AMZN
2013-07-17,15.4345,2029700,0,AMZN
2013-07-16,15.3435,2660200,1,AMZN
2013-07-15,15.3285,2245600,1,AMZN
2013-07-12,15.3775,4539300,0,AMZN
2013-07-11,14.983,4007300,1,AMZN
2013-07-10,14.6165,1810200,1,AMZN
2013-07-09,14.5765,2775600,1,AMZN
2013-07-08,14.5295,3046700,1,AMZN
2013-07-05,14.294,1985400,1,AMZN
2013-07-03,14.2015,1373000,1,AMZN
2013-07-02,14.1865,3238200,1,AMZN
2013-07-01,14.105,2888200,1,AMZN
2013-06-28,13.8845,3193300,1,AMZN
2013-06-27,13.8775,2519500,1,AMZN
2013-06-26,13.8785,3029500,0,AMZN
2013-06-25,13.6044,2449600,1,AMZN
2013-06-24,13.5305,3863800,1,AMZN
2013-06-21,13.668,4201000,0,AMZN
2013-06-20,13.672,2984000,0,AMZN
2013-06-19,13.908,2827500,0,AMZN
2013-06-18,14.088,2146100,0,AMZN
2013-06-17,13.903,2884000,1,AMZN
2013-06-14,13.6995,2150800,1,AMZN
2013-06-13,13.7895,2649800,0,AMZN
2013-06-12,13.5835,2238900,1,AMZN
2013-06-11,13.739,3097800,0,AMZN
2013-06-10,14.0535,3086500,0,AMZN
2013-06-07,13.8435,4632600,1,AMZN
2013-06-06,13.3915,2476300,1,AMZN
2013-06-05,13.3585,3512300,1,AMZN
2013-06-04,13.285,2088600,1,AMZN
2013-06-03,13.344,2543900,0,AMZN
2013-05-31,13.46,3374300,0,AMZN
2013-05-30,13.3415,1667500,1,AMZN
2013-05-29,13.2765,1903400,1,AMZN
2013-05-28,13.3645,3471000,0,AMZN
2013-05-24,13.087,1696300,1,AMZN
2013-05-23,13.09,2000300,0,AMZN
2013-05-22,13.148,3332000,0,AMZN
2013-05-21,13.443,1741200,0,AMZN
2013-05-20,13.3815,2209000,1,AMZN
2013-05-17,13.495,2527300,0,AMZN
2013-05-16,13.206,1643500,1,AMZN
2013-05-15,13.328,2720500,0,AMZN
2013-05-14,13.4165,2700000,0,AMZN
2013-05-13,13.2255,2149500,1,AMZN
2013-05-10,13.1815,3145300,1,AMZN
2013-05-09,13.008,2769300,1,AMZN
2013-05-08,12.934,2677000,1,AMZN
2013-05-07,12.8865,3133700,1,AMZN
2013-05-06,12.786,2347800,1,AMZN
2013-05-03,12.9025,3514000,0,AMZN
2013-05-02,12.6275,3936200,1,AMZN
2013-05-01,12.4115,4391400,1,AMZN
2013-04-30,12.6905,4248800,0,AMZN
2013-04-29,12.487,7117000,1,AMZN
2013-04-26,12.7405,14030000,0,AMZN
2013-04-25,13.735,6116500,0,AMZN
2013-04-24,13.439,1852800,1,AMZN
2013-04-23,13.445,2270600,0,AMZN
2013-04-22,13.1775,2119100,1,AMZN
2013-04-19,13.016,2602500,1,AMZN
2013-04-18,12.971,3137600,1,AMZN
2013-04-17,13.37,3135100,0,AMZN
2013-04-16,13.617,2137200,0,AMZN
2013-04-15,13.386,3326000,1,AMZN
2013-04-12,13.6435,2866300,0,AMZN
2013-04-11,13.4925,3090500,1,AMZN
2013-04-10,13.2385,2322500,1,AMZN
2013-04-09,13.057,2156600,1,AMZN
2013-04-08,12.9475,2295600,1,AMZN
2013-04-05,12.774,2557400,1,AMZN
2013-04-04,12.954,1964400,0,AMZN
2013-04-03,12.9515,2413800,1,AMZN
2013-04-02,13.1661,2631100,0,AMZN
2013-04-01,13.0805,2524800,1,AMZN
2013-03-28,13.3245,2473700,0,AMZN
2013-03-27,13.265,2874900,1,AMZN
2013-03-26,13.0155,2421000,1,AMZN
2013-03-25,12.801,2513900,1,AMZN
2013-03-22,12.8875,3124600,0,AMZN
2013-03-21,12.6695,2806400,1,AMZN
2013-03-20,12.8639,2738900,0,AMZN
2013-03-19,12.8205,3738500,1,AMZN
2013-03-18,12.8945,2720200,0,AMZN
2013-03-15,13.091,4865900,0,AMZN
2013-03-14,13.287,5226700,0,AMZN
2013-03-13,13.755,1884200,0,AMZN
2013-03-12,13.7065,3246200,1,AMZN
2013-03-11,13.562,1904900,1,AMZN
2013-03-08,13.7095,1879800,0,AMZN
2013-03-07,13.694,1939000,1,AMZN
2013-03-06,13.6895,2050700,1,AMZN
2013-03-05,13.7795,3686200,0,AMZN
2013-03-04,13.6555,3453000,1,AMZN
2013-03-01,13.287,2957000,1,AMZN
2013-02-28,13.2135,2667200,1,AMZN
2013-02-27,13.1625,2908100,1,AMZN
2013-02-26,12.968,3348600,1,AMZN
2013-02-25,12.9935,3032400,0,AMZN
2013-02-22,13.271,3124800,0,AMZN
2013-02-21,13.297,3637400,0,AMZN
2013-02-20,13.3205,3528900,0,AMZN
2013-02-19,13.4875,2854200,0,AMZN
2013-02-15,13.2545,3979900,1,AMZN
2013-02-14,13.462,3463000,0,AMZN
2013-02-13,13.4735,5293000,0,AMZN
2013-02-12,12.935,2943700,1,AMZN
2013-02-11,12.8605,3403700,1,AMZN
2013-02-08,13.0975,3879200,0,AMZN
2013-02-07,13.0115,3975700,1,AMZN
2013-02-06,13.111,2770400,0,AMZN
2013-02-05,13.3445,4012900,0,AMZN
2013-02-04,12.999,3723600,1,AMZN
2013-02-01,13.25,6115000,0,AMZN
2013-01-31,13.275,6772100,0,AMZN
2013-01-30,13.6382,13075400,0,AMZN
2013-01-29,13.0175,10172600,1,AMZN
2013-01-28,13.802,4321400,0,AMZN
2013-01-25,14.1995,4968100,0,AMZN
2013-01-24,13.681,3417000,1,AMZN
2013-01-23,13.4055,2508900,1,AMZN
2013-01-22,13.5095,2137700,0,AMZN
2013-01-18,13.606,2942000,0,AMZN
2013-01-17,13.524,1884600,1,AMZN
2013-01-16,13.4465,2065600,1,AMZN
2013-01-15,13.595,2326900,0,AMZN
2013-01-14,13.6365,4275000,0,AMZN
2013-01-11,13.397,2413300,1,AMZN
2013-01-10,13.267,2863400,1,AMZN
2013-01-09,13.3175,2265600,0,AMZN
2013-01-08,13.319,3010700,0,AMZN
2013-01-07,13.42296,4910000,0,AMZN
2013-01-04,12.9575,1874200,1,AMZN
2013-01-03,12.924,2750900,1,AMZN
2013-01-02,12.8655,3271000,1,AMZN
2012-12-31,12.5435,3419000,1,AMZN
2012-12-28,12.259,1858700,1,AMZN
2012-12-27,12.4155,3639300,0,AMZN
2012-12-26,12.43157,4152700,0,AMZN
2012-12-24,12.931,984400,0,AMZN
2012-12-21,12.846,4704600,1,AMZN
2012-12-20,13.075,2584600,0,AMZN
2012-12-19,12.8995,2300000,1,AMZN
2012-12-18,13.02,4961000,0,AMZN
2012-12-17,12.693,2277000,1,AMZN
2012-12-14,12.4595,2526900,1,AMZN
2012-12-13,12.5625,2460200,0,AMZN
2012-12-12,12.588,2628100,0,AMZN
2012-12-11,12.5345,4185200,1,AMZN
2012-12-10,12.3885,3503800,1,AMZN
2012-12-07,12.663405,2170300,0,AMZN
2012-12-06,12.6685,3557900,0,AMZN
2012-12-05,12.698,2852200,0,AMZN
2012-12-04,12.624405,3114700,1,AMZN
2012-12-03,12.516455,2990600,1,AMZN
2012-11-30,12.6025,3797400,0,AMZN
2012-11-29,12.5635,5310500,1,AMZN
2012-11-28,12.3555,2743400,1,AMZN
2012-11-27,12.170085,3048500,1,AMZN
2012-11-26,12.181,4178300,0,AMZN
2012-11-23,11.994,1776800,1,AMZN
2012-11-21,11.9015,2959300,1,AMZN
2012-11-20,11.689,2771700,1,AMZN
2012-11-19,11.4855,3591200,1,AMZN
2012-11-16,11.2615,4352800,1,AMZN
2012-11-15,11.02995,3404700,1,AMZN
2012-11-14,11.1475,3034100,0,AMZN
2012-11-13,11.33,2629800,0,AMZN
2012-11-12,11.3235,2128800,1,AMZN
2012-11-09,11.3155,3092500,1,AMZN
2012-11-08,11.3675,2982400,0,AMZN
2012-11-07,11.60304,3624200,0,AMZN
2012-11-06,11.878,2661300,0,AMZN
2012-11-05,11.7165,1846100,1,AMZN
2012-11-02,11.62112,3374700,1,AMZN
2012-11-01,11.607,3905100,1,AMZN
2012-10-31,11.644655,4797600,0,AMZN
2012-10-26,11.912,11367500,0,AMZN
2012-10-25,11.146,6741300,1,AMZN
2012-10-24,11.4245,3678700,0,AMZN
2012-10-23,11.7155,4430800,0,AMZN
2012-10-22,11.689,4500000,1,AMZN
2012-10-19,12.0,4395300,0,AMZN
2012-10-18,12.2425,5305300,0,AMZN
2012-10-17,12.3745,3302700,0,AMZN
2012-10-16,12.197,2204100,1,AMZN
2012-10-15,12.209,2959800,0,AMZN
2012-10-12,12.118,2203200,1,AMZN
2012-10-11,12.211,3447300,0,AMZN
2012-10-10,12.2495,3948300,0,AMZN
2012-10-09,12.548,3494800,0,AMZN
2012-10-08,12.953,1762300,0,AMZN
2012-10-05,12.9255,2806500,1,AMZN
2012-10-04,13.0235,2700400,0,AMZN
2012-10-03,12.796,2745600,1,AMZN
2012-10-02,12.53,2195800,1,AMZN
2012-10-01,12.6005,2581200,0,AMZN
2012-09-28,12.716,2456600,0,AMZN
2012-09-27,12.8295,3397400,0,AMZN
2012-09-26,12.4835,2920500,1,AMZN
2012-09-25,12.623,4405800,0,AMZN
2012-09-24,12.74025,2707900,0,AMZN
2012-09-21,12.8735,6059300,0,AMZN
2012-09-20,13.0405,2913600,0,AMZN
2012-09-19,13.084,2636800,0,AMZN
2012-09-18,12.9375,2215000,1,AMZN
2012-09-17,12.9,2306300,1,AMZN
2012-09-14,13.0635,3666200,0,AMZN
2012-09-13,13.012,3525600,1,AMZN
2012-09-12,12.7815,2273200,1,AMZN
2012-09-11,12.7835,2524800,0,AMZN
2012-09-10,12.8545,2567200,0,AMZN
2012-09-07,12.957,5029500,0,AMZN
2012-09-06,12.569,5361400,1,AMZN
2012-09-05,12.311,2652600,1,AMZN
2012-09-04,12.394,3950800,0,AMZN
2012-08-31,12.4135,3347500,0,AMZN
2012-08-30,12.311,3647500,1,AMZN
2012-08-29,12.356,1772600,0,AMZN
2012-08-28,12.3055,2742300,1,AMZN
2012-08-27,12.196,2929700,1,AMZN
2012-08-24,12.287,3698800,0,AMZN
2012-08-23,12.0599,2453900,1,AMZN
2012-08-22,12.155,2473700,0,AMZN
2012-08-21,11.9725,2571500,1,AMZN
2012-08-20,12.0175,1889900,0,AMZN
2012-08-17,12.0585,3085800,0,AMZN
2012-08-16,12.0775,4312100,0,AMZN
2012-08-15,11.871,3264700,1,AMZN
2012-08-14,11.6595,2751000,1,AMZN
2012-08-13,11.622,1997300,1,AMZN
2012-08-10,11.6375,1852500,0,AMZN
2012-08-09,11.703,1548100,0,AMZN
2012-08-08,11.719,1534300,0,AMZN
2012-08-07,11.828,2058300,0,AMZN
2012-08-06,11.6995,1843700,1,AMZN
2012-08-03,11.7485,2825300,0,AMZN
2012-08-02,11.5405,3048100,1,AMZN
2012-08-01,11.6045,2543800,0,AMZN
2012-07-31,11.665,3453600,0,AMZN
2012-07-30,11.8045,3736400,0,AMZN
2012-07-27,11.866,11313900,0,AMZN
2012-07-26,11.0005,6937400,1,AMZN
2012-07-25,10.8525,3646700,1,AMZN
2012-07-24,11.152,5008700,0,AMZN
2012-07-23,11.3005,5515100,0,AMZN
2012-07-20,11.4145,4170000,0,AMZN
2012-07-19,11.3085,5449400,1,AMZN
2012-07-18,10.8735,2093000,1,AMZN
2012-07-17,10.8465,1987000,1,AMZN
2012-07-16,10.8005,2004200,1,AMZN
2012-07-13,10.9195,2221900,0,AMZN
2012-07-12,10.768,2616200,1,AMZN
2012-07-11,10.9185,2734700,0,AMZN
2012-07-10,10.975,2982100,0,AMZN
2012-07-09,11.2525,1922000,0,AMZN
2012-07-06,11.2525,3203200,0,AMZN
2012-07-05,11.353,2682300,0,AMZN
2012-07-03,11.4765,1331700,0,AMZN
2012-07-02,11.466,2330700,1,AMZN
2012-06-29,11.4175,3614400,1,AMZN
2012-06-28,11.0655,2994800,1,AMZN
2012-06-27,11.281,2799200,0,AMZN
2012-06-26,11.2805,3754100,1,AMZN
2012-06-25,11.0035,2382300,1,AMZN
2012-06-22,11.108,2187500,0,AMZN
2012-06-21,11.02875,2843000,1,AMZN
2012-06-20,11.151,2444400,0,AMZN
2012-06-19,11.2015,2716600,0,AMZN
2012-06-18,11.133,3369600,1,AMZN
2012-06-15,10.9175,3785200,1,AMZN
2012-06-14,10.7225,3060900,1,AMZN
2012-06-13,10.7365,2325200,0,AMZN
2012-06-12,10.821,2833300,0,AMZN
2012-06-11,10.825,3749100,0,AMZN
2012-06-08,10.924,2877000,0,AMZN
2012-06-07,10.94,3503900,0,AMZN
2012-06-06,10.882,2710100,1,AMZN
2012-06-05,10.6605,3543900,1,AMZN
2012-06-04,10.7285,4299600,0,AMZN
2012-06-01,10.411,3951500,1,AMZN
2012-05-31,10.6455,4944000,0,AMZN
2012-05-30,10.4615,4078200,1,AMZN
2012-05-29,10.7375,2693900,0,AMZN
2012-05-25,10.6445,2171400,1,AMZN
2012-05-24,10.762,3141100,0,AMZN
2012-05-23,10.864,4243800,0,AMZN
2012-05-22,10.7665,3733100,1,AMZN
2012-05-21,10.9055,3579800,0,AMZN
2012-05-18,10.6925,5231700,1,AMZN
2012-05-17,10.918,4505500,0,AMZN
2012-05-16,11.203,5261800,0,AMZN
2012-05-15,11.2195,5713700,0,AMZN
2012-05-14,11.1465,3096600,1,AMZN
2012-05-11,11.384,4193600,0,AMZN
2012-05-10,11.3345,4648400,1,AMZN
2012-05-09,11.149,3712000,1,AMZN
2012-05-08,11.195,4522400,0,AMZN
2012-05-07,11.258,3314300,0,AMZN
2012-05-04,11.1995,4585200,1,AMZN
2012-05-03,11.4725,4055500,0,AMZN
2012-05-02,11.5125,4593400,0,AMZN
2012-05-01,11.502,6754900,1,AMZN
2012-04-30,11.595,9756900,0,AMZN
2012-04-27,11.3425,22116900,1,AMZN
2012-04-26,9.7995,10234000,1,AMZN
2012-04-25,9.721,3955100,1,AMZN
2012-04-24,9.5165,3376300,1,AMZN
2012-04-23,9.412,3481000,1,AMZN
2012-04-20,9.499,3243600,0,AMZN
2012-04-19,9.555,4002400,0,AMZN
2012-04-18,9.5535,4001900,1,AMZN
2012-04-17,9.4195,2829200,1,AMZN
2012-04-16,9.275,4044300,1,AMZN
2012-04-13,9.423,3431800,0,AMZN
2012-04-12,9.5345,4027900,0,AMZN
2012-04-11,9.3985,4337800,1,AMZN
2012-04-10,9.349,4455000,1,AMZN
2012-04-09,9.5935,3135900,0,AMZN
2012-04-05,9.7195,3217500,0,AMZN
2012-04-04,9.6995,5456900,1,AMZN
2012-04-03,9.983,5000700,0,AMZN
2012-04-02,9.9025,6430300,1,AMZN
2012-03-30,10.1255,4438100,0,AMZN
2012-03-29,10.2305,5711200,0,AMZN
2012-03-28,10.058,6245000,1,AMZN
2012-03-27,10.272,9600800,0,AMZN
2012-03-26,10.1435,7613700,1,AMZN
2012-03-23,9.752,5984000,1,AMZN
2012-03-22,9.62,3739600,1,AMZN
2012-03-21,9.5865,4214400,1,AMZN
2012-03-20,9.6165,9165400,0,AMZN
2012-03-19,9.276,3903400,1,AMZN
2012-03-16,9.2525,4934000,1,AMZN
2012-03-15,9.2215,4160100,1,AMZN
2012-03-14,9.113,3699700,1,AMZN
2012-03-13,9.2295,4405800,0,AMZN
2012-03-12,9.1695,2587600,1,AMZN
2012-03-09,9.216,4510600,0,AMZN
2012-03-08,9.382,4221500,0,AMZN
2012-03-07,9.1885,4951500,1,AMZN
2012-03-06,9.0545,5612200,1,AMZN
2012-03-05,9.013,4682700,1,AMZN
2012-03-02,8.965,3657800,1,AMZN
2012-03-01,9.002,4936000,0,AMZN
2012-02-29,8.9845,5300300,1,AMZN
2012-02-28,9.19,5764500,0,AMZN
2012-02-27,8.9265,3706200,1,AMZN
2012-02-24,8.9565,3668700,0,AMZN
2012-02-23,8.9445,5153800,1,AMZN
2012-02-22,9.029,5785400,0,AMZN
2012-02-21,9.113,6756500,0,AMZN
2012-02-17,9.125,7418100,0,AMZN
2012-02-16,8.9965,12563800,1,AMZN
2012-02-15,9.2235,7794400,0,AMZN
2012-02-14,9.565,9527100,0,AMZN
2012-02-13,9.5795,6071400,0,AMZN
2012-02-10,9.277,5797100,1,AMZN
2012-02-09,9.249,7189200,1,AMZN
2012-02-08,9.274,5476600,0,AMZN
2012-02-07,9.2095,5103900,1,AMZN
2012-02-06,9.157,5310000,1,AMZN
2012-02-03,9.384,8120500,0,AMZN
2012-02-02,9.086,8736300,1,AMZN
2012-02-01,8.973,21336600,1,AMZN
2012-01-31,9.722,12772200,0,AMZN
2012-01-30,9.6075,5424100,1,AMZN
2012-01-27,9.7685,4659000,0,AMZN
2012-01-26,9.6658,5873600,1,AMZN
2012-01-25,9.39,4306400,1,AMZN
2012-01-24,9.35,4673800,1,AMZN
2012-01-23,9.3045,4585300,1,AMZN
2012-01-20,9.5465,5610300,0,AMZN
2012-01-19,9.7225,7096000,0,AMZN
2012-01-18,9.472,7473500,1,AMZN
2012-01-17,9.083,5644500,1,AMZN
2012-01-13,8.921,4753500,1,AMZN
2012-01-12,8.7965,5385800,1,AMZN
2012-01-11,8.945,3102700,0,AMZN
2012-01-10,8.967,3985800,0,AMZN
2012-01-09,8.928,5056900,1,AMZN
2012-01-06,9.1305,7008400,0,AMZN
2012-01-05,8.8805,3809100,1,AMZN
2012-01-04,8.8755,4205200,1,AMZN
2012-01-03,8.9515,5110800,0,AMZN
2011-12-30,8.655,4279800,1,AMZN
2011-12-29,8.693,8209300,0,AMZN
2011-12-28,8.6945,3659500,0,AMZN
2011-12-27,8.8135,2950900,0,AMZN
2011-12-23,8.864,3496500,0,AMZN
2011-12-22,8.9515,4694900,0,AMZN
2011-12-21,8.7175,8066700,1,AMZN
2011-12-20,9.126,4600100,0,AMZN
2011-12-19,8.9665,4533600,1,AMZN
2011-12-16,9.063,6664100,0,AMZN
2011-12-15,9.063,7259900,0,AMZN
2011-12-14,9.0105,11614200,1,AMZN
2011-12-13,9.0255,9297300,0,AMZN
2011-12-12,9.476,4343200,0,AMZN
2011-12-09,9.6515,5158800,0,AMZN
2011-12-08,9.524,4361100,1,AMZN
2011-12-07,9.766,6427300,0,AMZN
2011-12-06,9.5995,5202000,1,AMZN
2011-12-05,9.812,5922100,0,AMZN
2011-12-02,9.8015,7526200,1,AMZN
2011-12-01,9.8565,7327700,0,AMZN
2011-11-30,9.6145,7717000,1,AMZN
2011-11-29,9.4195,6575100,1,AMZN
2011-11-28,9.7075,7207300,0,AMZN
2011-11-25,9.11995,4972000,1,AMZN
2011-11-23,9.4495,8011300,0,AMZN
2011-11-22,9.617,9915600,0,AMZN
2011-11-21,9.4625,11321200,1,AMZN
2011-11-18,9.857,8437500,0,AMZN
2011-11-17,10.226,7983100,0,AMZN
2011-11-16,10.5995,5509400,0,AMZN
2011-11-15,10.8915,5739000,0,AMZN
2011-11-14,10.9465,6522200,0,AMZN
2011-11-11,10.8695,5163100,1,AMZN
2011-11-10,10.5395,5044600,1,AMZN
2011-11-09,10.561,4680600,0,AMZN
2011-11-08,10.8995,3914500,0,AMZN
2011-11-07,10.85,3860000,1,AMZN
2011-11-04,10.824,4065800,1,AMZN
2011-11-03,10.9145,5315000,0,AMZN
2011-11-02,10.781,6122000,1,AMZN
2011-11-01,10.60525,8511800,1,AMZN
2011-10-31,10.6755,7343300,0,AMZN
2011-10-28,10.866,9880400,0,AMZN
2011-10-27,10.339,10774300,1,AMZN
2011-10-26,9.92,24134200,1,AMZN
2011-10-25,11.3575,14012600,0,AMZN
2011-10-24,11.8805,4975800,0,AMZN
2011-10-21,11.739,4572500,1,AMZN
2011-10-20,11.6805,4524900,1,AMZN
2011-10-19,11.5765,6715100,1,AMZN
2011-10-18,12.194,4609700,0,AMZN
2011-10-17,12.1165,4779000,1,AMZN
2011-10-14,12.3355,5923700,0,AMZN
2011-10-13,11.8075,4833500,1,AMZN
2011-10-12,11.8405,6510800,0,AMZN
2011-10-11,11.774,5003700,1,AMZN
2011-10-10,11.566,5143100,1,AMZN
2011-10-07,11.237,6784300,1,AMZN
2011-10-06,11.0755,6849300,1,AMZN
2011-10-05,10.9749,6508200,1,AMZN
2011-10-04,10.625,8711600,1,AMZN
2011-10-03,10.599,6624400,1,AMZN
2011-09-30,10.8115,6550300,0,AMZN
2011-09-29,11.122,9378500,0,AMZN
2011-09-28,11.4855,14436900,0,AMZN
2011-09-27,11.2105,7837500,1,AMZN
2011-09-26,11.4925,5794100,0,AMZN
2011-09-23,11.1805,6468100,1,AMZN
2011-09-22,11.1615,8254600,1,AMZN
2011-09-21,11.5935,5881500,0,AMZN
2011-09-20,11.6625,7385500,0,AMZN
2011-09-19,12.0845,8223300,0,AMZN
2011-09-16,11.965,11753000,1,AMZN
2011-09-15,11.339,5608800,1,AMZN
2011-09-14,11.1285,5881700,1,AMZN
2011-09-13,10.9765,4835900,1,AMZN
2011-09-12,10.828,5342100,1,AMZN
2011-09-09,10.5695,4574300,1,AMZN
2011-09-08,10.863,4397900,0,AMZN
2011-09-07,10.995,5295800,0,AMZN
2011-09-06,10.809,6216200,1,AMZN
2011-09-02,10.5,4232000,1,AMZN
2011-09-01,10.627,5275300,0,AMZN
2011-08-31,10.7615,7405000,0,AMZN
2011-08-30,10.546,5915700,1,AMZN
2011-08-29,10.3265,4511000,1,AMZN
2011-08-26,9.9635,5310700,1,AMZN
2011-08-25,9.6015,3760800,1,AMZN
2011-08-24,9.6865,6248700,0,AMZN
2011-08-23,9.6775,7351600,1,AMZN
2011-08-22,8.877,5313700,1,AMZN
2011-08-19,8.9465,7244200,0,AMZN
2011-08-18,9.126,8275200,0,AMZN
2011-08-17,9.7965,3991100,0,AMZN
2011-08-16,9.884,5205900,0,AMZN
2011-08-15,10.1475,4785900,0,AMZN
2011-08-12,10.115,5620400,1,AMZN
2011-08-11,9.918,7401900,1,AMZN
2011-08-10,9.7065,8757600,1,AMZN
2011-08-09,10.2545,10491200,0,AMZN
2011-08-08,9.685,10427500,1,AMZN
2011-08-05,10.135,10024000,0,AMZN
2011-08-04,10.074,6579500,1,AMZN
2011-08-03,10.498,8197100,0,AMZN
2011-08-02,10.585,6586700,0,AMZN
2011-08-01,11.066,5789300,0,AMZN
2011-07-29,11.126,5167700,0,AMZN
2011-07-28,11.195,5354900,0,AMZN
2011-07-27,11.1259,12955600,1,AMZN
2011-07-26,10.709,9863600,1,AMZN
2011-07-25,10.6745,3342800,1,AMZN
2011-07-22,10.826,3591700,0,AMZN
2011-07-21,10.6605,4545300,1,AMZN
2011-07-20,10.7775,3372900,0,AMZN
2011-07-19,10.903,4437200,0,AMZN
2011-07-18,10.5765,2898100,1,AMZN
2011-07-15,10.6435,4072600,0,AMZN
2011-07-14,10.519,3902500,1,AMZN
2011-07-13,10.675,4229900,0,AMZN
2011-07-12,10.5615,3985700,1,AMZN
2011-07-11,10.6275,4033700,0,AMZN
2011-07-08,10.914,3707900,0,AMZN
2011-07-07,10.837,3144900,1,AMZN
2011-07-06,10.7095,2607600,1,AMZN
2011-07-05,10.6595,3585200,1,AMZN
2011-07-01,10.4745,4008700,1,AMZN
2011-06-30,10.2245,4448100,1,AMZN
2011-06-29,10.209,4608900,1,AMZN
2011-06-28,10.1175,3825300,1,AMZN
2011-06-27,10.0625,6100700,1,AMZN
2011-06-24,9.6275,3614500,1,AMZN
2011-06-23,9.708,4609600,0,AMZN
2011-06-22,9.5815,3129700,1,AMZN
2011-06-21,9.7115,4182600,0,AMZN
2011-06-20,9.386,2831700,1,AMZN
2011-06-17,9.3185,6322200,1,AMZN
2011-06-16,9.1825,6032100,1,AMZN
2011-06-15,9.299,6317700,0,AMZN
2011-06-14,9.498,3960300,0,AMZN
2011-06-13,9.3145,3868900,1,AMZN
2011-06-10,9.3265,3760400,0,AMZN
2011-06-09,9.484,4187300,0,AMZN
2011-06-08,9.4025,3716600,1,AMZN
2011-06-07,9.3775,4866500,1,AMZN
2011-06-06,9.2845,3716000,1,AMZN
2011-06-03,9.416,4974500,0,AMZN
2011-06-02,9.6825,3044900,0,AMZN
2011-06-01,9.61975,3445200,1,AMZN
2011-05-31,9.8345,3409000,0,AMZN
2011-05-27,9.7065,2352600,1,AMZN
2011-05-26,9.75,4075200,0,AMZN
2011-05-25,9.613,4661300,1,AMZN
2011-05-24,9.6635,2972700,0,AMZN
2011-05-23,9.811,4200000,0,AMZN
2011-05-20,9.9325,3381000,0,AMZN
2011-05-19,9.94025,3701200,0,AMZN
2011-05-18,9.8545,4955800,1,AMZN
2011-05-17,9.7405,7073300,1,AMZN
2011-05-16,9.6255,9386400,1,AMZN
2011-05-13,10.128,4123700,0,AMZN
2011-05-12,10.3035,4800000,0,AMZN
2011-05-11,10.219,4809000,1,AMZN
2011-05-10,10.197,5885900,1,AMZN
2011-05-09,10.04,5825400,1,AMZN
2011-05-06,9.88,4013900,1,AMZN
2011-05-05,9.8555,4600000,1,AMZN
2011-05-04,9.9985,6550000,0,AMZN
2011-05-03,9.9225,6100000,1,AMZN
2011-05-02,10.0595,9398100,0,AMZN
2011-04-29,9.7905,6640900,1,AMZN
2011-04-28,9.7535,7300000,1,AMZN
2011-04-27,9.8315,23623000,0,AMZN
2011-04-26,9.115,11200000,1,AMZN
2011-04-25,9.271,3438100,0,AMZN
2011-04-21,9.2945,3348100,0,AMZN
2011-04-20,9.1935,4067500,1,AMZN
2011-04-19,8.941,2646000,1,AMZN
2011-04-18,8.917,4616500,1,AMZN
2011-04-15,9.0005,4272400,0,AMZN
2011-04-14,9.091,3588200,0,AMZN
2011-04-13,9.1145,4216300,0,AMZN
2011-04-12,9.024,5334500,1,AMZN
2011-04-11,9.202,3297100,0,AMZN
2011-04-08,9.2355,3726400,0,AMZN
2011-04-07,9.2455,4564000,0,AMZN
2011-04-06,9.138,5430700,1,AMZN
2011-04-05,9.2645,5569200,0,AMZN
2011-04-04,9.147,4186400,1,AMZN
2011-04-01,9.0065,5684100,1,AMZN
2011-03-31,9.0065,4826500,0,AMZN
2011-03-30,8.971,6859300,1,AMZN
2011-03-29,8.731,4884600,1,AMZN
2011-03-28,8.4675,3400800,1,AMZN
2011-03-25,8.549,4293800,0,AMZN
2011-03-24,8.555,6283200,0,AMZN
2011-03-23,8.266,4721300,1,AMZN
2011-03-22,8.13,3611400,1,AMZN
2011-03-21,8.22625,4055100,0,AMZN
2011-03-18,8.091,7442700,1,AMZN
2011-03-17,8.0485,6471400,1,AMZN
2011-03-16,8.235,5208100,0,AMZN
2011-03-15,8.254,4934500,0,AMZN
2011-03-14,8.3365,4022000,0,AMZN
2011-03-11,8.4035,4609900,0,AMZN
2011-03-10,8.307,5998400,1,AMZN
2011-03-09,8.4525,7108900,0,AMZN
2011-03-08,8.3445,4219000,1,AMZN
2011-03-07,8.454,5932900,0,AMZN
2011-03-04,8.5835,4924300,0,AMZN
2011-03-03,8.6395,4138200,0,AMZN
2011-03-02,8.601,5185700,1,AMZN
2011-03-01,8.472,5847100,1,AMZN
2011-02-28,8.6645,6783200,0,AMZN
2011-02-25,8.862,4191400,0,AMZN
2011-02-24,8.8875,4656500,0,AMZN
2011-02-23,8.834,5482000,1,AMZN
2011-02-22,9.021,5637100,0,AMZN
2011-02-18,9.325,4178600,0,AMZN
2011-02-17,9.388,3425500,0,AMZN
2011-02-16,9.331,4628200,1,AMZN
2011-02-15,9.4515,3890900,0,AMZN
2011-02-14,9.521,4061300,0,AMZN
2011-02-11,9.4625,4487900,1,AMZN
2011-02-10,9.3105,5331400,1,AMZN
2011-02-09,9.265,8312700,1,AMZN
2011-02-08,9.153,7794900,1,AMZN
2011-02-07,8.8215,5254700,1,AMZN
2011-02-04,8.7965,4347800,1,AMZN
2011-02-03,8.6855,3678900,1,AMZN
2011-02-02,8.6765,4547500,1,AMZN
2011-02-01,8.6055,5085900,1,AMZN
2011-01-31,8.482,6718100,1,AMZN
2011-01-28,8.557,19908200,0,AMZN
2011-01-27,9.2225,14594400,0,AMZN
2011-01-26,8.7695,3762200,1,AMZN
2011-01-25,8.835,4651000,0,AMZN
2011-01-24,8.8425,5600300,0,AMZN
2011-01-21,8.871,6806200,0,AMZN
2011-01-20,9.098,5709900,0,AMZN
2011-01-19,9.3435,3882400,0,AMZN
2011-01-18,9.5625,3896200,0,AMZN
2011-01-14,9.4375,3662800,1,AMZN
2011-01-13,9.2765,3367000,1,AMZN
2011-01-12,9.204,2679100,1,AMZN
2011-01-11,9.217,2814200,0,AMZN
2011-01-10,9.234,3375900,0,AMZN
2011-01-07,9.2745,5221700,0,AMZN
2011-01-06,9.293,3179700,0,AMZN
2011-01-05,9.371,3418800,0,AMZN
2011-01-04,9.2505,5031800,1,AMZN
2011-01-03,9.211,5331400,1,AMZN
2010-12-31,9.0,3451900,1,AMZN
2010-12-30,9.1375,1961200,0,AMZN
2010-12-29,9.1685,3120100,0,AMZN
2010-12-28,9.0545,1975000,1,AMZN
2010-12-27,9.107,2249400,0,AMZN
2010-12-23,9.1295,3358200,0,AMZN
2010-12-22,9.238,2578100,0,AMZN
2010-12-21,9.2375,5111000,1,AMZN
2010-12-20,9.1645,8735300,1,AMZN
2010-12-17,8.879,4507300,1,AMZN
2010-12-16,8.902,4121500,0,AMZN
2010-12-15,8.7785,5810500,1,AMZN
2010-12-14,8.697,3685300,1,AMZN
2010-12-13,8.7125,4202500,0,AMZN
2010-12-10,8.781,3565500,0,AMZN
2010-12-09,8.7425,4555500,1,AMZN
2010-12-08,8.8145,3726900,0,AMZN
2010-12-07,8.8385,5077100,0,AMZN
2010-12-06,8.9025,5654200,0,AMZN
2010-12-03,8.784,4907500,1,AMZN
2010-12-02,8.8265,5537600,0,AMZN
2010-12-01,8.8275,5770100,0,AMZN
2010-11-30,8.77,6762200,1,AMZN
2010-11-29,8.9745,9695000,0,AMZN
2010-11-26,8.86,4271600,1,AMZN
2010-11-24,8.8625,10042500,0,AMZN
2010-11-23,8.41,6465300,1,AMZN
2010-11-22,8.5195,6142500,0,AMZN
2010-11-19,8.241,4464800,1,AMZN
2010-11-18,8.2085,6225300,1,AMZN
2010-11-17,7.9175,4524900,1,AMZN
2010-11-16,7.889,6571400,1,AMZN
2010-11-15,7.945,9648600,0,AMZN
2010-11-12,8.284,7160600,0,AMZN
2010-11-11,8.5185,5691700,0,AMZN
2010-11-10,8.6665,5440300,0,AMZN
2010-11-09,8.5135,3978600,1,AMZN
2010-11-08,8.5995,5706000,0,AMZN
2010-11-05,8.5385,5212200,1,AMZN
2010-11-04,8.4465,7395900,1,AMZN
2010-11-03,8.4235,6112100,1,AMZN
2010-11-02,8.2305,4260000,1,AMZN
2010-11-01,8.129,5239900,1,AMZN
2010-10-29,8.2615,4998500,0,AMZN
2010-10-28,8.342,4684400,0,AMZN
2010-10-27,8.3755,5721800,0,AMZN
2010-10-26,8.4975,4689600,0,AMZN
2010-10-25,8.45,6530900,1,AMZN
2010-10-22,8.4565,16318400,0,AMZN
2010-10-21,8.2485,13482500,1,AMZN
2010-10-20,7.9335,5790400,1,AMZN
2010-10-19,7.9335,7525000,0,AMZN
2010-10-18,8.178,6331300,0,AMZN
2010-10-15,8.232,10135500,0,AMZN
2010-10-14,7.7765,4024100,1,AMZN
2010-10-13,7.7585,5632800,1,AMZN
2010-10-12,7.824,5280800,0,AMZN
2010-10-11,7.6515,4486400,1,AMZN
2010-10-08,7.7775,6918400,0,AMZN
2010-10-07,7.8135,4622000,0,AMZN
2010-10-06,7.77,6060800,1,AMZN
2010-10-05,8.0435,5620000,0,AMZN
2010-10-04,7.7695,5346500,1,AMZN
2010-10-01,7.6855,8683400,1,AMZN
2010-09-30,7.853,7606000,0,AMZN
2010-09-29,7.9495,7287500,0,AMZN
2010-09-28,7.985,8494200,0,AMZN
2010-09-27,7.9685,6446300,1,AMZN
2010-09-24,8.0365,10590600,0,AMZN
2010-09-23,7.6425,7065600,1,AMZN
2010-09-22,7.5915,6612400,1,AMZN
2010-09-21,7.5365,7542000,1,AMZN
2010-09-20,7.56524,6449400,0,AMZN
2010-09-17,7.41625,7259600,1,AMZN
2010-09-16,7.4065,5827000,1,AMZN
2010-09-15,7.2725,4903600,1,AMZN
2010-09-14,7.2875,4319400,0,AMZN
2010-09-13,7.2535,5077400,1,AMZN
2010-09-10,7.122,5043600,1,AMZN
2010-09-09,7.019,4958000,1,AMZN
2010-09-08,6.957,5828500,1,AMZN
2010-09-07,6.861,3883000,1,AMZN
2010-09-03,6.9395,6581200,0,AMZN
2010-09-02,6.7605,5407400,1,AMZN
2010-09-01,6.6245,7138300,1,AMZN
2010-08-31,6.2415,4225600,1,AMZN
2010-08-30,6.1895,3426000,1,AMZN
2010-08-27,6.332,5080000,0,AMZN
2010-08-26,6.243,4694500,1,AMZN
2010-08-25,6.3425,5344500,0,AMZN
2010-08-24,6.2265,5369700,1,AMZN
2010-08-23,6.33,3861300,0,AMZN
2010-08-20,6.388,4170100,0,AMZN
2010-08-19,6.3785,5582500,1,AMZN
2010-08-18,6.4825,7901500,0,AMZN
2010-08-17,6.443,5044700,1,AMZN
2010-08-16,6.3035,4024700,1,AMZN
2010-08-13,6.2345,3976600,1,AMZN
2010-08-12,6.328,4367900,0,AMZN
2010-08-11,6.2945,5541700,1,AMZN
2010-08-10,6.5,5706900,0,AMZN
2010-08-09,6.4415,5085800,1,AMZN
2010-08-06,6.416,5065200,1,AMZN
2010-08-05,6.3915,4282300,1,AMZN
2010-08-04,6.379,9270800,1,AMZN
2010-08-03,6.121,5953800,1,AMZN
2010-08-02,6.0035,5443700,1,AMZN
2010-07-30,5.8945,7077500,1,AMZN
2010-07-29,5.843,6175800,1,AMZN
2010-07-28,5.8565,5472300,0,AMZN
2010-07-27,5.8565,7796100,0,AMZN
2010-07-26,5.92,11137800,0,AMZN
2010-07-23,5.9435,42421100,0,AMZN
2010-07-22,6.0035,15003400,0,AMZN
2010-07-21,5.8715,5011700,1,AMZN
2010-07-20,6.005,6785000,0,AMZN
2010-07-19,5.997,5030900,1,AMZN
2010-07-16,5.9245,6227900,1,AMZN
2010-07-15,6.103,6047700,0,AMZN
2010-07-14,6.165,5257000,0,AMZN
2010-07-13,6.1825,7091100,0,AMZN
2010-07-12,5.9755,4783600,1,AMZN
2010-07-09,5.863,4065100,1,AMZN
2010-07-08,5.811,6775000,1,AMZN
2010-07-07,5.6715,4941000,1,AMZN
2010-07-06,5.503,5219300,1,AMZN
2010-07-02,5.457,4477100,1,AMZN
2010-07-01,5.548,8529800,0,AMZN
2010-06-30,5.463,9740700,1,AMZN
2010-06-29,5.4305,12866300,1,AMZN
2010-06-28,5.89,5612200,0,AMZN
2010-06-25,6.05,5769700,0,AMZN
2010-06-24,5.9165,7771100,1,AMZN
2010-06-23,6.0725,5455100,0,AMZN
2010-06-22,6.11535,6207200,0,AMZN
2010-06-21,6.1275,5327700,0,AMZN
2010-06-18,6.2915,3836000,0,AMZN
2010-06-17,6.2945,3479000,0,AMZN
2010-06-16,6.345,3964300,0,AMZN
2010-06-15,6.342,4541000,1,AMZN
2010-06-14,6.1915,3923000,1,AMZN
2010-06-11,6.1515,4204600,1,AMZN
2010-06-10,6.1605,6061800,0,AMZN
2010-06-09,5.8955,7369200,1,AMZN
2010-06-08,5.94175,11484400,0,AMZN
2010-06-07,6.1005,6566400,0,AMZN
2010-06-04,6.1385,5497700,0,AMZN
2010-06-03,6.438,5276900,0,AMZN
2010-06-02,6.3155,4764700,1,AMZN
2010-06-01,6.162,3659500,1,AMZN
2010-05-28,6.273,3954800,0,AMZN
2010-05-27,6.335,4747700,0,AMZN
2010-05-26,6.1605,6964600,1,AMZN
2010-05-25,6.243,6913400,0,AMZN
2010-05-24,6.106,4535900,1,AMZN
2010-05-21,6.136,7966900,0,AMZN
2010-05-20,5.9855,8594400,1,AMZN
2010-05-19,6.2295,6463300,0,AMZN
2010-05-18,6.314,5256900,0,AMZN
2010-05-17,6.4455,5642200,0,AMZN
2010-05-14,6.42665,5277800,1,AMZN
2010-05-13,6.5735,5940200,0,AMZN
2010-05-12,6.6935,5904500,0,AMZN
2010-05-11,6.523,6044100,1,AMZN
2010-05-10,6.5645,6806100,0,AMZN
2010-05-07,6.249,11927600,1,AMZN
2010-05-06,6.4355,10189000,0,AMZN
2010-05-05,6.5465,9458100,0,AMZN
2010-05-04,6.4915,12667800,1,AMZN
2010-05-03,6.8745,5654600,0,AMZN
2010-04-30,6.855,6113500,1,AMZN
2010-04-29,7.0865,6314200,0,AMZN
2010-04-28,6.9675,9235300,1,AMZN
2010-04-27,7.101,8639000,0,AMZN
2010-04-26,7.3555,9318300,0,AMZN
2010-04-23,7.1815,18975200,1,AMZN
2010-04-22,7.5045,15165800,0,AMZN
2010-04-21,7.3215,7374400,1,AMZN
2010-04-20,7.21,4311700,1,AMZN
2010-04-19,7.1215,6022000,1,AMZN
2010-04-16,7.10855,8396800,1,AMZN
2010-04-15,7.291,7829600,0,AMZN
2010-04-14,7.214,7900300,1,AMZN
2010-04-13,7.008,4785500,1,AMZN
2010-04-12,7.06,5445300,0,AMZN
2010-04-09,7.003,6011100,1,AMZN
2010-04-08,7.048,12689100,0,AMZN
2010-04-07,6.7435,5945400,1,AMZN
2010-04-06,6.778,7950300,0,AMZN
2010-04-05,6.5745,5816500,1,AMZN
2010-04-01,6.5905,8785800,0,AMZN
2010-03-31,6.7885,4600600,0,AMZN
2010-03-30,6.82895,6192700,0,AMZN
2010-03-29,6.756,4626900,1,AMZN
2010-03-26,6.753,6565700,1,AMZN
2010-03-25,6.7365,16209600,1,AMZN
2010-03-24,6.402,4696400,1,AMZN
2010-03-23,6.463,4213100,0,AMZN
2010-03-22,6.5235,5383400,0,AMZN
2010-03-19,6.5175,8905000,1,AMZN
2010-03-18,6.638,5021300,0,AMZN
2010-03-17,6.567,4358800,1,AMZN
2010-03-16,6.5895,4132500,0,AMZN
2010-03-15,6.5565,6329200,1,AMZN
2010-03-12,6.591,6150800,0,AMZN
2010-03-11,6.679,7240800,0,AMZN
2010-03-10,6.5255,5625700,1,AMZN
2010-03-09,6.441,6070800,1,AMZN
2010-03-08,6.5055,5605900,0,AMZN
2010-03-05,6.4455,6769300,1,AMZN
2010-03-04,6.4265,7509700,1,AMZN
2010-03-03,6.2945,6440400,1,AMZN
2010-03-02,6.2765,12097500,1,AMZN
2010-03-01,6.227,13296500,1,AMZN
2010-02-26,5.92,5721600,1,AMZN
2010-02-25,5.91,9533400,1,AMZN
2010-02-24,5.986,7389900,0,AMZN
2010-02-23,5.862,7068200,1,AMZN
2010-02-22,5.9005,6807300,0,AMZN
2010-02-19,5.876,7115600,1,AMZN
2010-02-18,5.904,9800100,0,AMZN
2010-02-17,5.8155,8944800,1,AMZN
2010-02-16,5.8765,8932700,0,AMZN
2010-02-12,5.983,8073500,0,AMZN
2010-02-11,6.0045,8343500,0,AMZN
2010-02-10,5.868,6233200,1,AMZN
2010-02-09,5.9015,9223000,0,AMZN
2010-02-08,5.8415,9890200,1,AMZN
2010-02-05,5.8695,11024800,0,AMZN
2010-02-04,5.797,12784000,1,AMZN
2010-02-03,5.955,12405900,0,AMZN
2010-02-02,5.906,23079700,1,AMZN
2010-02-01,5.9435,37774400,0,AMZN
2010-01-29,6.2705,29471300,0,AMZN
2010-01-28,6.3015,27293100,0,AMZN
2010-01-27,6.1375,14765300,1,AMZN
2010-01-26,5.974,9559000,1,AMZN
2010-01-25,6.0155,12023900,0,AMZN
2010-01-22,6.0715,11568900,0,AMZN
2010-01-21,6.331,9970600,0,AMZN
2010-01-20,6.289,9074700,1,AMZN
2010-01-19,6.3805,8892600,0,AMZN
2010-01-15,6.357,15376500,1,AMZN
2010-01-14,6.3675,9774900,0,AMZN
2010-01-13,6.4555,10723200,0,AMZN
2010-01-12,6.3675,9096300,1,AMZN
2010-01-11,6.5154,8779400,0,AMZN
2010-01-08,6.676,9830500,0,AMZN
2010-01-07,6.5,11030200,1,AMZN
2010-01-06,6.6125,7178800,0,AMZN
2010-01-05,6.7345,8851900,0,AMZN
2010-01-04,6.695,7599900,1,AMZN
