Date,adjusted_close,gdp,gdpr1,gdpr2,cpi,bond20yr,bond30yr,fedfunds,cpir,wpir,unemp,employ
2010-07-09,1.16,15.672,15648.991,15726.282,2.1761,3.74,3.98,0.18,1.6366,6.8318,9.4,130427.0
2010-07-16,1.376,15.672,15648.991,15726.282,2.1761,3.74,3.98,0.18,1.6366,6.8318,9.4,130427.0
2010-07-23,1.4193,15.672,15648.991,15726.282,2.1761,3.74,3.98,0.18,1.6366,6.8318,9.4,130427.0
2010-07-30,1.3293,15.672,15648.991,15726.282,2.1761,3.74,3.98,0.18,1.6366,6.8318,9.4,130427.0
2010-08-06,1.306,15.672,15648.991,15726.282,2.1792,3.23,3.52,0.21,1.6366,6.8318,9.5,130422.0
2010-08-13,1.2213,15.672,15648.991,15726.282,2.1792,3.23,3.52,0.21,1.6366,6.8318,9.5,130422.0
2010-08-20,1.2733,15.672,15648.991,15726.282,2.1792,3.23,3.52,0.21,1.6366,6.8318,9.5,130422.0
2010-08-27,1.3133,15.672,15648.991,15726.282,2.1792,3.23,3.52,0.21,1.6366,6.8318,9.5,130422.0
2010-09-03,1.4033,15.672,15648.991,15726.282,2.1828,3.38,3.69,0.15,1.6366,6.8318,9.5,130357.0
2010-09-10,1.3447,15.672,15648.991,15726.282,2.1828,3.38,3.69,0.15,1.6366,6.8318,9.5,130357.0
2010-09-17,1.3487,15.672,15648.991,15726.282,2.1828,3.38,3.69,0.15,1.6366,6.8318,9.5,130357.0
2010-09-24,1.34,15.672,15648.991,15726.282,2.1828,3.38,3.69,0.15,1.6366,6.8318,9.5,130357.0
2010-10-01,1.3733,15.7506,15648.991,15807.995,2.1904,3.64,3.99,0.2,1.6366,6.8318,9.4,130625.0
2010-10-08,1.362,15.7506,15648.991,15807.995,2.1904,3.64,3.99,0.2,1.6366,6.8318,9.4,130625.0
2010-10-15,1.3693,15.7506,15648.991,15807.995,2.1904,3.64,3.99,0.2,1.6366,6.8318,9.4,130625.0
2010-10-22,1.3813,15.7506,15648.991,15807.995,2.1904,3.64,3.99,0.2,1.6366,6.8318,9.4,130625.0
2010-10-29,1.456,15.7506,15648.991,15807.995,2.1904,3.64,3.99,0.2,1.6366,6.8318,9.4,130625.0
2010-11-05,1.6293,15.7506,15648.991,15807.995,2.1959,3.8,4.12,0.2,1.6366,6.8318,9.8,130750.0
2010-11-12,1.9893,15.7506,15648.991,15807.995,2.1959,3.8,4.12,0.2,1.6366,6.8318,9.8,130750.0
2010-11-19,2.066,15.7506,15648.991,15807.995,2.1959,3.8,4.12,0.2,1.6366,6.8318,9.8,130750.0
2010-11-26,2.3547,15.7506,15648.991,15807.995,2.1959,3.8,4.12,0.2,1.6366,6.8318,9.8,130750.0
2010-12-03,2.0993,15.7506,15648.991,15807.995,2.2047,4.13,4.34,0.13,1.6366,6.8318,9.3,130822.0
2010-12-10,2.1013,15.7506,15648.991,15807.995,2.2047,4.13,4.34,0.13,1.6366,6.8318,9.3,130822.0
2010-12-17,2.0907,15.7506,15648.991,15807.995,2.2047,4.13,4.34,0.13,1.6366,6.8318,9.3,130822.0
2010-12-23,2.006,15.7506,15648.991,15807.995,2.2047,4.13,4.34,0.13,1.6366,6.8318,9.3,130822.0
2010-12-31,1.7753,15.7506,15648.991,15807.995,2.2047,4.13,4.34,0.13,1.6366,6.8318,9.3,130822.0
2011-01-07,1.8827,15.7128,15891.534,15769.911,2.2119,4.33,4.58,0.17,3.1397,8.8003,9.1,130841.0
2011-01-14,1.7167,15.7128,15891.534,15769.911,2.2119,4.33,4.58,0.17,3.1397,8.8003,9.1,130841.0
2011-01-21,1.536,15.7128,15891.534,15769.911,2.2119,4.33,4.58,0.17,3.1397,8.8003,9.1,130841.0
2011-01-28,1.6007,15.7128,15891.534,15769.911,2.2119,4.33,4.58,0.17,3.1397,8.8003,9.1,130841.0
2011-02-04,1.564,15.7128,15891.534,15769.911,2.219,4.25,4.49,0.16,3.1397,8.8003,9.0,131053.0
2011-02-11,1.55,15.7128,15891.534,15769.911,2.219,4.25,4.49,0.16,3.1397,8.8003,9.0,131053.0
2011-02-18,1.5453,15.7128,15891.534,15769.911,2.219,4.25,4.49,0.16,3.1397,8.8003,9.0,131053.0
2011-02-25,1.574,15.7128,15891.534,15769.911,2.219,4.25,4.49,0.16,3.1397,8.8003,9.0,131053.0
2011-03-04,1.6633,15.7128,15891.534,15769.911,2.2305,4.29,4.51,0.1,3.1397,8.8003,9.0,131288.0
2011-03-11,1.6047,15.7128,15891.534,15769.911,2.2305,4.29,4.51,0.1,3.1397,8.8003,9.0,131288.0
2011-03-18,1.5307,15.7128,15891.534,15769.911,2.2305,4.29,4.51,0.1,3.1397,8.8003,9.0,131288.0
2011-03-25,1.5167,15.7128,15891.534,15769.911,2.2305,4.29,4.51,0.1,3.1397,8.8003,9.0,131288.0
2011-04-01,1.7773,15.8251,15891.534,15876.839,2.2409,4.15,4.4,0.09,3.1397,8.8003,9.1,131602.0
2011-04-08,1.766,15.8251,15891.534,15876.839,2.2409,4.15,4.4,0.09,3.1397,8.8003,9.1,131602.0
2011-04-15,1.7053,15.8251,15891.534,15876.839,2.2409,4.15,4.4,0.09,3.1397,8.8003,9.1,131602.0
2011-04-21,1.7827,15.8251,15891.534,15876.839,2.2409,4.15,4.4,0.09,3.1397,8.8003,9.1,131602.0
2011-04-29,1.84,15.8251,15891.534,15876.839,2.2409,4.15,4.4,0.09,3.1397,8.8003,9.1,131602.0
2011-05-06,1.808,15.8251,15891.534,15876.839,2.2481,3.91,4.22,0.1,3.1397,8.8003,9.0,131703.0
2011-05-13,1.8367,15.8251,15891.534,15876.839,2.2481,3.91,4.22,0.1,3.1397,8.8003,9.0,131703.0
2011-05-20,1.8647,15.8251,15891.534,15876.839,2.2481,3.91,4.22,0.1,3.1397,8.8003,9.0,131703.0
2011-05-27,1.97,15.8251,15891.534,15876.839,2.2481,3.91,4.22,0.1,3.1397,8.8003,9.0,131703.0
2011-06-03,2.0087,15.8251,15891.534,15876.839,2.2481,4.09,4.38,0.07,3.1397,8.8003,9.1,131939.0
2011-06-10,1.8573,15.8251,15891.534,15876.839,2.2481,4.09,4.38,0.07,3.1397,8.8003,9.1,131939.0
2011-06-17,1.7667,15.8251,15891.534,15876.839,2.2481,4.09,4.38,0.07,3.1397,8.8003,9.1,131939.0
2011-06-24,1.8377,15.8251,15891.534,15876.839,2.2481,4.09,4.38,0.07,3.1397,8.8003,9.1,131939.0
2011-07-01,1.9347,15.8207,15891.534,15870.684,2.254,3.77,4.12,0.11,3.1397,8.8003,9.0,131999.0
2011-07-08,1.9207,15.8207,15891.534,15870.684,2.254,3.77,4.12,0.11,3.1397,8.8003,9.0,131999.0
2011-07-15,1.8387,15.8207,15891.534,15870.684,2.254,3.77,4.12,0.11,3.1397,8.8003,9.0,131999.0
2011-07-22,1.9527,15.8207,15891.534,15870.684,2.254,3.77,4.12,0.11,3.1397,8.8003,9.0,131999.0
2011-07-29,1.878,15.8207,15891.534,15870.684,2.254,3.77,4.12,0.11,3.1397,8.8003,9.0,131999.0
2011-08-05,1.616,15.8207,15891.534,15870.684,2.2611,3.19,3.6,0.08,3.1397,8.8003,9.0,132125.0
2011-08-12,1.754,15.8207,15891.534,15870.684,2.2611,3.19,3.6,0.08,3.1397,8.8003,9.0,132125.0
2011-08-19,1.4867,15.8207,15891.534,15870.684,2.2611,3.19,3.6,0.08,3.1397,8.8003,9.0,132125.0
2011-08-26,1.582,15.8207,15891.534,15870.684,2.2611,3.19,3.6,0.08,3.1397,8.8003,9.0,132125.0
2011-09-02,1.538,15.8207,15891.534,15870.684,2.266,2.66,2.9,0.06,3.1397,8.8003,9.0,132358.0
2011-09-09,1.5313,15.8207,15891.534,15870.684,2.266,2.66,2.9,0.06,3.1397,8.8003,9.0,132358.0
2011-09-16,1.72,15.8207,15891.534,15870.684,2.266,2.66,2.9,0.06,3.1397,8.8003,9.0,132358.0
2011-09-23,1.7587,15.8207,15891.534,15870.684,2.266,2.66,2.9,0.06,3.1397,8.8003,9.0,132358.0
2011-09-30,1.626,15.8207,15891.534,15870.684,2.266,2.66,2.9,0.06,3.1397,8.8003,9.0,132358.0
2011-10-07,1.7993,16.0041,15891.534,16048.702,2.2675,2.89,3.16,0.09,3.1397,8.8003,8.8,132562.0
2011-10-14,1.87,16.0041,15891.534,16048.702,2.2675,2.89,3.16,0.09,3.1397,8.8003,8.8,132562.0
2011-10-21,1.8687,16.0041,15891.534,16048.702,2.2675,2.89,3.16,0.09,3.1397,8.8003,8.8,132562.0
2011-10-28,1.9913,16.0041,15891.534,16048.702,2.2675,2.89,3.16,0.09,3.1397,8.8003,8.8,132562.0
2011-11-04,2.154,16.0041,15891.534,16048.702,2.2717,2.77,3.06,0.1,3.1397,8.8003,8.6,132694.0
2011-11-11,2.2427,16.0041,15891.534,16048.702,2.2717,2.77,3.06,0.1,3.1397,8.8003,8.6,132694.0
2011-11-18,2.1733,16.0041,15891.534,16048.702,2.2717,2.77,3.06,0.1,3.1397,8.8003,8.6,132694.0
2011-11-25,2.1107,16.0041,15891.534,16048.702,2.2717,2.77,3.06,0.1,3.1397,8.8003,8.6,132694.0
2011-12-02,2.22,16.0041,15891.534,16048.702,2.2722,2.57,2.89,0.04,3.1397,8.8003,8.5,132896.0
2011-12-09,2.0693,16.0041,15891.534,16048.702,2.2722,2.57,2.89,0.04,3.1397,8.8003,8.5,132896.0
2011-12-16,1.8667,16.0041,15891.534,16048.702,2.2722,2.57,2.89,0.04,3.1397,8.8003,8.5,132896.0
2011-12-23,1.86,16.0041,15891.534,16048.702,2.2722,2.57,2.89,0.04,3.1397,8.8003,8.5,132896.0
2011-12-30,1.904,16.0041,15891.534,16048.702,2.2722,2.57,2.89,0.04,3.1397,8.8003,8.5,132896.0
2012-01-06,1.794,16179.968,16253.97,16179.968,2.2784,2.59,2.94,0.11,2.0732,0.5444,8.3,133246.0
2012-01-13,1.5193,16179.968,16253.97,16179.968,2.2784,2.59,2.94,0.11,2.0732,0.5444,8.3,133246.0
2012-01-20,1.7733,16179.968,16253.97,16179.968,2.2784,2.59,2.94,0.11,2.0732,0.5444,8.3,133246.0
2012-01-27,1.9553,16179.968,16253.97,16179.968,2.2784,2.59,2.94,0.11,2.0732,0.5444,8.3,133246.0
2012-02-03,2.0767,16179.968,16253.97,16179.968,2.2833,2.73,3.08,0.1,2.0732,0.5444,8.3,133518.0
2012-02-10,2.0733,16179.968,16253.97,16179.968,2.2833,2.73,3.08,0.1,2.0732,0.5444,8.3,133518.0
2012-02-17,2.3313,16179.968,16253.97,16179.968,2.2833,2.73,3.08,0.1,2.0732,0.5444,8.3,133518.0
2012-02-24,2.25,16179.968,16253.97,16179.968,2.2833,2.73,3.08,0.1,2.0732,0.5444,8.3,133518.0
2012-03-02,2.2693,16179.968,16253.97,16179.968,2.2881,3.0,3.35,0.09,2.0732,0.5444,8.2,133744.0
2012-03-09,2.316,16179.968,16253.97,16179.968,2.2881,3.0,3.35,0.09,2.0732,0.5444,8.2,133744.0
2012-03-16,2.3547,16179.968,16253.97,16179.968,2.2881,3.0,3.35,0.09,2.0732,0.5444,8.2,133744.0
2012-03-23,2.272,16179.968,16253.97,16179.968,2.2881,3.0,3.35,0.09,2.0732,0.5444,8.2,133744.0
2012-03-30,2.4827,16179.968,16253.97,16179.968,2.2881,3.0,3.35,0.09,2.0732,0.5444,8.2,133744.0
2012-04-05,2.2987,16253.726,16253.97,16253.726,2.2919,2.73,3.12,0.16,2.0732,0.5444,8.2,133827.0
2012-04-13,2.2393,16253.726,16253.97,16253.726,2.2919,2.73,3.12,0.16,2.0732,0.5444,8.2,133827.0
2012-04-20,2.2107,16253.726,16253.97,16253.726,2.2919,2.73,3.12,0.16,2.0732,0.5444,8.2,133827.0
2012-04-27,2.2227,16253.726,16253.97,16253.726,2.2919,2.73,3.12,0.16,2.0732,0.5444,8.2,133827.0
2012-05-04,2.122,16253.726,16253.97,16253.726,2.2871,2.27,2.67,0.16,2.0732,0.5444,8.2,133935.0
2012-05-11,2.15,16253.726,16253.97,16253.726,2.2871,2.27,2.67,0.16,2.0732,0.5444,8.2,133935.0
2012-05-18,1.8373,16253.726,16253.97,16253.726,2.2871,2.27,2.67,0.16,2.0732,0.5444,8.2,133935.0
2012-05-25,1.9873,16253.726,16253.97,16253.726,2.2871,2.27,2.67,0.16,2.0732,0.5444,8.2,133935.0
2012-06-01,1.8767,16253.726,16253.97,16253.726,2.2852,2.38,2.76,0.09,2.0732,0.5444,8.2,134007.0
2012-06-08,2.0053,16253.726,16253.97,16253.726,2.2852,2.38,2.76,0.09,2.0732,0.5444,8.2,134007.0
2012-06-15,1.994,16253.726,16253.97,16253.726,2.2852,2.38,2.76,0.09,2.0732,0.5444,8.2,134007.0
2012-06-22,2.2523,16253.726,16253.97,16253.726,2.2852,2.38,2.76,0.09,2.0732,0.5444,8.2,134007.0
2012-06-29,2.086,16253.726,16253.97,16253.726,2.2852,2.38,2.76,0.09,2.0732,0.5444,8.2,134007.0
2012-07-06,2.066,16282.151,16253.97,16282.151,2.2859,2.21,2.56,0.13,2.0732,0.5444,8.2,134153.0
2012-07-13,2.2833,16282.151,16253.97,16282.151,2.2859,2.21,2.56,0.13,2.0732,0.5444,8.2,134153.0
2012-07-20,2.1193,16282.151,16253.97,16282.151,2.2859,2.21,2.56,0.13,2.0732,0.5444,8.2,134153.0
2012-07-27,1.9673,16282.151,16253.97,16282.151,2.2859,2.21,2.56,0.13,2.0732,0.5444,8.2,134153.0
2012-08-03,1.818,16282.151,16253.97,16282.151,2.2992,2.29,2.68,0.13,2.0732,0.5444,8.1,134330.0
2012-08-10,1.996,16282.151,16253.97,16282.151,2.2992,2.29,2.68,0.13,2.0732,0.5444,8.1,134330.0
2012-08-17,2.0007,16282.151,16253.97,16282.151,2.2992,2.29,2.68,0.13,2.0732,0.5444,8.1,134330.0
2012-08-24,1.9667,16282.151,16253.97,16282.151,2.2992,2.29,2.68,0.13,2.0732,0.5444,8.1,134330.0
2012-08-31,1.9013,16282.151,16253.97,16282.151,2.2992,2.29,2.68,0.13,2.0732,0.5444,8.1,134330.0
2012-09-07,1.9567,16282.151,16253.97,16282.151,2.3102,2.42,2.82,0.09,2.0732,0.5444,7.8,134512.0
2012-09-14,2.026,16282.151,16253.97,16282.151,2.3102,2.42,2.82,0.09,2.0732,0.5444,7.8,134512.0
2012-09-21,2.0013,16282.151,16253.97,16282.151,2.3102,2.42,2.82,0.09,2.0732,0.5444,7.8,134512.0
2012-09-28,1.952,16282.151,16253.97,16282.151,2.3102,2.42,2.82,0.09,2.0732,0.5444,7.8,134512.0
2012-10-05,1.926,16300.035,16253.97,16300.035,2.3164,2.46,2.85,0.18,2.0732,0.5444,7.8,134671.0
2012-10-12,1.8427,16300.035,16253.97,16300.035,2.3164,2.46,2.85,0.18,2.0732,0.5444,7.8,134671.0
2012-10-19,1.8493,16300.035,16253.97,16300.035,2.3164,2.46,2.85,0.18,2.0732,0.5444,7.8,134671.0
2012-10-26,1.8253,16300.035,16253.97,16300.035,2.3164,2.46,2.85,0.18,2.0732,0.5444,7.8,134671.0
2012-11-02,1.9279,16300.035,16253.97,16300.035,2.3125,2.37,2.81,0.16,2.0732,0.5444,7.7,134834.0
2012-11-09,2.0213,16300.035,16253.97,16300.035,2.3125,2.37,2.81,0.16,2.0732,0.5444,7.7,134834.0
2012-11-16,2.1227,16300.035,16253.97,16300.035,2.3125,2.37,2.81,0.16,2.0732,0.5444,7.7,134834.0
2012-11-23,2.142,16300.035,16253.97,16300.035,2.3125,2.37,2.81,0.16,2.0732,0.5444,7.7,134834.0
2012-11-30,2.2547,16300.035,16253.97,16300.035,2.3125,2.37,2.81,0.16,2.0732,0.5444,7.7,134834.0
2012-12-07,2.278,16300.035,16253.97,16300.035,2.3122,2.54,2.95,0.09,2.0732,0.5444,7.9,135075.0
2012-12-14,2.254,16300.035,16253.97,16300.035,2.3122,2.54,2.95,0.09,2.0732,0.5444,7.9,135075.0
2012-12-21,2.2667,16300.035,16253.97,16300.035,2.3122,2.54,2.95,0.09,2.0732,0.5444,7.9,135075.0
2012-12-28,2.2147,16300.035,16253.97,16300.035,2.3122,2.54,2.95,0.09,2.0732,0.5444,7.9,135075.0
2013-01-04,2.2933,16441.485,16553.3475,16441.485,2.3168,2.79,3.17,0.15,1.466,0.6098,8.0,135265.0
2013-01-11,2.194,16441.485,16553.3475,16441.485,2.3168,2.79,3.17,0.15,1.466,0.6098,8.0,135265.0
2013-01-18,2.3013,16441.485,16553.3475,16441.485,2.3168,2.79,3.17,0.15,1.466,0.6098,8.0,135265.0
2013-01-25,2.4653,16441.485,16553.3475,16441.485,2.3168,2.79,3.17,0.15,1.466,0.6098,8.0,135265.0
2013-02-01,2.5533,16441.485,16553.3475,16441.485,2.3294,2.71,3.1,0.14,1.466,0.6098,7.7,135544.0
2013-02-08,2.616,16441.485,16553.3475,16441.485,2.3294,2.71,3.1,0.14,1.466,0.6098,7.7,135544.0
2013-02-15,2.4693,16441.485,16553.3475,16441.485,2.3294,2.71,3.1,0.14,1.466,0.6098,7.7,135544.0
2013-02-22,2.4073,16441.485,16553.3475,16441.485,2.3294,2.71,3.1,0.14,1.466,0.6098,7.7,135544.0
2013-03-01,2.31,16441.485,16553.3475,16441.485,2.3228,2.71,3.1,0.09,1.466,0.6098,7.5,135689.0
2013-03-08,2.5647,16441.485,16553.3475,16441.485,2.3228,2.71,3.1,0.09,1.466,0.6098,7.5,135689.0
2013-03-15,2.3527,16441.485,16553.3475,16441.485,2.3228,2.71,3.1,0.09,1.466,0.6098,7.5,135689.0
2013-03-22,2.4413,16441.485,16553.3475,16441.485,2.3228,2.71,3.1,0.09,1.466,0.6098,7.5,135689.0
2013-03-28,2.526,16441.485,16553.3475,16441.485,2.3228,2.71,3.1,0.09,1.466,0.6098,7.5,135689.0
2013-04-05,2.758,16464.402,16553.3475,16464.402,2.318,2.49,2.88,0.14,1.466,0.6098,7.6,135876.0
2013-04-12,2.9167,16464.402,16553.3475,16464.402,2.318,2.49,2.88,0.14,1.466,0.6098,7.6,135876.0
2013-04-19,3.1887,16464.402,16553.3475,16464.402,2.318,2.49,2.88,0.14,1.466,0.6098,7.6,135876.0
2013-04-26,3.4133,16464.402,16553.3475,16464.402,2.318,2.49,2.88,0.14,1.466,0.6098,7.6,135876.0
2013-05-03,3.6367,16464.402,16553.3475,16464.402,2.3189,2.95,3.3,0.09,1.466,0.6098,7.5,136091.0
2013-05-10,5.1176,16464.402,16553.3475,16464.402,2.3189,2.95,3.3,0.09,1.466,0.6098,7.5,136091.0
2013-05-17,6.1,16464.402,16553.3475,16464.402,2.3189,2.95,3.3,0.09,1.466,0.6098,7.5,136091.0
2013-05-24,6.472,16464.402,16553.3475,16464.402,2.3189,2.95,3.3,0.09,1.466,0.6098,7.5,136091.0
2013-05-31,6.5173,16464.402,16553.3475,16464.402,2.3189,2.95,3.3,0.09,1.466,0.6098,7.5,136091.0
2013-06-07,6.8027,16464.402,16553.3475,16464.402,2.3245,3.22,3.52,0.07,1.466,0.6098,7.5,136269.0
2013-06-14,6.6867,16464.402,16553.3475,16464.402,2.3245,3.22,3.52,0.07,1.466,0.6098,7.5,136269.0
2013-06-21,6.6367,16464.402,16553.3475,16464.402,2.3245,3.22,3.52,0.07,1.466,0.6098,7.5,136269.0
2013-06-28,7.1573,16464.402,16553.3475,16464.402,2.3245,3.22,3.52,0.07,1.466,0.6098,7.5,136269.0
2013-07-05,8.006,16594.743,16553.3475,16594.743,2.329,3.34,3.64,0.09,1.466,0.6098,7.3,136391.0
2013-07-12,8.66,16594.743,16553.3475,16594.743,2.329,3.34,3.64,0.09,1.466,0.6098,7.3,136391.0
2013-07-19,7.9787,16594.743,16553.3475,16594.743,2.329,3.34,3.64,0.09,1.466,0.6098,7.3,136391.0
2013-07-26,8.626,16594.743,16553.3475,16594.743,2.329,3.34,3.64,0.09,1.466,0.6098,7.3,136391.0
2013-08-02,9.2,16594.743,16553.3475,16594.743,2.3346,3.46,3.7,0.07,1.466,0.6098,7.2,136635.0
2013-08-09,10.2,16594.743,16553.3475,16594.743,2.3346,3.46,3.7,0.07,1.466,0.6098,7.2,136635.0
2013-08-16,9.4667,16594.743,16553.3475,16594.743,2.3346,3.46,3.7,0.07,1.466,0.6098,7.2,136635.0
2013-08-23,10.7893,16594.743,16553.3475,16594.743,2.3346,3.46,3.7,0.07,1.466,0.6098,7.2,136635.0
2013-08-30,11.2667,16594.743,16553.3475,16594.743,2.3346,3.46,3.7,0.07,1.466,0.6098,7.2,136635.0
2013-09-06,11.1313,16594.743,16553.3475,16594.743,2.3354,3.41,3.69,0.06,1.466,0.6098,7.2,136819.0
2013-09-13,11.036,16594.743,16553.3475,16594.743,2.3354,3.41,3.69,0.06,1.466,0.6098,7.2,136819.0
2013-09-20,12.226,16594.743,16553.3475,16594.743,2.3354,3.41,3.69,0.06,1.466,0.6098,7.2,136819.0
2013-09-27,12.7267,16594.743,16553.3475,16594.743,2.3354,3.41,3.69,0.06,1.466,0.6098,7.2,136819.0
2013-10-04,12.0653,16712.76,16553.3475,16712.76,2.3367,3.33,3.63,0.07,1.466,0.6098,7.2,137039.0
2013-10-11,11.9133,16712.76,16553.3475,16712.76,2.3367,3.33,3.63,0.07,1.466,0.6098,7.2,137039.0
2013-10-18,12.2267,16712.76,16553.3475,16712.76,2.3367,3.33,3.63,0.07,1.466,0.6098,7.2,137039.0
2013-10-25,11.3107,16712.76,16553.3475,16712.76,2.3367,3.33,3.63,0.07,1.466,0.6098,7.2,137039.0
2013-11-01,10.8113,16712.76,16553.3475,16712.76,2.341,3.54,3.82,0.07,1.466,0.6098,6.9,137314.0
2013-11-08,9.1967,16712.76,16553.3475,16712.76,2.341,3.54,3.82,0.07,1.466,0.6098,6.9,137314.0
2013-11-15,9.03,16712.76,16553.3475,16712.76,2.341,3.54,3.82,0.07,1.466,0.6098,6.9,137314.0
2013-11-22,8.092,16712.76,16553.3475,16712.76,2.341,3.54,3.82,0.07,1.466,0.6098,6.9,137314.0
2013-11-29,8.4853,16712.76,16553.3475,16712.76,2.341,3.54,3.82,0.07,1.466,0.6098,6.9,137314.0
2013-12-06,9.1573,16712.76,16553.3475,16712.76,2.3472,3.72,3.96,0.07,1.466,0.6098,6.7,137368.0
2013-12-13,9.8436,16712.76,16553.3475,16712.76,2.3472,3.72,3.96,0.07,1.466,0.6098,6.7,137368.0
2013-12-20,9.5493,16712.76,16553.3475,16712.76,2.3472,3.72,3.96,0.07,1.466,0.6098,6.7,137368.0
2013-12-27,10.0747,16712.76,16553.3475,16712.76,2.3472,3.72,3.96,0.07,1.466,0.6098,6.7,137368.0
2014-01-03,9.9707,16654.247,16932.0518,16654.247,2.3529,3.35,3.61,0.07,1.6155,0.9371,6.6,137552.0
2014-01-10,9.7147,16654.247,16932.0518,16654.247,2.3529,3.35,3.61,0.07,1.6155,0.9371,6.6,137552.0
2014-01-17,11.334,16654.247,16932.0518,16654.247,2.3529,3.35,3.61,0.07,1.6155,0.9371,6.6,137552.0
2014-01-24,11.64,16654.247,16932.0518,16654.247,2.3529,3.35,3.61,0.07,1.6155,0.9371,6.6,137552.0
2014-01-31,12.094,16654.247,16932.0518,16654.247,2.3529,3.35,3.61,0.07,1.6155,0.9371,6.6,137552.0
2014-02-07,12.4353,16654.247,16932.0518,16654.247,2.3555,3.31,3.59,0.06,1.6155,0.9371,6.7,137707.0
2014-02-14,13.2153,16654.247,16932.0518,16654.247,2.3555,3.31,3.59,0.06,1.6155,0.9371,6.7,137707.0
2014-02-21,13.9733,16654.247,16932.0518,16654.247,2.3555,3.31,3.59,0.06,1.6155,0.9371,6.7,137707.0
2014-02-28,16.3207,16654.247,16932.0518,16654.247,2.3555,3.31,3.59,0.06,1.6155,0.9371,6.7,137707.0
2014-03-07,16.414,16654.247,16932.0518,16654.247,2.3603,3.31,3.56,0.06,1.6155,0.9371,6.7,137986.0
2014-03-14,15.398,16654.247,16932.0518,16654.247,2.3603,3.31,3.56,0.06,1.6155,0.9371,6.7,137986.0
2014-03-21,15.2593,16654.247,16932.0518,16654.247,2.3603,3.31,3.56,0.06,1.6155,0.9371,6.7,137986.0
2014-03-28,14.158,16654.247,16932.0518,16654.247,2.3603,3.31,3.56,0.06,1.6155,0.9371,6.7,137986.0
2014-04-04,14.1483,16868.109,16932.0518,16868.109,2.3647,3.22,3.47,0.09,1.6155,0.9371,6.2,138298.0
2014-04-11,13.5853,16868.109,16932.0518,16868.109,2.3647,3.22,3.47,0.09,1.6155,0.9371,6.2,138298.0
2014-04-17,13.208,16868.109,16932.0518,16868.109,2.3647,3.22,3.47,0.09,1.6155,0.9371,6.2,138298.0
2014-04-25,13.3233,16868.109,16932.0518,16868.109,2.3647,3.22,3.47,0.09,1.6155,0.9371,6.2,138298.0
2014-05-02,14.0607,16868.109,16932.0518,16868.109,2.3692,3.05,3.33,0.08,1.6155,0.9371,6.3,138501.0
2014-05-09,12.1507,16868.109,16932.0518,16868.109,2.3692,3.05,3.33,0.08,1.6155,0.9371,6.3,138501.0
2014-05-16,12.7707,16868.109,16932.0518,16868.109,2.3692,3.05,3.33,0.08,1.6155,0.9371,6.3,138501.0
2014-05-23,13.82,16868.109,16932.0518,16868.109,2.3692,3.05,3.33,0.08,1.6155,0.9371,6.3,138501.0
2014-05-30,13.8513,16868.109,16932.0518,16868.109,2.3692,3.05,3.33,0.08,1.6155,0.9371,6.3,138501.0
2014-06-06,13.8781,16868.109,16932.0518,16868.109,2.3723,3.08,3.34,0.09,1.6155,0.9371,6.1,138833.0
2014-06-13,13.7613,16868.109,16932.0518,16868.109,2.3723,3.08,3.34,0.09,1.6155,0.9371,6.1,138833.0
2014-06-20,15.306,16868.109,16932.0518,16868.109,2.3723,3.08,3.34,0.09,1.6155,0.9371,6.1,138833.0
2014-06-27,15.9373,16868.109,16932.0518,16868.109,2.3723,3.08,3.34,0.09,1.6155,0.9371,6.1,138833.0
2014-07-03,15.2833,17064.616,16932.0518,17064.616,2.375,3.07,3.32,0.08,1.6155,0.9371,6.2,139076.0
2014-07-11,14.542,17064.616,16932.0518,17064.616,2.375,3.07,3.32,0.08,1.6155,0.9371,6.2,139076.0
2014-07-18,14.668,17064.616,16932.0518,17064.616,2.375,3.07,3.32,0.08,1.6155,0.9371,6.2,139076.0
2014-07-25,14.9047,17064.616,16932.0518,17064.616,2.375,3.07,3.32,0.08,1.6155,0.9371,6.2,139076.0
2014-08-01,15.5513,17064.616,16932.0518,17064.616,2.3746,2.83,3.09,0.07,1.6155,0.9371,6.1,139258.0
2014-08-08,16.542,17064.616,16932.0518,17064.616,2.3746,2.83,3.09,0.07,1.6155,0.9371,6.1,139258.0
2014-08-15,17.4673,17064.616,16932.0518,17064.616,2.3746,2.83,3.09,0.07,1.6155,0.9371,6.1,139258.0
2014-08-22,17.1187,17064.616,16932.0518,17064.616,2.3746,2.83,3.09,0.07,1.6155,0.9371,6.1,139258.0
2014-08-29,17.98,17064.616,16932.0518,17064.616,2.3746,2.83,3.09,0.07,1.6155,0.9371,6.1,139258.0
2014-09-05,18.4927,17064.616,16932.0518,17064.616,2.3748,2.98,3.21,0.07,1.6155,0.9371,5.9,139563.0
2014-09-12,18.6133,17064.616,16932.0518,17064.616,2.3748,2.98,3.21,0.07,1.6155,0.9371,5.9,139563.0
2014-09-19,17.288,17064.616,16932.0518,17064.616,2.3748,2.98,3.21,0.07,1.6155,0.9371,5.9,139563.0
2014-09-26,16.44,17064.616,16932.0518,17064.616,2.3748,2.98,3.21,0.07,1.6155,0.9371,5.9,139563.0
2014-10-03,17.014,17141.235,16932.0518,17141.235,2.3743,2.81,3.07,0.07,1.6155,0.9371,5.7,139805.0
2014-10-10,15.794,17141.235,16932.0518,17141.235,2.3743,2.81,3.07,0.07,1.6155,0.9371,5.7,139805.0
2014-10-17,15.1653,17141.235,16932.0518,17141.235,2.3743,2.81,3.07,0.07,1.6155,0.9371,5.7,139805.0
2014-10-24,15.6827,17141.235,16932.0518,17141.235,2.3743,2.81,3.07,0.07,1.6155,0.9371,5.7,139805.0
2014-10-31,16.1133,17141.235,16932.0518,17141.235,2.3743,2.81,3.07,0.07,1.6155,0.9371,5.7,139805.0
2014-11-07,16.0133,17141.235,16932.0518,17141.235,2.3698,2.62,2.89,0.08,1.6155,0.9371,5.8,140089.0
2014-11-14,17.2453,17141.235,16932.0518,17141.235,2.3698,2.62,2.89,0.08,1.6155,0.9371,5.8,140089.0
2014-11-21,16.1853,17141.235,16932.0518,17141.235,2.3698,2.62,2.89,0.08,1.6155,0.9371,5.8,140089.0
2014-11-28,16.3013,17141.235,16932.0518,17141.235,2.3698,2.62,2.89,0.08,1.6155,0.9371,5.8,140089.0
2014-12-05,14.914,17141.235,16932.0518,17141.235,2.3625,2.47,2.75,0.06,1.6155,0.9371,5.6,140366.0
2014-12-12,13.8,17141.235,16932.0518,17141.235,2.3625,2.47,2.75,0.06,1.6155,0.9371,5.6,140366.0
2014-12-19,14.6193,17141.235,16932.0518,17141.235,2.3625,2.47,2.75,0.06,1.6155,0.9371,5.6,140366.0
2014-12-26,15.188,17141.235,16932.0518,17141.235,2.3625,2.47,2.75,0.06,1.6155,0.9371,5.6,140366.0
2015-01-02,14.6207,17280.647,17390.2953,17280.647,2.3475,2.04,2.25,0.06,0.1211,-7.2393,5.7,140562.0
2015-01-09,13.7773,17280.647,17390.2953,17280.647,2.3475,2.04,2.25,0.06,0.1211,-7.2393,5.7,140562.0
2015-01-16,12.8713,17280.647,17390.2953,17280.647,2.3475,2.04,2.25,0.06,0.1211,-7.2393,5.7,140562.0
2015-01-23,13.4193,17280.647,17390.2953,17280.647,2.3475,2.04,2.25,0.06,0.1211,-7.2393,5.7,140562.0
2015-01-30,13.5733,17280.647,17390.2953,17280.647,2.3475,2.04,2.25,0.06,0.1211,-7.2393,5.7,140562.0
2015-02-06,14.4907,17280.647,17390.2953,17280.647,2.3534,2.38,2.6,0.06,0.1211,-7.2393,5.5,140829.0
2015-02-13,13.5847,17280.647,17390.2953,17280.647,2.3534,2.38,2.6,0.06,0.1211,-7.2393,5.5,140829.0
2015-02-20,14.474,17280.647,17390.2953,17280.647,2.3534,2.38,2.6,0.06,0.1211,-7.2393,5.5,140829.0
2015-02-27,13.556,17280.647,17390.2953,17280.647,2.3534,2.38,2.6,0.06,0.1211,-7.2393,5.5,140829.0
2015-03-06,12.9253,17280.647,17390.2953,17280.647,2.3598,2.31,2.54,0.06,0.1211,-7.2393,5.4,140924.0
2015-03-13,12.5787,17280.647,17390.2953,17280.647,2.3598,2.31,2.54,0.06,0.1211,-7.2393,5.4,140924.0
2015-03-20,13.2053,17280.647,17390.2953,17280.647,2.3598,2.31,2.54,0.06,0.1211,-7.2393,5.4,140924.0
2015-03-27,12.3333,17280.647,17390.2953,17280.647,2.3598,2.31,2.54,0.06,0.1211,-7.2393,5.4,140924.0
2015-04-02,12.7333,17380.875,17390.2953,17380.875,2.3622,2.49,2.75,0.08,0.1211,-7.2393,5.4,141202.0
2015-04-10,14.06,17380.875,17390.2953,17380.875,2.3622,2.49,2.75,0.08,0.1211,-7.2393,5.4,141202.0
2015-04-17,13.786,17380.875,17390.2953,17380.875,2.3622,2.49,2.75,0.08,0.1211,-7.2393,5.4,141202.0
2015-04-24,14.5617,17380.875,17390.2953,17380.875,2.3622,2.49,2.75,0.08,0.1211,-7.2393,5.4,141202.0
2015-05-01,15.0687,17380.875,17390.2953,17380.875,2.37,2.63,2.88,0.08,0.1211,-7.2393,5.6,141540.0
2015-05-08,15.774,17380.875,17390.2953,17380.875,2.37,2.63,2.88,0.08,0.1211,-7.2393,5.6,141540.0
2015-05-15,16.5893,17380.875,17390.2953,17380.875,2.37,2.63,2.88,0.08,0.1211,-7.2393,5.6,141540.0
2015-05-22,16.5153,17380.875,17390.2953,17380.875,2.37,2.63,2.88,0.08,0.1211,-7.2393,5.6,141540.0
2015-05-29,16.72,17380.875,17390.2953,17380.875,2.37,2.63,2.88,0.08,0.1211,-7.2393,5.6,141540.0
2015-06-05,16.6093,17380.875,17390.2953,17380.875,2.3766,2.83,3.11,0.08,0.1211,-7.2393,5.3,141695.0
2015-06-12,16.7127,17380.875,17390.2953,17380.875,2.3766,2.83,3.11,0.08,0.1211,-7.2393,5.3,141695.0
2015-06-19,17.5007,17380.875,17390.2953,17380.875,2.3766,2.83,3.11,0.08,0.1211,-7.2393,5.3,141695.0
2015-06-26,17.806,17380.875,17390.2953,17380.875,2.3766,2.83,3.11,0.08,0.1211,-7.2393,5.3,141695.0
2015-07-02,18.668,17437.08,17390.2953,17437.08,2.3803,2.61,2.92,0.08,0.1211,-7.2393,5.2,141989.0
2015-07-10,17.2767,17437.08,17390.2953,17437.08,2.3803,2.61,2.92,0.08,0.1211,-7.2393,5.2,141989.0
2015-07-17,18.3107,17437.08,17390.2953,17437.08,2.3803,2.61,2.92,0.08,0.1211,-7.2393,5.2,141989.0
2015-07-24,17.694,17437.08,17390.2953,17437.08,2.3803,2.61,2.92,0.08,0.1211,-7.2393,5.2,141989.0
2015-07-31,17.7433,17437.08,17390.2953,17437.08,2.3803,2.61,2.92,0.08,0.1211,-7.2393,5.2,141989.0
2015-08-07,16.1673,17437.08,17390.2953,17437.08,2.3803,2.64,2.95,0.08,0.1211,-7.2393,5.1,142130.0
2015-08-14,16.21,17437.08,17390.2953,17437.08,2.3803,2.64,2.95,0.08,0.1211,-7.2393,5.1,142130.0
2015-08-21,15.3847,17437.08,17390.2953,17437.08,2.3803,2.64,2.95,0.08,0.1211,-7.2393,5.1,142130.0
2015-08-28,16.5653,17437.08,17390.2953,17437.08,2.3803,2.64,2.95,0.08,0.1211,-7.2393,5.1,142130.0
2015-09-04,16.1287,17437.08,17390.2953,17437.08,2.375,2.51,2.87,0.07,0.1211,-7.2393,5.0,142265.0
2015-09-11,16.6827,17437.08,17390.2953,17437.08,2.375,2.51,2.87,0.07,0.1211,-7.2393,5.0,142265.0
2015-09-18,17.3747,17437.08,17390.2953,17437.08,2.375,2.51,2.87,0.07,0.1211,-7.2393,5.0,142265.0
2015-09-25,17.1273,17437.08,17390.2953,17437.08,2.375,2.51,2.87,0.07,0.1211,-7.2393,5.0,142265.0
2015-10-02,16.5047,17462.579,17390.2953,17462.579,2.3773,2.57,2.93,0.07,0.1211,-7.2393,5.0,142585.0
2015-10-09,14.7127,17462.579,17390.2953,17462.579,2.3773,2.57,2.93,0.07,0.1211,-7.2393,5.0,142585.0
2015-10-16,15.134,17462.579,17390.2953,17462.579,2.3773,2.57,2.93,0.07,0.1211,-7.2393,5.0,142585.0
2015-10-23,13.9393,17462.579,17390.2953,17462.579,2.3773,2.57,2.93,0.07,0.1211,-7.2393,5.0,142585.0
2015-10-30,13.7953,17462.579,17390.2953,17462.579,2.3773,2.57,2.93,0.07,0.1211,-7.2393,5.0,142585.0
2015-11-06,15.4907,17462.579,17390.2953,17462.579,2.3802,2.63,2.98,0.08,0.1211,-7.2393,5.1,142810.0
2015-11-13,13.8127,17462.579,17390.2953,17462.579,2.3802,2.63,2.98,0.08,0.1211,-7.2393,5.1,142810.0
2015-11-20,14.6673,17462.579,17390.2953,17462.579,2.3802,2.63,2.98,0.08,0.1211,-7.2393,5.1,142810.0
2015-11-27,15.4407,17462.579,17390.2953,17462.579,2.3802,2.63,2.98,0.08,0.1211,-7.2393,5.1,142810.0
2015-12-04,15.3587,17462.579,17390.2953,17462.579,2.3776,2.67,3.01,0.2,0.1211,-7.2393,5.0,143083.0
2015-12-11,14.468,17462.579,17390.2953,17462.579,2.3776,2.67,3.01,0.2,0.1211,-7.2393,5.0,143083.0
2015-12-18,15.364,17462.579,17390.2953,17462.579,2.3776,2.67,3.01,0.2,0.1211,-7.2393,5.0,143083.0
2015-12-24,15.3713,17462.579,17390.2953,17462.579,2.3776,2.67,3.01,0.2,0.1211,-7.2393,5.0,143083.0
2015-12-31,16.0007,17462.579,17390.2953,17462.579,2.3776,2.67,3.01,0.2,0.1211,-7.2393,5.0,143083.0
2016-01-08,14.0667,17565.465,17680.2738,17565.465,2.3765,2.36,2.75,0.29,1.2674,-2.6501,4.8,143198.0
2016-01-15,13.666,17565.465,17680.2738,17565.465,2.3765,2.36,2.75,0.29,1.2674,-2.6501,4.8,143198.0
2016-01-22,13.5033,17565.465,17680.2738,17565.465,2.3765,2.36,2.75,0.29,1.2674,-2.6501,4.8,143198.0
2016-01-29,12.7467,17565.465,17680.2738,17565.465,2.3765,2.36,2.75,0.29,1.2674,-2.6501,4.8,143198.0
2016-02-05,10.84,17565.465,17680.2738,17565.465,2.3734,2.19,2.61,0.29,1.2674,-2.6501,4.9,143410.0
2016-02-12,10.0693,17565.465,17680.2738,17565.465,2.3734,2.19,2.61,0.29,1.2674,-2.6501,4.9,143410.0
2016-02-19,11.1053,17565.465,17680.2738,17565.465,2.3734,2.19,2.61,0.29,1.2674,-2.6501,4.9,143410.0
2016-02-26,12.6893,17565.465,17680.2738,17565.465,2.3734,2.19,2.61,0.29,1.2674,-2.6501,4.9,143410.0
2016-03-04,13.4027,17565.465,17680.2738,17565.465,2.3808,2.2,2.61,0.25,1.2674,-2.6501,5.0,143666.0
2016-03-11,13.8333,17565.465,17680.2738,17565.465,2.3808,2.2,2.61,0.25,1.2674,-2.6501,5.0,143666.0
2016-03-18,15.516,17565.465,17680.2738,17565.465,2.3808,2.2,2.61,0.25,1.2674,-2.6501,5.0,143666.0
2016-03-24,15.1833,17565.465,17680.2738,17565.465,2.3808,2.2,2.61,0.25,1.2674,-2.6501,5.0,143666.0
2016-04-01,15.8393,17618.581,17680.2738,17618.581,2.3899,2.26,2.66,0.3,1.2674,-2.6501,5.1,143856.0
2016-04-08,16.6713,17618.581,17680.2738,17618.581,2.3899,2.26,2.66,0.3,1.2674,-2.6501,5.1,143856.0
2016-04-15,16.9673,17618.581,17680.2738,17618.581,2.3899,2.26,2.66,0.3,1.2674,-2.6501,5.1,143856.0
2016-04-22,16.9167,17618.581,17680.2738,17618.581,2.3899,2.26,2.66,0.3,1.2674,-2.6501,5.1,143856.0
2016-04-29,16.0507,17618.581,17680.2738,17618.581,2.3899,2.26,2.66,0.3,1.2674,-2.6501,5.1,143856.0
2016-05-06,14.3287,17618.581,17680.2738,17618.581,2.3956,2.23,2.64,0.29,1.2674,-2.6501,4.8,143901.0
2016-05-13,13.8407,17618.581,17680.2738,17618.581,2.3956,2.23,2.64,0.29,1.2674,-2.6501,4.8,143901.0
2016-05-20,14.6853,17618.581,17680.2738,17618.581,2.3956,2.23,2.64,0.29,1.2674,-2.6501,4.8,143901.0
2016-05-27,14.8693,17618.581,17680.2738,17618.581,2.3956,2.23,2.64,0.29,1.2674,-2.6501,4.8,143901.0
2016-06-03,14.5993,17618.581,17680.2738,17618.581,2.4022,1.86,2.3,0.3,1.2674,-2.6501,4.9,144152.0
2016-06-10,14.586,17618.581,17680.2738,17618.581,2.4022,1.86,2.3,0.3,1.2674,-2.6501,4.9,144152.0
2016-06-17,14.3647,17618.581,17680.2738,17618.581,2.4022,1.86,2.3,0.3,1.2674,-2.6501,4.9,144152.0
2016-06-24,12.8767,17618.581,17680.2738,17618.581,2.4022,1.86,2.3,0.3,1.2674,-2.6501,4.9,144152.0
2016-07-01,14.4333,17724.489,17680.2738,17724.489,2.401,1.78,2.18,0.3,1.2674,-2.6501,4.8,144515.0
2016-07-08,14.452,17724.489,17680.2738,17724.489,2.401,1.78,2.18,0.3,1.2674,-2.6501,4.8,144515.0
2016-07-15,14.6933,17724.489,17680.2738,17724.489,2.401,1.78,2.18,0.3,1.2674,-2.6501,4.8,144515.0
2016-07-22,14.818,17724.489,17680.2738,17724.489,2.401,1.78,2.18,0.3,1.2674,-2.6501,4.8,144515.0
2016-07-29,15.6527,17724.489,17680.2738,17724.489,2.401,1.78,2.18,0.3,1.2674,-2.6501,4.8,144515.0
2016-08-05,15.3353,17724.489,17680.2738,17724.489,2.4055,1.9,2.23,0.3,1.2674,-2.6501,4.9,144664.0
2016-08-12,15.0407,17724.489,17680.2738,17724.489,2.4055,1.9,2.23,0.3,1.2674,-2.6501,4.9,144664.0
2016-08-19,15.0,17724.489,17680.2738,17724.489,2.4055,1.9,2.23,0.3,1.2674,-2.6501,4.9,144664.0
2016-08-26,14.666,17724.489,17680.2738,17724.489,2.4055,1.9,2.23,0.3,1.2674,-2.6501,4.9,144664.0
2016-09-02,13.1853,17724.489,17680.2738,17724.489,2.4118,1.99,2.32,0.29,1.2674,-2.6501,5.0,144961.0
2016-09-09,12.9647,17724.489,17680.2738,17724.489,2.4118,1.99,2.32,0.29,1.2674,-2.6501,5.0,144961.0
2016-09-16,13.6933,17724.489,17680.2738,17724.489,2.4118,1.99,2.32,0.29,1.2674,-2.6501,5.0,144961.0
2016-09-23,13.83,17724.489,17680.2738,17724.489,2.4118,1.99,2.32,0.29,1.2674,-2.6501,5.0,144961.0
2016-09-30,13.602,17724.489,17680.2738,17724.489,2.4118,1.99,2.32,0.29,1.2674,-2.6501,5.0,144961.0
2016-10-07,13.1073,17812.56,17680.2738,17812.56,2.4174,2.25,2.58,0.31,1.2674,-2.6501,4.9,145069.0
2016-10-14,13.1007,17812.56,17680.2738,17812.56,2.4174,2.25,2.58,0.31,1.2674,-2.6501,4.9,145069.0
2016-10-21,13.3393,17812.56,17680.2738,17812.56,2.4174,2.25,2.58,0.31,1.2674,-2.6501,4.9,145069.0
2016-10-28,13.3313,17812.56,17680.2738,17812.56,2.4174,2.25,2.58,0.31,1.2674,-2.6501,4.9,145069.0
2016-11-04,12.704,17812.56,17680.2738,17812.56,2.4203,2.73,3.02,0.31,1.2674,-2.6501,4.7,145189.0
2016-11-11,12.5707,17812.56,17680.2738,17812.56,2.4203,2.73,3.02,0.31,1.2674,-2.6501,4.7,145189.0
2016-11-18,12.3347,17812.56,17680.2738,17812.56,2.4203,2.73,3.02,0.31,1.2674,-2.6501,4.7,145189.0
2016-11-25,13.11,17812.56,17680.2738,17812.56,2.4203,2.73,3.02,0.31,1.2674,-2.6501,4.7,145189.0
2016-12-02,12.098,17812.56,17680.2738,17812.56,2.4264,2.79,3.06,0.55,1.2674,-2.6501,4.7,145408.0
2016-12-09,12.812,17812.56,17680.2738,17812.56,2.4264,2.79,3.06,0.55,1.2674,-2.6501,4.7,145408.0
2016-12-16,13.4993,17812.56,17680.2738,17812.56,2.4264,2.79,3.06,0.55,1.2674,-2.6501,4.7,145408.0
2016-12-23,14.2227,17812.56,17680.2738,17812.56,2.4264,2.79,3.06,0.55,1.2674,-2.6501,4.7,145408.0
2016-12-30,14.246,17812.56,17680.2738,17812.56,2.4264,2.79,3.06,0.55,1.2674,-2.6501,4.7,145408.0
2017-01-06,15.2673,17896.623,18076.6515,17889.094,2.4362,2.78,3.05,0.56,2.1314,4.4122,4.7,145639.0
2017-01-13,15.85,17896.623,18076.6515,17889.094,2.4362,2.78,3.05,0.56,2.1314,4.4122,4.7,145639.0
2017-01-20,16.3153,17896.623,18076.6515,17889.094,2.4362,2.78,3.05,0.56,2.1314,4.4122,4.7,145639.0
2017-01-27,16.8633,17896.623,18076.6515,17889.094,2.4362,2.78,3.05,0.56,2.1314,4.4122,4.7,145639.0
2017-02-03,16.7553,17896.623,18076.6515,17889.094,2.4401,2.7,2.97,0.57,2.1314,4.4122,4.6,145845.0
2017-02-10,17.9487,17896.623,18076.6515,17889.094,2.4401,2.7,2.97,0.57,2.1314,4.4122,4.6,145845.0
2017-02-17,18.1487,17896.623,18076.6515,17889.094,2.4401,2.7,2.97,0.57,2.1314,4.4122,4.6,145845.0
2017-02-24,17.1333,17896.623,18076.6515,17889.094,2.4401,2.7,2.97,0.57,2.1314,4.4122,4.6,145845.0
2017-03-03,16.7713,17896.623,18076.6515,17889.094,2.4389,2.76,3.02,0.82,2.1314,4.4122,4.4,145975.0
2017-03-10,16.246,17896.623,18076.6515,17889.094,2.4389,2.76,3.02,0.82,2.1314,4.4122,4.4,145975.0
2017-03-17,17.4333,17896.623,18076.6515,17889.094,2.4389,2.76,3.02,0.82,2.1314,4.4122,4.4,145975.0
2017-03-24,17.544,17896.623,18076.6515,17889.094,2.4389,2.76,3.02,0.82,2.1314,4.4122,4.4,145975.0
2017-03-31,18.5533,17896.623,18076.6515,17889.094,2.4389,2.76,3.02,0.82,2.1314,4.4122,4.4,145975.0
2017-04-07,20.1693,17996.802,18076.6515,17979.218,2.4419,2.67,2.96,0.83,2.1314,4.4122,4.4,146172.0
2017-04-13,20.2667,17996.802,18076.6515,17979.218,2.4419,2.67,2.96,0.83,2.1314,4.4122,4.4,146172.0
2017-04-21,20.3733,17996.802,18076.6515,17979.218,2.4419,2.67,2.96,0.83,2.1314,4.4122,4.4,146172.0
2017-04-28,20.938,17996.802,18076.6515,17979.218,2.4419,2.67,2.96,0.83,2.1314,4.4122,4.4,146172.0
2017-05-05,20.5567,17996.802,18076.6515,17979.218,2.44,2.6,2.87,0.83,2.1314,4.4122,4.4,146389.0
2017-05-12,21.654,17996.802,18076.6515,17979.218,2.44,2.6,2.87,0.83,2.1314,4.4122,4.4,146389.0
2017-05-19,20.722,17996.802,18076.6515,17979.218,2.44,2.6,2.87,0.83,2.1314,4.4122,4.4,146389.0
2017-05-26,21.676,17996.802,18076.6515,17979.218,2.44,2.6,2.87,0.83,2.1314,4.4122,4.4,146389.0
2017-06-02,22.6567,17996.802,18076.6515,17979.218,2.4416,2.61,2.84,1.06,2.1314,4.4122,4.3,146588.0
2017-06-09,23.8213,17996.802,18076.6515,17979.218,2.4416,2.61,2.84,1.06,2.1314,4.4122,4.3,146588.0
2017-06-16,24.76,17996.802,18076.6515,17979.218,2.4416,2.61,2.84,1.06,2.1314,4.4122,4.3,146588.0
2017-06-23,25.5633,17996.802,18076.6515,17979.218,2.4416,2.61,2.84,1.06,2.1314,4.4122,4.3,146588.0
2017-06-30,24.1073,17996.802,18076.6515,17979.218,2.4416,2.61,2.84,1.06,2.1314,4.4122,4.3,146588.0
2017-07-07,20.8813,18126.226,18076.6515,18127.994,2.4424,2.66,2.89,1.07,2.1314,4.4122,4.3,146772.0
2017-07-14,21.852,18126.226,18076.6515,18127.994,2.4424,2.66,2.89,1.07,2.1314,4.4122,4.3,146772.0
2017-07-21,21.8933,18126.226,18076.6515,18127.994,2.4424,2.66,2.89,1.07,2.1314,4.4122,4.3,146772.0
2017-07-28,22.338,18126.226,18076.6515,18127.994,2.4424,2.66,2.89,1.07,2.1314,4.4122,4.3,146772.0
2017-08-04,23.794,18126.226,18076.6515,18127.994,2.4518,2.47,2.73,1.07,2.1314,4.4122,4.4,146907.0
2017-08-11,23.8477,18126.226,18076.6515,18127.994,2.4518,2.47,2.73,1.07,2.1314,4.4122,4.4,146907.0
2017-08-18,23.164,18126.226,18076.6515,18127.994,2.4518,2.47,2.73,1.07,2.1314,4.4122,4.4,146907.0
2017-08-25,23.2033,18126.226,18076.6515,18127.994,2.4518,2.47,2.73,1.07,2.1314,4.4122,4.4,146907.0
2017-09-01,23.6933,18126.226,18076.6515,18127.994,2.4644,2.63,2.86,1.06,2.1314,4.4122,4.3,146999.0
2017-09-08,22.8933,18126.226,18076.6515,18127.994,2.4644,2.63,2.86,1.06,2.1314,4.4122,4.3,146999.0
2017-09-15,25.3207,18126.226,18076.6515,18127.994,2.4644,2.63,2.86,1.06,2.1314,4.4122,4.3,146999.0
2017-09-22,23.406,18126.226,18076.6515,18127.994,2.4644,2.63,2.86,1.06,2.1314,4.4122,4.3,146999.0
2017-09-29,22.74,18126.226,18076.6515,18127.994,2.4644,2.63,2.86,1.06,2.1314,4.4122,4.3,146999.0
2017-10-06,23.792,18296.685,18076.6515,18310.3,2.4663,2.66,2.88,1.07,2.1314,4.4122,4.2,147147.0
2017-10-13,23.7047,18296.685,18076.6515,18310.3,2.4663,2.66,2.88,1.07,2.1314,4.4122,4.2,147147.0
2017-10-20,23.0067,18296.685,18076.6515,18310.3,2.4663,2.66,2.88,1.07,2.1314,4.4122,4.2,147147.0
2017-10-27,21.3913,18296.685,18076.6515,18310.3,2.4663,2.66,2.88,1.07,2.1314,4.4122,4.2,147147.0
2017-11-03,20.406,18296.685,18076.6515,18310.3,2.4728,2.65,2.83,1.07,2.1314,4.4122,4.2,147377.0
2017-11-10,20.1993,18296.685,18076.6515,18310.3,2.4728,2.65,2.83,1.07,2.1314,4.4122,4.2,147377.0
2017-11-17,21.0033,18296.685,18076.6515,18310.3,2.4728,2.65,2.83,1.07,2.1314,4.4122,4.2,147377.0
2017-11-24,21.0367,18296.685,18076.6515,18310.3,2.4728,2.65,2.83,1.07,2.1314,4.4122,4.2,147377.0
2017-12-01,20.4353,18296.685,18076.6515,18310.3,2.4781,2.58,2.74,1.33,2.1314,4.4122,4.1,147521.0
2017-12-08,21.0087,18296.685,18076.6515,18310.3,2.4781,2.58,2.74,1.33,2.1314,4.4122,4.1,147521.0
2017-12-15,22.8967,18296.685,18076.6515,18310.3,2.4781,2.58,2.74,1.33,2.1314,4.4122,4.1,147521.0
2017-12-22,21.68,18296.685,18076.6515,18310.3,2.4781,2.58,2.74,1.33,2.1314,4.4122,4.1,147521.0
2017-12-29,20.7567,18296.685,18076.6515,18310.3,2.4781,2.58,2.74,1.33,2.1314,4.4122,4.1,147521.0
2018-01-05,21.1053,18436.262,18609.0783,18437.127,2.4886,2.83,2.95,1.34,2.439,4.3487,4.0,147670.0
2018-01-12,22.4147,18436.262,18609.0783,18437.127,2.4886,2.83,2.95,1.34,2.439,4.3487,4.0,147670.0
2018-01-19,23.3347,18436.262,18609.0783,18437.127,2.4886,2.83,2.95,1.34,2.439,4.3487,4.0,147670.0
2018-01-26,22.8567,18436.262,18609.0783,18437.127,2.4886,2.83,2.95,1.34,2.439,4.3487,4.0,147670.0
2018-02-02,22.9167,18436.262,18609.0783,18437.127,2.4953,3.02,3.13,1.35,2.439,4.3487,4.1,148058.0
2018-02-09,20.6947,18436.262,18609.0783,18437.127,2.4953,3.02,3.13,1.35,2.439,4.3487,4.1,148058.0
2018-02-16,22.366,18436.262,18609.0783,18437.127,2.4953,3.02,3.13,1.35,2.439,4.3487,4.1,148058.0
2018-02-23,23.47,18436.262,18609.0783,18437.127,2.4953,3.02,3.13,1.35,2.439,4.3487,4.1,148058.0
2018-03-02,22.3413,18436.262,18609.0783,18437.127,2.4958,2.85,2.97,1.67,2.439,4.3487,4.0,148281.0
2018-03-09,21.8113,18436.262,18609.0783,18437.127,2.4958,2.85,2.97,1.67,2.439,4.3487,4.0,148281.0
2018-03-16,21.4233,18436.262,18609.0783,18437.127,2.4958,2.85,2.97,1.67,2.439,4.3487,4.0,148281.0
2018-03-23,20.1027,18436.262,18609.0783,18437.127,2.4958,2.85,2.97,1.67,2.439,4.3487,4.0,148281.0
2018-03-29,17.742,18436.262,18609.0783,18437.127,2.4958,2.85,2.97,1.67,2.439,4.3487,4.0,148281.0
2018-04-06,19.9533,18590.004,18609.0783,18565.697,2.5023,3.01,3.11,1.69,2.439,4.3487,4.0,148426.0
2018-04-13,20.0227,18590.004,18609.0783,18565.697,2.5023,3.01,3.11,1.69,2.439,4.3487,4.0,148426.0
2018-04-20,19.3493,18590.004,18609.0783,18565.697,2.5023,3.01,3.11,1.69,2.439,4.3487,4.0,148426.0
2018-04-27,19.6053,18590.004,18609.0783,18565.697,2.5023,3.01,3.11,1.69,2.439,4.3487,4.0,148426.0
2018-05-04,19.606,18590.004,18609.0783,18565.697,2.5079,2.91,3.0,1.7,2.439,4.3487,3.8,148755.0
2018-05-11,20.0707,18590.004,18609.0783,18565.697,2.5079,2.91,3.0,1.7,2.439,4.3487,3.8,148755.0
2018-05-18,18.4547,18590.004,18609.0783,18565.697,2.5079,2.91,3.0,1.7,2.439,4.3487,3.8,148755.0
2018-05-25,18.59,18590.004,18609.0783,18565.697,2.5079,2.91,3.0,1.7,2.439,4.3487,3.8,148755.0
2018-06-01,19.4547,18590.004,18609.0783,18565.697,2.5102,2.91,2.98,1.91,2.439,4.3487,4.0,148966.0
2018-06-08,21.1773,18590.004,18609.0783,18565.697,2.5102,2.91,2.98,1.91,2.439,4.3487,4.0,148966.0
2018-06-15,23.878,18590.004,18609.0783,18565.697,2.5102,2.91,2.98,1.91,2.439,4.3487,4.0,148966.0
2018-06-22,22.242,18590.004,18609.0783,18565.697,2.5102,2.91,2.98,1.91,2.439,4.3487,4.0,148966.0
2018-06-29,22.8633,18590.004,18609.0783,18565.697,2.5102,2.91,2.98,1.91,2.439,4.3487,4.0,148966.0
2018-07-06,20.5933,18679.599,18609.0783,18699.748,2.5121,3.03,3.08,1.91,2.439,4.3487,3.8,149022.0
2018-07-13,21.258,18679.599,18609.0783,18699.748,2.5121,3.03,3.08,1.91,2.439,4.3487,3.8,149022.0
2018-07-20,20.9053,18679.599,18609.0783,18699.748,2.5121,3.03,3.08,1.91,2.439,4.3487,3.8,149022.0
2018-07-27,19.812,18679.599,18609.0783,18699.748,2.5121,3.03,3.08,1.91,2.439,4.3487,3.8,149022.0
2018-08-03,23.2113,18679.599,18609.0783,18699.748,2.5166,2.95,3.02,1.91,2.439,4.3487,3.8,149272.0
2018-08-10,23.6993,18679.599,18609.0783,18699.748,2.5166,2.95,3.02,1.91,2.439,4.3487,3.8,149272.0
2018-08-17,20.3667,18679.599,18609.0783,18699.748,2.5166,2.95,3.02,1.91,2.439,4.3487,3.8,149272.0
2018-08-24,21.5213,18679.599,18609.0783,18699.748,2.5166,2.95,3.02,1.91,2.439,4.3487,3.8,149272.0
2018-08-31,20.1107,18679.599,18609.0783,18699.748,2.5166,2.95,3.02,1.91,2.439,4.3487,3.8,149272.0
2018-09-07,17.5493,18679.599,18609.0783,18699.748,2.5218,3.13,3.19,2.18,2.439,4.3487,3.7,149361.0
2018-09-14,19.68,18679.599,18609.0783,18699.748,2.5218,3.13,3.19,2.18,2.439,4.3487,3.7,149361.0
2018-09-21,19.94,18679.599,18609.0783,18699.748,2.5218,3.13,3.19,2.18,2.439,4.3487,3.7,149361.0
2018-09-28,17.6513,18679.599,18609.0783,18699.748,2.5218,3.13,3.19,2.18,2.439,4.3487,3.7,149361.0
2018-10-05,17.4633,18721.281,18609.0783,18733.741,2.5277,3.3,3.39,2.2,2.439,4.3487,3.8,149526.0
2018-10-12,17.252,18721.281,18609.0783,18733.741,2.5277,3.3,3.39,2.2,2.439,4.3487,3.8,149526.0
2018-10-19,17.3333,18721.281,18609.0783,18733.741,2.5277,3.3,3.39,2.2,2.439,4.3487,3.8,149526.0
2018-10-26,22.06,18721.281,18609.0783,18733.741,2.5277,3.3,3.39,2.2,2.439,4.3487,3.8,149526.0
2018-11-02,23.094,18721.281,18609.0783,18733.741,2.5259,3.19,3.3,2.2,2.439,4.3487,3.8,149622.0
2018-11-09,23.3673,18721.281,18609.0783,18733.741,2.5259,3.19,3.3,2.2,2.439,4.3487,3.8,149622.0
2018-11-16,23.6207,18721.281,18609.0783,18733.741,2.5259,3.19,3.3,2.2,2.439,4.3487,3.8,149622.0
2018-11-23,21.722,18721.281,18609.0783,18733.741,2.5259,3.19,3.3,2.2,2.439,4.3487,3.8,149622.0
2018-11-30,23.3653,18721.281,18609.0783,18733.741,2.5259,3.19,3.3,2.2,2.439,4.3487,3.8,149622.0
2018-12-07,23.8647,18721.281,18609.0783,18733.741,2.5277,2.87,3.02,2.4,2.439,4.3487,3.9,149805.0
2018-12-14,24.3807,18721.281,18609.0783,18733.741,2.5277,2.87,3.02,2.4,2.439,4.3487,3.9,149805.0
2018-12-21,21.318,18721.281,18609.0783,18733.741,2.5277,2.87,3.02,2.4,2.439,4.3487,3.9,149805.0
2018-12-28,22.258,18721.281,18609.0783,18733.741,2.5277,2.87,3.02,2.4,2.439,4.3487,3.9,149805.0
2019-01-04,21.1793,18833.195,19036.0523,18835.411,2.5272,2.83,2.99,2.4,1.8129,-1.044,4.0,150114.0
2019-01-11,23.1507,18833.195,19036.0523,18835.411,2.5272,2.83,2.99,2.4,1.8129,-1.044,4.0,150114.0
2019-01-18,20.1507,18833.195,19036.0523,18835.411,2.5272,2.83,2.99,2.4,1.8129,-1.044,4.0,150114.0
2019-01-25,19.8027,18833.195,19036.0523,18835.411,2.5272,2.83,2.99,2.4,1.8129,-1.044,4.0,150114.0
2019-02-01,20.814,18833.195,19036.0523,18835.411,2.5332,2.94,3.09,2.4,1.8129,-1.044,3.8,150092.0
2019-02-08,20.3867,18833.195,19036.0523,18835.411,2.5332,2.94,3.09,2.4,1.8129,-1.044,3.8,150092.0
2019-02-15,20.5253,18833.195,19036.0523,18835.411,2.5332,2.94,3.09,2.4,1.8129,-1.044,3.8,150092.0
2019-02-22,19.6473,18833.195,19036.0523,18835.411,2.5332,2.94,3.09,2.4,1.8129,-1.044,3.8,150092.0
2019-03-01,19.6527,18833.195,19036.0523,18835.411,2.542,2.63,2.81,2.43,1.8129,-1.044,3.8,150320.0
2019-03-08,18.9427,18833.195,19036.0523,18835.411,2.542,2.63,2.81,2.43,1.8129,-1.044,3.8,150320.0
2019-03-15,18.362,18833.195,19036.0523,18835.411,2.542,2.63,2.81,2.43,1.8129,-1.044,3.8,150320.0
2019-03-22,17.6353,18833.195,19036.0523,18835.411,2.542,2.63,2.81,2.43,1.8129,-1.044,3.8,150320.0
2019-03-29,18.6573,18833.195,19036.0523,18835.411,2.542,2.63,2.81,2.43,1.8129,-1.044,3.8,150320.0
2019-04-05,18.3307,18982.528,19036.0523,18962.175,2.5521,2.75,2.93,2.45,1.8129,-1.044,3.6,150563.0
2019-04-12,17.8467,18982.528,19036.0523,18962.175,2.5521,2.75,2.93,2.45,1.8129,-1.044,3.6,150563.0
2019-04-18,18.2173,18982.528,19036.0523,18962.175,2.5521,2.75,2.93,2.45,1.8129,-1.044,3.6,150563.0
2019-04-26,15.676,18982.528,19036.0523,18962.175,2.5521,2.75,2.93,2.45,1.8129,-1.044,3.6,150563.0
2019-05-03,17.002,18982.528,19036.0523,18962.175,2.5529,2.39,2.58,2.4,1.8129,-1.044,3.7,150630.0
2019-05-10,15.968,18982.528,19036.0523,18962.175,2.5529,2.39,2.58,2.4,1.8129,-1.044,3.7,150630.0
2019-05-17,14.0687,18982.528,19036.0523,18962.175,2.5529,2.39,2.58,2.4,1.8129,-1.044,3.7,150630.0
2019-05-24,12.7087,18982.528,19036.0523,18962.175,2.5529,2.39,2.58,2.4,1.8129,-1.044,3.7,150630.0
2019-05-31,12.344,18982.528,19036.0523,18962.175,2.5529,2.39,2.58,2.4,1.8129,-1.044,3.7,150630.0
2019-06-07,13.6333,18982.528,19036.0523,18962.175,2.5516,2.31,2.52,2.4,1.8129,-1.044,3.6,150797.0
2019-06-14,14.328,18982.528,19036.0523,18962.175,2.5516,2.31,2.52,2.4,1.8129,-1.044,3.6,150797.0
2019-06-21,14.7907,18982.528,19036.0523,18962.175,2.5516,2.31,2.52,2.4,1.8129,-1.044,3.6,150797.0
2019-06-28,14.8973,18982.528,19036.0523,18962.175,2.5516,2.31,2.52,2.4,1.8129,-1.044,3.6,150797.0
2019-07-05,15.54,19112.653,19036.0523,19130.932,2.5569,2.31,2.53,2.4,1.8129,-1.044,3.7,150879.0
2019-07-12,16.3387,19112.653,19036.0523,19130.932,2.5569,2.31,2.53,2.4,1.8129,-1.044,3.7,150879.0
2019-07-19,17.212,19112.653,19036.0523,19130.932,2.5569,2.31,2.53,2.4,1.8129,-1.044,3.7,150879.0
2019-07-26,15.2027,19112.653,19036.0523,19130.932,2.5569,2.31,2.53,2.4,1.8129,-1.044,3.7,150879.0
2019-08-02,15.6227,19112.653,19036.0523,19130.932,2.5606,1.78,1.96,2.13,1.8129,-1.044,3.7,151111.0
2019-08-09,15.6673,19112.653,19036.0523,19130.932,2.5606,1.78,1.96,2.13,1.8129,-1.044,3.7,151111.0
2019-08-16,14.6627,19112.653,19036.0523,19130.932,2.5606,1.78,1.96,2.13,1.8129,-1.044,3.7,151111.0
2019-08-23,14.0933,19112.653,19036.0523,19130.932,2.5606,1.78,1.96,2.13,1.8129,-1.044,3.7,151111.0
2019-08-30,15.0407,19112.653,19036.0523,19130.932,2.5606,1.78,1.96,2.13,1.8129,-1.044,3.7,151111.0
2019-09-06,15.1633,19112.653,19036.0523,19130.932,2.5651,1.94,2.12,1.9,1.8129,-1.044,3.5,151318.0
2019-09-13,16.3467,19112.653,19036.0523,19130.932,2.5651,1.94,2.12,1.9,1.8129,-1.044,3.5,151318.0
2019-09-20,16.0413,19112.653,19036.0523,19130.932,2.5651,1.94,2.12,1.9,1.8129,-1.044,3.5,151318.0
2019-09-27,16.142,19112.653,19036.0523,19130.932,2.5651,1.94,2.12,1.9,1.8129,-1.044,3.5,151318.0
2019-10-04,15.4287,19202.31,19036.0523,19215.691,2.5724,2.0,2.17,1.58,1.8129,-1.044,3.6,151447.0
2019-10-11,16.526,19202.31,19036.0523,19215.691,2.5724,2.0,2.17,1.58,1.8129,-1.044,3.6,151447.0
2019-10-18,17.13,19202.31,19036.0523,19215.691,2.5724,2.0,2.17,1.58,1.8129,-1.044,3.6,151447.0
2019-10-25,21.8753,19202.31,19036.0523,19215.691,2.5724,2.0,2.17,1.58,1.8129,-1.044,3.6,151447.0
2019-11-01,20.8873,19202.31,19036.0523,19215.691,2.578,2.07,2.21,1.56,1.8129,-1.044,3.6,151662.0
2019-11-08,22.476,19202.31,19036.0523,19215.691,2.578,2.07,2.21,1.56,1.8129,-1.044,3.6,151662.0
2019-11-15,23.478,19202.31,19036.0523,19215.691,2.578,2.07,2.21,1.56,1.8129,-1.044,3.6,151662.0
2019-11-22,22.2027,19202.31,19036.0523,19215.691,2.578,2.07,2.21,1.56,1.8129,-1.044,3.6,151662.0
2019-11-29,21.996,19202.31,19036.0523,19215.691,2.578,2.07,2.21,1.56,1.8129,-1.044,3.6,151662.0
2019-12-06,22.3927,19202.31,19036.0523,19215.691,2.5862,2.25,2.39,1.55,1.8129,-1.044,3.6,151764.0
2019-12-13,23.8927,19202.31,19036.0523,19215.691,2.5862,2.25,2.39,1.55,1.8129,-1.044,3.6,151764.0
2019-12-20,27.0393,19202.31,19036.0523,19215.691,2.5862,2.25,2.39,1.55,1.8129,-1.044,3.6,151764.0
2019-12-27,28.692,19202.31,19036.0523,19215.691,2.5862,2.25,2.39,1.55,1.8129,-1.044,3.6,151764.0
2020-01-03,29.534,18951.992,18509.1428,18989.877,2.5904,1.83,1.99,1.59,1.2513,-2.7317,3.5,152098.0
2020-01-10,31.8767,18951.992,18509.1428,18989.877,2.5904,1.83,1.99,1.59,1.2513,-2.7317,3.5,152098.0
2020-01-17,34.0333,18951.992,18509.1428,18989.877,2.5904,1.83,1.99,1.59,1.2513,-2.7317,3.5,152098.0
2020-01-24,37.6547,18951.992,18509.1428,18989.877,2.5904,1.83,1.99,1.59,1.2513,-2.7317,3.5,152098.0
2020-01-31,43.3713,18951.992,18509.1428,18989.877,2.5904,1.83,1.99,1.59,1.2513,-2.7317,3.5,152098.0
