Date,open,high,low,close,adjusted_close,volume,dividend_amount
2007-01-05,37.0700,37.5200,33.4200,33.6600,5.1485,53257667,0.0000
2007-01-12,33.7800,35.3700,32.4000,35.2300,5.3886,69214468,0.0000
2007-01-19,35.5000,35.5200,31.1300,31.8795,4.8761,64400601,0.0000
2007-01-26,32.1800,33.3100,30.9000,31.4700,4.8135,58209734,0.0000
2007-02-02,31.3250,32.0000,29.9110,31.8500,4.8716,59998601,0.0000
2007-02-09,32.0000,34.9100,31.9500,32.6500,4.9940,63009601,0.0000
2007-02-16,32.8900,34.5000,32.5400,32.7200,5.0047,68744667,0.0000
2007-02-23,32.7700,33.5600,32.1900,32.6500,4.9940,38990134,0.0000
2007-03-02,32.7400,32.9900,29.7100,29.7700,4.5535,58478334,0.0000
2007-03-09,29.2500,31.6000,28.6600,30.5100,4.6667,60118468,0.0000
2007-03-16,30.1600,30.7700,28.0400,28.3500,4.3363,53301401,0.0000
2007-03-23,28.5000,30.9400,28.2400,30.2900,4.6330,62032734,0.0000
2007-03-30,30.3100,30.6000,28.2300,28.7800,4.4020,44602000,0.0000
2007-04-05,28.7100,30.9300,28.2800,30.9000,4.7263,42819067,0.0000
2007-04-13,30.9000,31.2500,29.1400,30.5800,4.6774,60460801,0.0000
2007-04-20,30.5000,32.0000,30.0300,31.8900,4.8777,59547534,0.0000
2007-04-27,31.7400,33.7800,31.2800,33.0700,5.0582,53118734,0.0000
2007-05-04,33.5200,33.9400,32.6800,33.7100,5.1561,44551468,0.0000
2007-05-11,34.2000,35.4800,32.2000,35.1400,5.3748,67421334,0.0000
2007-05-18,35.0000,35.3300,33.8500,35.0200,5.3565,48732667,0.0000
2007-05-25,34.9200,36.0000,33.0000,33.6600,5.1485,40208800,0.0000
2007-06-01,33.5200,35.5500,33.2000,34.8800,5.3351,25975734,0.0000
2007-06-08,34.5600,36.9600,34.4200,36.5500,5.5905,54940801,0.0000
2007-06-15,36.5500,39.8500,36.2300,39.5500,6.0494,52319601,0.0000
2007-06-22,39.9500,43.8700,39.0500,43.6200,6.6719,69672401,0.0000
2007-06-29,42.4000,43.4400,40.3000,41.3100,6.3186,56923668,0.0000
2007-07-06,41.9000,43.9400,41.7700,43.7700,6.6948,24310401,0.0000
2007-07-13,43.9300,46.5700,43.9200,45.8700,7.0160,41390134,0.0000
2007-07-20,45.9100,47.8300,44.7500,45.1000,6.8983,44153334,0.0000
2007-07-27,44.9400,46.4800,43.0800,44.2500,6.7683,43016267,0.0000
2007-08-03,44.4100,47.9300,42.5200,42.5400,6.5067,50791534,0.0000
2007-08-10,42.9000,47.4000,41.3900,43.9900,6.7285,69067934,0.0000
2007-08-17,44.3400,45.9000,40.5000,45.0800,6.8952,66607668,0.0000
2007-08-24,45.1100,49.2100,44.3500,48.2500,7.3801,47180001,0.0000
2007-08-31,48.2500,51.3500,46.2200,51.1600,7.8252,48683601,0.0000
2007-09-07,51.3900,54.0000,49.6700,50.6500,7.7472,39455667,0.0000
2007-09-14,51.7500,52.6500,32.1500,32.2500,7.3992,58657867,0.0000
2007-09-21,32.3000,36.0000,31.8300,34.4900,7.9131,63065800,0.0000
2007-09-28,34.7000,37.2000,34.4500,36.2400,8.3146,52942800,0.0000
2007-10-05,36.6500,37.9500,34.7500,36.9299,8.4729,46854300,0.0000
2007-10-12,37.1900,37.7000,34.8700,36.1300,8.2894,49592100,0.0000
2007-10-19,36.2500,39.6700,36.0800,37.3900,8.5785,54914800,0.0000
2007-10-26,37.1500,39.6700,33.5900,34.4000,7.8925,70505500,0.0000
2007-11-02,33.2200,37.0000,32.5600,36.7400,8.4293,71834400,0.0000
2007-11-09,36.4300,38.2000,32.6500,33.3600,7.6539,85147600,0.0000
2007-11-16,33.3500,33.8300,30.0300,32.4500,7.4451,75729400,0.0000
2007-11-23,31.9900,32.1501,29.1100,30.2200,6.9334,49536700,0.0000
2007-11-30,30.2000,34.2000,29.4600,31.5400,7.2363,64026000,0.0000
2007-12-07,32.0000,34.4900,31.3500,33.8800,7.7732,55513700,0.0000
2007-12-14,33.9900,36.0900,33.4800,35.0700,8.0462,59767000,0.0000
2007-12-21,34.7000,35.9000,33.2000,35.1600,8.0668,46779700,0.0000
2007-12-28,35.4200,36.4000,34.4900,34.7900,7.9819,20569500,0.0000
2008-01-04,34.5100,35.1400,29.8000,30.0000,6.8830,49290000,0.0000
2008-01-11,30.2000,30.4500,26.3500,27.0500,6.2061,99545900,0.0000
2008-01-18,27.4500,28.8900,22.5200,24.8400,5.6991,119592000,0.0000
2008-01-25,22.4700,27.4600,22.3300,24.9500,5.7243,73101900,0.0000
2008-02-01,24.8600,27.0000,23.8300,26.8601,6.1626,67609500,0.0000
2008-02-08,27.4400,27.5900,23.1000,24.9900,5.7335,66887400,0.0000
2008-02-15,25.2000,27.1000,21.9100,22.2700,5.1095,121434800,0.0000
2008-02-22,22.7000,22.7200,21.1600,22.3200,5.1209,67123700,0.0000
2008-02-29,22.3000,23.0300,21.3000,21.3900,4.9076,70480100,0.0000
2008-03-07,21.3600,21.6700,19.0000,19.5500,4.4854,92883900,0.0000
2008-03-14,19.3100,19.9800,18.1200,18.3200,4.2032,118821500,0.0000
2008-03-20,17.5200,19.0000,17.3100,18.5200,4.2491,84753600,0.0000
2008-03-28,18.9300,20.7000,18.8600,19.6800,4.5152,87689400,0.0000
2008-04-04,19.8900,21.0600,18.7300,18.7800,4.3087,106022800,0.0000
2008-04-11,19.2400,20.5100,18.4100,18.5300,4.2514,106066700,0.0000
2008-04-18,18.4600,19.3200,17.6100,19.0200,4.3638,75931600,0.0000
2008-04-25,18.8800,20.6600,18.8700,20.1500,4.6231,87400700,0.0000
2008-05-02,20.0600,22.5200,19.5700,22.5200,5.1668,108076700,0.0000
2008-05-09,22.4200,23.4300,21.0100,22.5300,5.1691,144460300,0.0000
2008-05-16,22.8200,24.4600,21.2800,24.4100,5.6004,121723200,0.0000
2008-05-23,24.4400,25.3100,22.7700,23.1100,5.3022,112309400,0.0000
2008-05-30,23.1500,24.7800,22.7100,24.7000,5.6670,77707400,0.0000
2008-06-06,24.7000,25.3500,23.3000,24.0600,5.5201,100495400,0.0000
2008-06-13,23.9200,24.2500,20.6800,21.3100,4.8892,109857300,0.0000
2008-06-20,21.0800,21.3300,19.3800,19.7600,4.5336,97740400,0.0000
2008-06-27,19.9300,20.4500,18.7100,19.2800,4.4235,104654800,0.0000
2008-07-03,19.0600,19.2300,12.4000,12.4900,2.8656,132153000,0.0000
2008-07-11,12.7000,12.7600,11.3200,11.6700,2.6775,182147500,0.0000
2008-07-18,11.5000,11.8500,10.7000,11.5600,2.6522,120024800,0.0000
2008-07-25,11.7300,11.9100,10.9100,11.5600,2.6522,86691600,0.0000
2008-08-01,11.4100,11.9400,10.7000,10.8400,2.4870,86405800,0.0000
2008-08-08,10.7300,11.9000,10.5500,11.0000,2.5238,92393900,0.0000
2008-08-15,11.0800,13.4900,10.9100,12.9600,2.9734,177888000,0.0000
2008-08-22,13.0500,14.1200,12.9100,13.6100,3.1226,113315600,0.0000
2008-08-29,13.5300,13.8500,12.6000,12.6400,2.9000,60513200,0.0000
2008-09-05,12.8500,12.9600,11.3900,11.6700,2.6775,72900300,0.0000
2008-09-12,11.7800,11.8300,9.6100,10.1900,2.3379,133339900,0.0000
2008-09-19,9.8300,11.5000,8.8000,11.4100,2.6178,155395200,0.0000
2008-09-26,11.3200,11.7700,10.6500,11.6900,2.6821,90568900,0.0000
2008-10-03,11.3800,11.5200,8.9702,9.0300,2.0718,97376200,0.0000
2008-10-10,8.6000,8.6200,6.2800,6.8100,1.5624,151669200,0.0000
2008-10-17,7.3900,8.4000,6.9000,7.6500,1.7552,120971200,0.0000
2008-10-24,7.9100,7.9700,5.9700,6.6100,1.5165,87160100,0.0000
2008-10-31,6.5700,8.9300,6.3600,8.7600,2.0098,94799700,0.0000
2008-11-07,8.9500,9.1100,7.6000,8.7200,2.0006,101527700,0.0000
2008-11-14,9.0500,9.1000,6.8602,7.1700,1.6450,83430600,0.0000
2008-11-21,7.1000,7.2900,5.7500,6.3800,1.4638,72475800,0.0000
2008-11-28,6.7700,7.6300,6.4000,7.4700,1.7139,47615100,0.0000
2008-12-05,7.1700,7.8000,6.7400,7.3600,1.6886,62912700,0.0000
2008-12-12,7.5000,8.8000,6.9500,8.6000,1.9731,94021100,0.0000
2008-12-19,8.6500,9.4500,8.0500,8.5200,1.9548,70426100,0.0000
2008-12-26,8.6500,8.6703,7.3000,7.5100,1.7230,31817200,0.0000
2009-01-02,7.6100,8.7700,7.1200,8.7100,1.9984,45218300,0.0000
2009-01-09,8.6100,9.4300,7.8800,7.9300,1.8194,100239600,0.0000
2009-01-16,7.9300,8.0599,7.2000,7.9900,1.8332,131859800,0.0000
2009-01-23,7.9700,8.0000,7.0800,7.7100,1.7689,63388300,0.0000
2009-01-30,7.6700,8.9300,7.6200,7.9500,1.8240,73767200,0.0000
2009-02-06,7.8300,9.9300,7.7900,9.8700,2.2645,95781100,0.0000
2009-02-13,9.8300,9.9700,7.8600,8.3100,1.9066,140437900,0.0000
2009-02-20,7.9700,8.3000,7.2500,7.6100,1.7460,73496800,0.0000
2009-02-27,7.7400,8.5400,7.2100,8.2800,1.8997,97860800,0.0000
2009-03-06,7.9500,8.7000,7.4700,8.3900,1.9249,119502800,0.0000
2009-03-13,8.3300,11.8500,8.2800,9.8000,2.2484,140056100,0.0000
2009-03-20,9.9000,10.4900,9.2700,9.5300,2.1865,124515200,0.0000
2009-03-27,9.8300,10.7050,9.5550,10.4600,2.3999,131008100,0.0000
2009-04-03,10.0600,11.3450,9.3700,11.3200,2.5972,111982800,0.0000
2009-04-09,11.1300,12.0800,10.8900,12.0400,2.7624,78278900,0.0000
2009-04-17,11.8900,12.0000,10.9100,11.7600,2.6981,106487300,0.0000
2009-04-24,11.3100,11.8100,10.7400,11.4300,2.6224,98817700,0.0000
2009-05-01,11.2800,11.9400,10.7500,11.6700,2.6775,105797700,0.0000
2009-05-08,11.8700,12.3900,9.1100,9.2500,2.1222,172990700,0.0000
2009-05-15,9.1000,9.6600,8.3300,8.7400,2.0052,133594000,0.0000
2009-05-22,8.9600,10.2500,8.9400,9.8200,2.2530,119784600,0.0000
2009-05-29,9.7300,10.6800,9.6300,10.4300,2.3930,87730300,0.0000
2009-06-05,10.5500,11.1800,10.2500,10.8300,2.4847,97490200,0.0000
2009-06-12,10.7500,12.2000,10.5000,11.5100,2.6408,86561400,0.0000
2009-06-19,11.3000,11.4600,10.7500,11.1800,2.5651,78825800,0.0000
2009-06-26,11.2200,11.6100,10.0850,11.5700,2.6545,76603100,0.0000
2009-07-02,11.6000,11.7800,10.7500,10.9000,2.5008,58715800,0.0000
2009-07-10,10.8900,10.9000,9.7100,10.3700,2.3792,106647100,0.0000
2009-07-17,10.5800,12.1100,9.9500,12.0700,2.7692,95845500,0.0000
2009-07-24,12.1700,13.0400,11.6500,12.9600,2.9734,100541800,0.0000
2009-07-31,12.8400,13.2100,12.5800,12.9300,2.9666,65616000,0.0000
2009-08-07,13.2400,14.2300,12.9900,13.7100,3.1455,103437700,0.0000
2009-08-14,13.8100,14.0100,12.8800,13.4200,3.0790,70032800,0.0000
2009-08-21,13.0100,13.9500,12.7200,13.9300,3.1960,77034800,0.0000
2009-08-28,13.8500,15.0300,13.3800,14.7300,3.3795,69372900,0.0000
2009-09-04,14.5600,15.2100,13.9500,15.1100,3.4667,65509400,0.0000
2009-09-11,15.2200,16.4900,15.1000,16.3180,3.7439,61052000,0.0000
2009-09-18,16.0800,16.5800,14.9682,15.2200,3.4920,81788800,0.0000
2009-09-25,15.0400,15.4100,14.3900,14.5000,3.3268,58988300,0.0000
2009-10-02,14.5500,15.2100,13.7400,13.8500,3.1776,85675700,0.0000
2009-10-09,14.0000,14.2500,13.4900,14.1700,3.2511,95880500,0.0000
2009-10-16,13.9300,14.5000,12.9800,13.2200,3.0331,107852700,0.0000
2009-10-23,13.3300,14.0300,13.0700,13.1500,3.0170,66714500,0.0000
2009-10-30,13.2500,13.4500,11.9000,11.9600,2.7440,77209100,0.0000
2009-11-06,11.9400,13.4300,11.5600,13.1600,3.0193,124567900,0.0000
2009-11-13,13.3400,13.8500,12.9600,13.5600,3.1111,84137400,0.0000
2009-11-20,13.6800,13.9100,12.6500,12.9000,2.9597,61726200,0.0000
2009-11-27,13.0900,13.3270,12.5300,12.7900,2.9344,38278000,0.0000
2009-12-04,12.8400,14.3200,12.7000,14.2600,3.2717,76466600,0.0000
2009-12-11,15.8500,16.4500,15.1000,15.2100,3.4897,132826000,0.0000
2009-12-18,15.4300,17.4800,15.2600,16.8200,3.8590,109100000,0.0000
2009-12-24,16.9200,18.2100,16.9000,18.0900,4.1504,44996100,0.0000
2009-12-31,18.0600,18.9500,17.6200,18.6800,4.2858,58648900,0.0000
2010-01-08,18.5100,18.9600,18.1100,18.5500,4.2560,80099500,0.0000
2010-01-15,18.6500,18.7300,16.8800,17.1100,3.9256,77990700,0.0000
2010-01-22,16.9800,17.6600,16.3600,16.4600,3.7765,73540100,0.0000
2010-01-29,16.7300,17.0600,15.1500,15.3900,3.5310,90832000,0.0000
2010-02-05,15.4500,16.9500,15.3200,16.2200,3.7214,93756900,0.0000
2010-02-12,16.1700,17.7000,15.8730,17.3500,3.9806,84683100,0.0000
2010-02-19,17.5800,17.9000,16.2100,16.5800,3.8040,83991000,0.0000
2010-02-26,16.6500,16.9000,15.7600,16.2000,3.7168,59102100,0.0000
2010-03-05,16.2100,17.2900,16.0800,17.1700,3.9393,67101100,0.0000
2010-03-12,17.1800,17.7800,16.8500,17.2500,3.9577,68741900,0.0000
2010-03-19,17.2300,18.3400,17.0000,17.2500,3.9577,75015900,0.0000
2010-03-26,17.0300,17.9800,17.0300,17.3400,3.9784,55126500,0.0000
2010-04-01,17.4500,17.8500,17.0400,17.2200,3.9508,36201600,0.0000
2010-04-09,17.3300,17.5100,16.7500,16.9900,3.8981,97388400,0.0000
2010-04-16,17.0100,18.1300,16.6800,17.0600,3.9141,124280200,0.0000
2010-04-23,16.9300,17.2800,16.1000,16.4400,3.7719,101960900,0.0000
2010-04-30,16.4600,16.8000,15.7000,15.7100,3.6044,95628400,0.0000
2010-05-07,15.7900,15.8800,13.0400,13.9600,3.2029,146944700,0.0000
2010-05-14,14.8000,15.2900,12.6000,12.9600,2.9734,161364600,0.0000
2010-05-21,12.9800,13.1800,12.0100,12.7300,2.9207,113885700,0.0000
2010-05-28,12.6900,13.5000,11.8500,13.1400,3.0147,97123000,0.0000
2010-06-04,12.9600,13.1100,12.0300,12.0950,2.7750,60859900,0.0000
2010-06-11,12.1500,12.2300,10.8700,11.6100,2.6637,82397700,0.0000
2010-06-18,11.7800,12.4500,11.3300,12.3000,2.8220,76552300,0.0000
2010-06-25,12.5600,12.5900,10.9000,11.0800,2.5421,81107700,0.0000
2010-07-02,11.1600,11.2600,9.9000,10.2500,2.3517,78249800,0.0000
2010-07-09,10.2100,10.7100,10.0500,10.3500,2.3746,66880500,0.0000
2010-07-16,10.3500,11.4800,10.0100,10.0500,2.3058,122151700,0.0000
2010-07-23,10.1900,10.8300,10.1000,10.3600,2.3769,96614600,0.0000
2010-07-30,10.3300,10.6000,8.9200,9.1900,2.1085,158414800,0.0000
2010-08-06,9.3500,9.6500,8.8700,9.5500,2.1911,106709200,0.0000
2010-08-13,9.6500,9.6600,8.6500,9.3900,2.1544,129403500,0.0000
2010-08-20,9.2600,10.2100,9.0300,9.9700,2.2874,114214000,0.0000
2010-08-27,10.0000,10.2500,9.4800,10.1200,2.3219,96637400,0.0000
2010-09-03,10.0000,10.0800,9.3000,9.8990,2.2711,88712700,0.0000
2010-09-10,9.8700,10.4600,9.8500,10.0700,2.3104,85775400,0.0000
2010-09-17,10.2500,10.7700,10.2450,10.5500,2.4205,76301600,0.0000
2010-09-24,10.5500,12.3000,10.4500,12.2600,2.8128,138765900,0.0000
2010-10-01,12.3500,12.3600,11.2600,11.3500,2.6041,112108800,0.0000
2010-10-08,11.2400,11.5000,10.3800,10.8600,2.4916,100727800,0.0000
2010-10-15,10.9100,11.5000,10.6300,11.2895,2.5902,81393300,0.0000
2010-10-22,11.3000,11.8900,10.9200,11.8000,2.7073,110373200,0.0000
2010-10-29,11.8900,12.2400,11.6700,12.0205,2.7579,77607300,0.0000
2010-11-05,12.1000,12.7200,11.9400,12.6050,2.8920,79045900,0.0000
2010-11-12,12.6000,13.6800,12.2700,13.2600,3.0423,124816900,0.0000
2010-11-19,13.2400,13.8000,12.5800,13.7520,3.1552,93356800,0.0000
2010-11-26,13.6600,13.8400,13.3400,13.6000,3.1203,36534700,0.0000
2010-12-03,13.5400,14.7900,13.3600,14.7900,3.3933,73775600,0.0000
2010-12-10,14.8400,15.3300,14.4500,14.9475,3.4294,86819900,0.0000
2010-12-17,15.0100,15.1200,14.1300,14.3700,3.2969,80336800,0.0000
2010-12-23,14.4200,15.0500,14.3000,14.9200,3.4231,39070300,0.0000
2010-12-31,14.8800,15.4200,14.6100,15.4000,3.5333,29829000,0.0000
2011-01-07,15.5200,19.9300,15.4200,19.8700,4.5588,224258600,0.0000
2011-01-14,19.5100,23.9800,19.3600,23.5900,5.4123,304596900,0.0000
2011-01-21,23.2700,23.6000,21.7900,22.2190,5.0978,121547400,0.0000
2011-01-28,23.2400,25.0500,22.9800,23.7600,5.4513,149265200,0.0000
2011-02-04,23.8000,26.1700,23.4100,25.6700,5.8895,122863900,0.0000
2011-02-11,25.3200,25.4300,22.3700,23.4700,5.3848,142249200,0.0000
2011-02-18,23.7500,26.0100,22.4500,25.6300,5.8803,208942000,0.0000
2011-02-25,24.7900,24.8600,21.7800,23.1200,5.3045,122750600,0.0000
2011-03-04,23.5000,23.5100,20.2400,20.7550,4.7619,154093700,0.0000
2011-03-11,20.9100,20.9800,17.6600,18.0500,4.1412,187371700,0.0000
2011-03-18,18.1900,18.6500,17.0100,17.6200,4.0426,146540900,0.0000
2011-03-25,18.0000,19.4500,17.0400,18.6300,4.2743,130738600,0.0000
2011-04-01,19.0700,19.6400,17.9500,18.2000,4.1757,115038800,0.0000
2011-04-08,18.2000,18.2500,17.3100,17.5500,4.0265,109253700,0.0000
2011-04-15,17.6200,18.9400,16.8300,18.7100,4.2927,109024400,0.0000
2011-04-21,18.2700,18.9500,17.5300,18.5200,4.2491,61881500,0.0000
2011-04-29,18.6000,20.4400,18.5900,20.0000,4.5886,81640400,0.0000
2011-05-06,20.4200,20.4300,18.2500,19.3200,4.4326,86156500,0.0000
2011-05-13,19.3800,20.5200,18.1200,18.2600,4.1894,131562400,0.0000
2011-05-20,18.2100,18.2500,17.1200,18.0900,4.1504,100852500,0.0000
2011-05-27,17.8300,19.5311,17.6000,19.5000,4.4739,80473600,0.0000
2011-06-03,19.8800,20.0500,18.3700,18.4600,4.2353,77995400,0.0000
2011-06-10,18.3900,18.6000,16.7400,17.1200,3.9279,66860300,0.0000
2011-06-17,17.1200,17.5200,15.3100,15.8050,3.6262,113451100,0.0000
2011-06-24,15.6700,16.3164,15.4000,15.7400,3.6113,84375800,0.0000
2011-07-01,15.7400,16.2100,14.8600,16.1450,3.7042,99700000,0.0000
2011-07-08,16.1300,16.2800,15.3000,15.4300,3.5401,66763200,0.0000
2011-07-15,15.1400,15.2000,13.8100,14.1000,3.2350,103327300,0.0000
2011-07-22,13.9900,15.0500,13.6200,15.0000,3.4415,99099800,0.0000
2011-07-29,14.7700,14.8300,13.5900,13.8300,3.1730,81081000,0.0000
2011-08-05,14.1500,15.3800,12.6000,12.9500,2.9711,134790200,0.0000
2011-08-12,12.3200,14.8600,11.8500,12.8800,2.9551,195716000,0.0000
2011-08-19,13.0100,13.4000,11.6500,11.7300,2.6912,92456100,0.0000
2011-08-26,12.0580,13.2400,11.8050,13.0100,2.9849,91532900,0.0000
2011-09-02,13.3800,13.9200,12.8200,12.9200,2.9643,80644100,0.0000
2011-09-09,12.5000,14.6400,12.3800,13.8800,3.1845,101321500,0.0000
2011-09-16,14.1500,16.1000,13.6900,15.4600,3.5470,136550100,0.0000
2011-09-23,15.2001,15.3900,13.2500,13.7900,3.1639,120049100,0.0000
2011-09-30,13.9600,14.2900,12.4900,12.5100,2.8702,113356100,0.0000
2011-10-07,12.3500,14.3600,11.4700,14.1500,3.2465,118708000,0.0000
2011-10-14,14.3900,15.8900,14.3600,15.7200,3.6067,87995100,0.0000
2011-10-21,15.5400,15.7700,13.8400,14.4800,3.3222,84475000,0.0000
2011-10-28,14.5400,15.7400,14.2000,15.6000,3.5791,67106400,0.0000
2011-11-04,15.1000,15.1900,13.5300,14.8200,3.4002,91915700,0.0000
2011-11-11,14.7100,15.1700,14.0700,14.9800,3.4369,110938800,0.0000
2011-11-18,14.9800,15.1300,13.7750,13.9300,3.1960,66930700,0.0000
2011-11-25,13.7101,15.1600,13.5000,14.0400,3.2212,96255700,0.0000
2011-12-02,14.5000,16.0500,14.5000,15.7200,3.6067,78015100,0.0000
2011-12-09,15.9800,16.0000,14.3750,14.9000,3.4185,69396800,0.0000
2011-12-16,14.5800,14.9000,13.4300,13.5100,3.0996,69502200,0.0000
2011-12-23,13.5700,14.4000,13.1100,14.1700,3.2511,57060400,0.0000
2011-12-30,14.1100,14.2800,13.6500,13.8600,3.1799,20693500,0.0000
2012-01-06,14.3000,14.7800,13.9200,14.5400,3.3359,47805400,0.0000
2012-01-13,14.5500,14.8200,13.6600,13.7300,3.1501,67387700,0.0000
2012-01-20,13.9400,14.5000,13.5000,14.2200,3.2625,60360900,0.0000
2012-01-27,14.2300,15.2400,14.0500,14.9100,3.4208,95438300,0.0000
2012-02-03,14.6500,15.9500,14.4300,15.8200,3.6296,59411600,0.0000
2012-02-10,15.7400,16.6200,15.4600,15.8950,3.6468,63474700,0.0000
2012-02-17,16.3000,16.9000,15.0000,15.8500,3.6365,127105700,0.0000
2012-02-24,15.8400,16.3200,15.6000,15.7900,3.6227,42531100,0.0000
2012-03-02,15.5900,15.6600,15.1400,15.3800,3.5287,81709200,0.0000
2012-03-09,15.2700,15.3000,14.4600,14.8200,3.4002,55673000,0.0000
2012-03-16,14.8800,14.9800,14.3200,14.6000,3.3497,59991600,0.0000
2012-03-23,14.6800,14.7500,14.2400,14.5450,3.3371,51592100,0.0000
2012-03-30,14.6900,15.4900,14.5500,15.3950,3.5321,62523900,0.0000
2012-04-05,15.3600,15.4899,14.5600,14.6300,3.3566,42589300,0.0000
2012-04-13,14.4000,14.7600,14.0900,14.1600,3.2488,47625400,0.0000
2012-04-20,14.2600,14.3000,13.3600,13.3900,3.0721,62542700,0.0000
2012-04-27,13.1600,13.3800,12.7500,12.9800,2.9780,79459000,0.0000
2012-05-04,12.9100,13.3700,12.2600,12.2600,2.8128,57989600,0.0000
2012-05-11,12.4800,13.6800,12.1200,13.2100,3.0308,90489800,0.0000
2012-05-18,13.1000,13.4200,12.0200,12.0800,2.7715,60263700,0.0000
2012-05-25,12.1000,12.5300,11.8250,12.4000,2.8450,55864300,0.0000
2012-06-01,12.6000,12.8000,11.9600,11.9800,2.7486,37224200,0.0000
2012-06-08,12.0400,12.6400,11.6300,12.1200,2.7807,51603400,0.0000
2012-06-15,12.5100,12.7300,11.9100,12.2900,2.8197,70116400,0.0000
2012-06-22,12.2000,13.7000,12.1000,12.9950,2.9815,90483900,0.0000
2012-06-29,13.0100,13.8500,12.4800,13.8200,3.1708,65005900,0.0000
2012-07-06,13.8900,13.9000,13.2500,13.4000,3.0744,36595100,0.0000
2012-07-13,13.3200,13.4700,12.2850,12.5550,2.8805,52500000,0.0000
2012-07-20,12.4800,13.3600,12.1600,12.8050,2.9379,56299500,0.0000
2012-07-27,12.4700,13.5200,12.3300,13.4750,3.0916,48318700,0.0000
2012-08-03,13.4800,13.8600,13.1000,13.7200,3.1478,44542800,0.0000
2012-08-10,13.8500,15.2200,13.8300,14.6210,3.3545,84644300,0.0000
2012-08-17,14.6400,14.8800,14.4050,14.6500,3.3612,52783700,0.0000
2012-08-24,14.6000,14.7900,14.2500,14.6000,3.3497,42374000,0.0000
2012-08-31,14.5900,14.6299,13.8900,14.0300,3.2189,42366800,0.0000
2012-09-07,13.8000,14.0900,12.9500,13.4000,3.0744,65326700,0.0000
2012-09-14,13.3700,14.0800,13.2200,13.8400,3.1753,46245700,0.0000
2012-09-21,13.8700,13.9000,13.2950,13.6650,3.1352,49149200,0.0000
2012-09-28,13.4500,13.9000,13.0200,13.3400,3.0606,58014600,0.0000
2012-10-05,13.4000,13.8000,12.9700,13.3000,3.0514,55406900,0.0000
2012-10-12,13.2500,13.3100,12.5500,12.6300,2.8977,37868400,0.0000
2012-10-19,12.6500,13.2000,12.0350,12.1050,2.7773,49330300,0.0000
2012-10-26,12.1600,12.4600,11.8300,12.0500,2.7647,52110900,0.0000
2012-11-02,12.1000,12.7000,11.9500,12.4900,2.8656,26925800,0.0000
2012-11-09,12.4600,13.0800,12.1500,12.1900,2.7968,70139200,0.0000
2012-11-16,12.2100,12.2600,11.1500,11.3800,2.6109,71157100,0.0000
2012-11-23,11.5900,12.0400,11.3700,11.9000,2.7481,36007800,0.0750
2012-11-30,11.9200,12.3400,11.9000,11.9700,2.7642,54088200,0.0000
2012-12-07,12.1200,12.1200,11.7000,11.9550,2.7608,57591400,0.0000
2012-12-14,11.9600,12.8100,11.9300,12.5900,2.9074,61149700,0.0000
2012-12-21,12.5600,12.8000,12.2100,12.3500,2.8520,52917900,0.0000
2012-12-28,12.3400,12.4199,12.0200,12.1000,2.7942,21113000,0.0000
2013-01-04,12.0600,13.1900,12.0300,13.1500,3.0367,40728800,0.0000
2013-01-11,13.1400,13.1800,12.0900,12.2100,2.8197,69792900,0.0000
2013-01-18,12.2900,12.3000,11.9100,12.1700,2.8104,49919300,0.0000
2013-01-25,12.1600,12.4200,12.0000,12.4100,2.8658,38023300,0.0000
2013-02-01,12.4700,12.6900,12.1800,12.3700,2.8566,46457900,0.0000
2013-02-08,12.3000,12.5500,12.0700,12.3700,2.8566,53924000,0.0000
2013-02-15,12.4700,12.7900,12.0500,12.7310,2.9400,78961600,0.0000
2013-02-22,12.7400,12.8000,12.2600,12.5200,2.8912,52428000,0.0000
2013-03-01,12.5500,12.8500,12.2091,12.7100,2.9529,64742900,0.0750
2013-03-08,12.6200,13.0000,12.5200,12.8200,2.9785,40601600,0.0000
2013-03-15,12.6900,12.9562,12.5600,12.6400,2.9366,45888100,0.0000
2013-03-22,12.5600,12.6700,12.3800,12.4800,2.8995,39147200,0.0000
2013-03-28,12.5500,12.8400,12.3200,12.8300,2.9808,29970900,0.0000
2013-04-05,12.8000,12.8000,12.0400,12.4600,2.8948,50338400,0.0000
2013-04-12,12.4700,13.2300,12.1950,13.0900,3.0412,70792500,0.0000
2013-04-19,13.0500,13.0900,12.3700,12.5700,2.9204,53444700,0.0000
2013-04-26,12.5600,13.5000,12.4600,13.4100,3.1155,46415700,0.0000
2013-05-03,13.4300,13.9700,13.3700,13.8700,3.2224,37627100,0.0000
2013-05-10,13.8700,14.6000,13.5200,14.5400,3.3781,60678800,0.0000
2013-05-17,14.4400,14.9700,14.1800,14.8700,3.4547,41940200,0.0000
2013-05-24,14.8100,14.9800,14.1900,14.5400,3.3951,43793900,0.0750
2013-05-31,14.6500,14.7750,14.3800,14.4700,3.3787,36909100,0.0000
2013-06-07,14.4900,14.8000,14.1200,14.4450,3.3729,47207300,0.0000
2013-06-14,14.4100,14.5300,13.9700,14.3500,3.3507,32633500,0.0000
2013-06-21,14.4600,15.4800,14.1800,14.4150,3.3659,81115500,0.0000
2013-06-28,14.2100,14.3950,13.8300,14.0400,3.2783,71436400,0.0000
2013-07-05,14.1400,14.3000,13.9600,14.2400,3.3250,19524700,0.0000
2013-07-12,14.2800,14.7800,14.0900,14.6400,3.4184,27102700,0.0000
2013-07-19,14.6700,14.7700,14.0900,14.2400,3.3250,33875300,0.0000
2013-07-26,14.3500,14.4800,14.0900,14.2000,3.3157,32352700,0.0000
2013-08-02,14.1700,14.7900,14.1300,14.7600,3.4464,30076300,0.0000
2013-08-09,14.7200,14.8800,14.1100,14.4900,3.3834,47202400,0.0000
2013-08-16,14.3300,15.4000,14.2200,15.1890,3.5466,61922184,0.0000
2013-08-23,15.1000,15.1500,14.8200,14.9600,3.5106,31582500,0.0750
2013-08-30,14.9700,15.0300,14.6800,14.7500,3.4614,38769400,0.0000
2013-09-06,14.7900,15.0300,14.6700,14.8800,3.4919,22710500,0.0000
2013-09-13,15.0000,15.9000,14.9600,15.8000,3.7078,34955200,0.0000
2013-09-20,15.9300,16.1000,15.7500,15.7950,3.7066,31294900,0.0000
2013-09-27,15.7800,15.9100,15.4900,15.5800,3.6561,25871700,0.0000
2013-10-04,15.4200,15.7200,15.3050,15.5900,3.6585,32466200,0.0000
2013-10-11,15.5300,15.7700,15.1000,15.2600,3.5811,29342800,0.0000
2013-10-18,15.2200,15.8600,15.2200,15.8100,3.7101,26347800,0.0000
2013-10-25,16.0000,16.0100,15.1900,15.2400,3.5764,29840100,0.0000
2013-11-01,15.2200,15.3500,15.0000,15.2550,3.5799,37137800,0.0000
2013-11-08,15.3100,15.6100,14.5200,15.5600,3.6515,57957100,0.0000
2013-11-15,15.5000,16.3150,15.4700,16.1700,3.7946,42619000,0.0000
2013-11-22,15.8200,15.9600,15.1500,15.1800,3.5819,27516900,0.0850
2013-11-29,15.1800,15.8050,15.1800,15.6000,3.6810,32490500,0.0000
2013-12-06,15.5400,15.9900,15.4300,15.4700,3.6503,42760500,0.0000
2013-12-13,15.4700,15.6300,15.0000,15.0200,3.5441,44173900,0.0000
2013-12-20,15.0300,15.7000,14.9000,15.6850,3.7010,39464500,0.0000
2013-12-27,15.7800,15.9250,15.6300,15.7600,3.7187,15701600,0.0000
2014-01-03,15.7700,16.1000,15.6200,15.6700,3.6975,25084500,0.0000
2014-01-10,15.8300,16.4400,15.5900,15.7300,3.7117,39040900,0.0000
2014-01-17,15.7300,16.2500,15.3300,15.9900,3.7730,30531400,0.0000
2014-01-24,16.0100,16.1500,15.5600,15.5600,3.6716,25393500,0.0000
2014-01-31,15.5600,15.7900,15.3700,15.7000,3.7046,27574900,0.0000
2014-02-07,15.8100,15.8900,15.3200,15.8700,3.7447,31318100,0.0000
2014-02-14,15.8500,17.9500,15.8350,17.9100,4.2261,75616400,0.0000
2014-02-21,17.9200,18.9900,17.7500,18.6400,4.3983,43211700,0.0000
2014-02-28,18.6000,19.0500,18.1144,18.3800,4.3566,42918000,0.0850
2014-03-07,17.9700,18.7700,17.8100,18.3600,4.3519,35909000,0.0000
2014-03-14,18.3000,18.4300,17.5600,17.8200,4.2239,42068900,0.0000
2014-03-21,17.8700,18.9100,17.8000,18.5400,4.3946,42941100,0.0000
2014-03-28,18.5500,18.9700,17.5850,17.9000,4.2429,52695600,0.0000
2014-04-04,17.9300,19.1850,17.8050,18.1500,4.3021,53430100,0.0000
2014-04-11,18.1600,19.1100,17.8800,18.1200,4.2950,51177400,0.0000
2014-04-17,18.2400,18.7300,18.1200,18.5600,4.3993,24587200,0.0000
2014-04-25,18.5700,19.4600,18.4500,18.7300,4.4396,33469900,0.0000
2014-05-02,18.8800,18.9800,18.3200,18.4300,4.3685,26457700,0.0000
2014-05-09,18.4100,18.9700,17.7100,18.0500,4.2784,48040200,0.0000
2014-05-16,18.0900,18.6300,17.8200,17.9600,4.2571,33628400,0.0000
2014-05-23,18.1500,18.6400,18.0700,18.4900,4.4031,28650200,0.0850
2014-05-30,18.6000,19.1300,18.5400,19.0000,4.5246,21134200,0.0000
2014-06-06,19.0600,19.2000,18.6100,19.0300,4.5317,23392400,0.0000
2014-06-13,19.0100,19.7300,18.8800,19.5400,4.6532,32407300,0.0000
2014-06-20,19.4500,19.6900,18.7800,18.9300,4.5079,34987600,0.0000
2014-06-27,18.6800,18.8300,18.2300,18.3800,4.3769,36628200,0.0000
2014-07-03,18.3100,18.9000,18.3100,18.8500,4.4889,20446700,0.0000
2014-07-11,18.8800,19.1900,18.3700,19.0500,4.5365,29865000,0.0000
2014-07-18,19.1300,19.6000,18.4100,18.4400,4.3912,47011300,0.0000
2014-07-25,18.3700,18.7900,17.7600,17.7900,4.2364,34006000,0.0000
2014-08-01,17.8700,18.1300,17.4150,17.6900,4.2126,35406800,0.0000
2014-08-08,17.6700,19.1000,17.3400,19.0000,4.5246,51634000,0.0000
2014-08-15,19.0200,19.1700,18.6800,19.0400,4.5341,38079000,0.0000
2014-08-22,19.1200,19.4700,18.9300,19.0800,4.5636,31945600,0.0850
2014-08-29,19.1600,19.4900,19.0700,19.4500,4.6521,24840600,0.0000
2014-09-05,19.5000,20.1500,19.3150,19.9700,4.7764,29942900,0.0000
2014-09-12,19.9500,19.9900,19.0950,19.1200,4.5731,30087700,0.0000
2014-09-19,19.1800,19.5200,18.7500,19.0800,4.5636,37714800,0.0000
2014-09-26,19.4700,19.4700,18.4700,18.5450,4.4356,27882381,0.0000
2014-10-03,18.4000,18.6500,17.7700,18.2300,4.3603,34122171,0.0000
2014-10-10,18.3000,18.4500,16.8400,16.8450,4.0290,43986904,0.0000
2014-10-17,16.9600,17.8650,16.7700,17.4200,4.1665,45513659,0.0000
2014-10-24,17.4200,18.5900,17.3000,18.4800,4.4201,30396243,0.0000
2014-10-31,18.4700,19.5500,18.2700,19.5400,4.6736,23315456,0.0000
2014-11-07,19.9900,20.6859,19.5900,19.7900,4.7334,46238157,0.0000
2014-11-14,19.7700,20.1501,19.3750,19.7850,4.7322,27413983,0.0000
2014-11-21,19.7000,20.5500,19.5700,20.4550,4.9132,25668816,0.0850
2014-11-28,20.5000,21.0900,20.4200,20.9700,5.0369,16758561,0.0000
2014-12-05,20.8800,21.1900,20.3700,21.0700,5.0609,26819536,0.0000
2014-12-12,21.0400,21.2500,19.6100,19.6300,4.7151,28275718,0.0000
2014-12-19,19.8600,20.6300,19.1000,20.4200,4.9048,33432248,0.0000
2014-12-26,20.4000,21.0400,20.3300,20.5900,4.9457,8913568,0.0000
2015-01-02,20.5300,20.7000,19.8110,20.1300,4.8352,11886108,0.0000
2015-01-09,20.1300,20.1900,19.0800,19.9400,4.7895,30237340,0.0000
2015-01-16,19.9900,20.2400,19.4000,19.9600,4.7943,23829355,0.0000
2015-01-23,20.1000,20.7450,19.7700,20.7100,4.9745,14130412,0.0000
2015-01-30,20.6200,20.7200,19.1700,19.2050,4.6130,32436442,0.0000
2015-02-06,19.3200,20.7100,18.9400,20.4000,4.9000,24388959,0.0000
2015-02-13,20.2800,22.5000,20.1500,22.3100,5.3588,45199821,0.0000
2015-02-20,22.2700,22.4900,22.0000,22.3350,5.3648,17537043,0.0000
2015-02-27,22.3300,22.3300,21.9600,22.0600,5.3189,17713632,0.0850
2015-03-06,22.0000,22.9000,21.9710,22.5500,5.4371,31728648,0.0000
2015-03-13,22.5600,23.3000,22.2400,22.7000,5.4732,44449373,0.0000
2015-03-20,22.8800,23.6050,22.6600,23.4700,5.6589,43089482,0.0000
2015-03-27,22.7700,23.0700,20.4600,21.3800,5.1550,48231291,0.0000
2015-04-02,21.4800,21.5800,20.6500,21.0600,5.0778,28337507,0.0000
2015-04-10,20.9700,22.7700,20.7500,22.7600,5.4877,43398435,0.0000
2015-04-17,22.7100,22.8300,22.0100,22.2000,5.3527,24434538,0.0000
2015-04-24,22.3000,22.4400,21.6500,22.0300,5.3117,29245933,0.0000
2015-05-01,22.1000,22.8200,21.9100,22.7500,5.4853,19638612,0.0000
2015-05-08,22.7300,22.8800,20.4900,20.8250,5.0212,62281185,0.0000
2015-05-15,20.5400,21.4800,20.3800,21.3000,5.1357,43758607,0.0000
2015-05-22,21.2500,21.4000,20.8100,20.8600,5.0529,30697627,0.0975
2015-05-29,20.7600,22.2800,20.5740,22.1300,5.3605,33872223,0.0000
2015-06-05,22.2700,22.6001,21.5700,22.2600,5.3920,37119544,0.0000
2015-06-12,22.1900,22.3400,21.0600,21.1100,5.1135,43398509,0.0000
2015-06-19,21.0000,22.1200,20.8200,21.8700,5.2976,36301091,0.0000
2015-06-26,21.9100,22.0300,20.6500,20.7400,5.0238,48835681,0.0000
2015-07-02,20.5000,20.9000,19.9700,20.4200,4.9463,28908069,0.0000
2015-07-10,20.2500,20.5300,19.1600,19.7500,4.7840,42895489,0.0000
2015-07-17,19.9500,20.1900,19.5700,20.0700,4.8615,30767167,0.0000
2015-07-24,20.0700,20.1500,19.1700,19.4200,4.7041,26334059,0.0000
2015-07-31,19.2500,20.2200,19.0900,19.9500,4.8325,25798976,0.0000
2015-08-07,20.1100,23.3700,19.8500,22.9800,5.5664,73810141,0.0000
2015-08-14,22.8200,23.9500,22.6800,23.5400,5.7021,49323264,0.0000
2015-08-21,23.5000,23.5000,21.4500,21.4700,5.2226,40495838,0.0975
2015-08-28,20.2700,22.8700,20.0000,22.7300,5.5291,67616337,0.0000
2015-09-04,22.6300,22.7800,21.4000,21.7500,5.2907,36684278,0.0000
2015-09-11,22.2800,22.9400,21.9950,22.6500,5.5097,29662571,0.0000
2015-09-18,22.7600,23.7100,22.5701,23.2900,5.6654,32226756,0.0000
2015-09-25,23.3200,24.0700,22.5000,23.6100,5.7432,35599687,0.0000
2015-10-02,23.6100,24.8006,23.1500,24.8000,6.0327,54815516,0.0000
2015-10-09,24.9600,26.2800,24.8300,26.0700,6.3416,53247847,0.0000
2015-10-16,26.1000,28.1200,25.9050,27.8600,6.7770,52816602,0.0000
2015-10-23,27.9500,28.7800,27.3600,28.5900,6.9546,40871891,0.0000
2015-10-30,28.6100,28.6800,27.6300,28.3700,6.9011,32526607,0.0000
2015-11-06,28.4600,31.9400,27.6300,31.5500,7.6746,66504749,0.0000
2015-11-13,31.2400,31.5000,29.6500,29.8000,7.2489,56224397,0.0000
2015-11-20,30.1900,31.5700,29.9500,31.3900,7.6640,36133919,0.1150
2015-11-27,31.6500,31.6500,30.7800,31.3900,7.6640,16582121,0.0000
2015-12-04,31.4200,33.8100,31.3900,33.7500,8.2402,43409846,0.0000
2015-12-11,33.7400,33.7500,32.3700,32.4900,7.9326,37116744,0.0000
2015-12-18,32.5200,33.5600,32.1000,32.1400,7.8471,36751341,0.0000
2015-12-24,32.4900,33.2600,32.2000,33.1700,8.0986,14730012,0.0000
2015-12-31,32.8200,33.9400,32.3600,32.9600,8.0473,16863987,0.0000
2016-01-08,32.2900,33.4400,29.5650,29.6300,7.2343,58536682,0.0000
2016-01-15,29.6600,30.6200,26.6400,27.1100,6.6190,70052917,0.0000
2016-01-22,27.6700,28.6400,26.4500,28.4500,6.9462,41944728,0.0000
2016-01-29,28.4400,29.3450,27.5000,29.2900,7.1513,32941986,0.0000
2016-02-05,29.2600,29.4500,26.3500,26.4300,6.4530,47678295,0.0000
2016-02-12,26.0300,26.5500,24.7500,25.7300,6.2821,51274616,0.0000
2016-02-19,26.1000,30.9750,26.0200,30.4400,7.4321,71277682,0.0000
2016-02-26,30.8800,32.1162,30.6000,31.6800,7.7348,46686923,0.0000
2016-03-04,31.6100,33.0600,31.3400,32.5500,7.9764,34579785,0.1150
2016-03-11,32.3700,32.5900,31.0400,32.2200,7.8955,32306366,0.0000
2016-03-18,32.0700,34.2500,31.5700,33.8100,8.2851,41984117,0.0000
2016-03-24,33.5100,34.6800,33.1500,34.4800,8.4493,31343830,0.0000
2016-04-01,34.4200,36.2500,34.3800,36.1500,8.8585,40801811,0.0000
2016-04-08,36.4500,36.6400,34.6300,35.6600,8.7385,45523162,0.0000
2016-04-15,35.8700,37.4600,35.1400,37.1300,9.0987,47113440,0.0000
2016-04-22,37.0600,37.1800,36.0800,36.2700,8.8879,30461783,0.0000
2016-04-29,36.2800,37.3300,35.1400,35.5300,8.7066,36551100,0.0000
2016-05-06,35.8700,36.2200,34.4000,35.3300,8.6576,35899683,0.0000
2016-05-13,35.4200,41.0000,34.9300,40.9800,10.0421,92799718,0.0000
2016-05-20,40.6700,44.5100,40.5400,44.3300,10.8630,73311387,0.0000
2016-05-27,44.5200,45.9800,44.1300,45.9000,11.2763,46889479,0.1150
2016-06-03,46.1000,47.5400,45.6600,46.4800,11.4188,39748464,0.0000
2016-06-10,46.6000,47.4500,45.8000,46.2000,11.3500,40568048,0.0000
2016-06-17,46.2500,47.7700,46.1550,46.7200,11.4777,44810657,0.0000
2016-06-24,47.4700,48.5400,45.3000,45.7300,11.2345,50611512,0.0000
2016-07-01,45.3500,47.3600,44.5700,46.6600,11.4630,45015404,0.0000
2016-07-08,46.4000,51.0910,46.0300,50.8500,12.4924,38037920,0.0000
2016-07-15,51.5800,53.8000,51.5200,52.7000,12.9468,48891252,0.0000
2016-07-22,53.3500,54.6700,52.7700,54.6700,13.4308,40229452,0.0000
2016-07-29,55.0000,57.2500,54.7600,57.1000,14.0278,47630434,0.0000
2016-08-05,57.3400,58.2300,55.5000,58.2000,14.2980,38199937,0.0000
2016-08-12,59.0000,63.3800,58.1200,63.0400,15.4871,78998813,0.0000
2016-08-19,63.1100,63.4964,60.6550,62.2600,15.2955,51985339,0.0000
2016-08-26,62.4500,63.3200,60.7600,62.0300,15.2668,39725392,0.1150
2016-09-02,62.2800,63.3800,61.1600,62.5300,15.3899,42509590,0.0000
2016-09-09,62.7500,63.2285,59.0000,59.5200,14.6491,42959205,0.0000
2016-09-16,58.7300,63.2500,57.3150,62.8400,15.4662,70180981,0.0000
2016-09-23,63.5000,65.4400,62.7400,64.9500,15.9855,41733007,0.0000
2016-09-30,64.2100,69.1900,63.5300,68.5200,16.8641,42979945,0.0000
2016-10-07,68.5200,69.7000,66.2600,66.8500,16.4531,36903326,0.0000
2016-10-14,67.2000,67.5600,63.7000,65.9900,16.2414,45427130,0.0000
2016-10-21,65.9800,67.9500,65.5200,67.5400,16.6229,31383622,0.0000
2016-10-28,68.0000,72.9500,67.9900,70.5600,17.3662,43765255,0.0000
2016-11-04,70.7900,71.8100,66.5750,67.5700,16.6303,41497661,0.0000
2016-11-11,69.5500,88.7700,66.7600,87.9700,21.6512,110465557,0.0000
2016-11-18,88.0900,94.7923,83.6200,93.3600,22.9777,109298058,0.0000
2016-11-25,94.0900,95.2499,92.3800,94.1600,23.2092,35140035,0.1400
2016-12-02,93.8700,94.7400,84.7700,88.4500,21.8017,66940476,0.0000
2016-12-09,89.9900,96.6200,89.0000,91.8200,22.6324,58643494,0.0000
2016-12-16,89.8500,100.7000,87.5400,100.4100,24.7497,95229548,0.0000
2016-12-23,99.7000,109.8350,99.0000,109.7800,27.0593,88378815,0.0000
2016-12-30,112.0600,119.9300,102.8000,106.7400,26.3100,171958399,0.0000
2017-01-06,104.4000,106.3700,99.3800,103.1000,25.4128,112709180,0.0000
2017-01-13,103.5000,109.1900,101.6200,103.4300,25.4941,85156739,0.0000
2017-01-20,103.0000,106.8000,99.1100,104.0100,25.6371,59298209,0.0000
2017-01-27,103.8000,111.8900,103.7000,111.7700,27.5498,56303308,0.0000
2017-02-03,110.9200,115.9000,107.9106,114.3800,28.1931,57618704,0.0000
2017-02-10,114.0000,120.9200,112.6000,113.6200,28.0058,104905778,0.0000
2017-02-17,113.3900,113.9800,104.7900,107.2300,26.4307,90382221,0.0000
2017-02-24,108.2300,111.8000,95.7000,101.4600,25.0401,90212849,0.1400
2017-03-03,102.2000,105.2000,96.2200,98.4300,24.2923,86633828,0.0000
2017-03-10,96.9600,101.3000,95.1700,99.1200,24.4626,77586982,0.0000
2017-03-17,99.5400,106.1200,99.5100,106.0700,26.1779,88849333,0.0000
2017-03-24,106.7800,109.9600,105.3000,107.4700,26.5234,81306449,0.0000
2017-03-31,105.5800,110.0000,103.5750,108.9300,26.8837,56385514,0.0000
2017-04-07,108.9500,109.6500,98.4100,100.3300,24.7612,88095942,0.0000
2017-04-13,100.3600,100.6300,95.4900,95.4900,23.5667,57386652,0.0000
2017-04-21,96.0100,101.7900,95.8000,101.6800,25.0944,49853656,0.0000
2017-04-28,102.9600,105.9800,102.1100,104.3000,25.7410,43465418,0.0000
2017-05-05,104.7400,106.8500,102.5600,103.8600,25.6324,42355366,0.0000
2017-05-12,104.3400,130.4300,102.3100,127.8900,31.5630,148225683,0.0000
2017-05-19,129.5600,138.2200,127.0500,136.0000,33.5991,140158723,0.1400
2017-05-26,137.7700,145.2800,135.7100,141.8400,35.0419,92439688,0.0000
2017-06-02,143.7000,147.0000,142.0500,143.6400,35.4866,70826837,0.0000
2017-06-09,142.9800,168.5000,142.5100,149.6000,36.9590,174910930,0.0000
2017-06-16,145.8800,154.7700,142.1100,151.6200,37.4580,159150839,0.0000
2017-06-23,153.4100,161.7400,153.2200,153.8300,38.0040,99537344,0.0000
2017-06-30,155.1600,156.6000,143.5000,144.5600,35.7138,120256299,0.0000
2017-07-07,145.0500,147.5000,138.5800,146.7600,36.2574,72590297,0.0000
2017-07-14,149.7400,166.3000,148.6842,164.9500,40.7512,128221300,0.0000
2017-07-21,166.3300,169.3000,161.3000,168.1000,41.5295,92217943,0.0000
2017-07-28,168.3900,169.9270,157.5600,164.3900,40.6129,75291789,0.0000
2017-08-04,164.9400,170.0700,160.6200,167.2100,41.3096,61552325,0.0000
2017-08-11,168.3900,174.5600,152.9100,155.9600,38.5302,112774691,0.0000
2017-08-18,159.6700,169.6700,159.2000,161.5000,39.8989,93264035,0.0000
2017-08-25,162.4900,167.2800,157.3700,163.8100,40.5045,61055553,0.1400
2017-09-01,164.5800,171.9000,162.2610,170.4600,42.1488,53070587,0.0000
2017-09-08,168.3800,168.5843,162.7100,163.6900,40.4748,48256287,0.0000
2017-09-15,165.5400,180.1100,165.3200,180.1100,44.5349,84497361,0.0000
2017-09-22,185.1400,191.2000,177.6100,179.0000,44.2604,118496869,0.0000
2017-09-29,177.7500,179.7300,170.1600,178.7700,44.2035,92511679,0.0000
2017-10-06,180.8000,182.0000,177.0000,181.3000,44.8291,51516901,0.0000
2017-10-13,182.7900,195.0000,182.0300,194.5900,48.1153,79963232,0.0000
2017-10-20,195.8000,199.5900,192.4501,196.9000,48.6865,64991106,0.0000
2017-10-27,197.7800,201.8700,191.1700,201.8600,49.9129,63068301,0.0000
2017-11-03,201.8600,209.9700,201.2200,208.6900,51.6017,52346179,0.0000
2017-11-10,207.2000,218.6700,200.3700,216.1400,53.4438,84506454,0.0000
2017-11-17,216.1400,217.1700,207.8000,211.3600,52.2619,62577386,0.0000
2017-11-24,211.9900,217.0000,210.5000,216.9600,53.6840,32971844,0.1500
2017-12-01,217.3100,217.3600,191.2300,197.6800,48.9134,98834833,0.0000
2017-12-08,200.0500,200.3000,180.5800,191.4900,47.3818,91640990,0.0000
2017-12-15,192.0600,194.7800,184.6000,191.5600,47.3991,61109694,0.0000
2017-12-22,193.2000,198.0700,191.2500,195.2700,48.3171,47205430,0.0000
2017-12-29,193.0300,199.9700,191.8200,193.5000,47.8791,29793211,0.0000
2018-01-05,195.7800,218.0500,194.5000,215.4000,53.2980,59158713,0.0000
2018-01-12,220.4000,226.2700,216.0000,222.9800,55.1736,65773210,0.0000
2018-01-19,224.0500,231.0900,216.6900,230.1100,56.9378,54833898,0.0000
2018-01-26,230.4300,243.3400,228.1000,243.3300,60.2090,58174870,0.0000
2018-02-02,242.7400,249.2700,231.1700,233.5200,57.7816,67745017,0.0000
2018-02-09,227.0000,238.8900,204.0000,232.0800,57.4253,137139885,0.0000
2018-02-16,235.3600,250.0000,225.0300,243.8400,60.3351,94411496,0.0000
2018-02-23,244.7500,251.9700,239.5000,245.9300,60.8900,61354774,0.1500
2018-03-02,247.8000,248.9100,221.8500,236.5400,58.5651,84258226,0.0000
2018-03-09,234.5100,245.8500,229.5200,245.3300,60.7414,68713781,0.0000
2018-03-16,247.0000,254.5000,246.0400,250.4800,62.0165,62664961,0.0000
2018-03-23,248.1800,252.0000,232.5200,232.9700,57.6812,73928732,0.0000
2018-03-29,238.0000,250.0000,217.0000,231.5900,57.3395,96155995,0.0000
2018-04-06,228.7400,234.6500,213.0700,214.2500,53.0463,93572928,0.0000
2018-04-13,216.8000,237.5100,214.6000,231.5000,57.3172,70536826,0.0000
2018-04-20,231.7700,239.2500,226.8000,228.7100,56.6265,51189371,0.0000
2018-04-27,229.4300,231.5000,210.3000,226.3300,56.0372,55181779,0.0000
2018-05-04,226.9900,239.1900,222.2000,239.0600,59.1890,42342157,0.0000
2018-05-11,243.2900,260.5000,242.8900,254.5300,63.0193,99988167,0.0000
2018-05-18,256.0700,258.4900,241.5000,245.9400,60.8925,76099940,0.0000
2018-05-25,249.8800,250.0300,240.2500,249.2800,61.7568,58283260,0.1500
2018-06-01,248.5500,257.8700,246.7000,257.6200,63.8230,41487904,0.0000
2018-06-08,259.0000,266.5900,257.7000,262.2800,64.9774,53374957,0.0000
2018-06-15,261.7700,269.2000,259.6600,265.2600,65.7157,44625296,0.0000
2018-06-22,263.4800,265.8000,250.3300,250.9500,62.1705,52866352,0.0000
2018-06-29,246.6500,246.8000,235.0100,236.9000,58.6898,58222645,0.0000
2018-07-06,234.0900,247.6700,233.2600,247.3300,61.2737,29571943,0.0000
2018-07-13,250.3300,254.1400,246.0700,249.3200,61.7667,40601823,0.0000
2018-07-20,248.2000,254.3000,245.1800,250.8900,62.1557,32376306,0.0000
2018-07-27,249.8200,256.6000,243.2800,252.0200,62.4356,39923380,0.0000
2018-08-03,252.5900,253.0600,241.2100,252.1000,62.4554,34796015,0.0000
2018-08-10,251.5900,260.2400,249.7100,254.7900,63.1219,29716017,0.0000
2018-08-17,255.1400,263.6400,243.7300,244.8200,60.6519,84425208,0.0000
2018-08-24,243.1800,272.8100,238.7200,272.2200,67.4400,88260663,0.0000
2018-08-31,273.4200,281.7200,269.5300,280.6800,69.5733,51361753,0.1500
2018-09-07,280.1500,285.2200,267.1900,271.8600,67.3871,35077303,0.0000
2018-09-14,272.7700,279.1000,261.9200,276.4300,68.5199,39370301,0.0000
2018-09-21,275.4000,278.2400,262.1100,263.4500,65.3025,39890403,0.0000
2018-09-28,262.2000,281.9200,258.6800,281.0200,69.6576,44166891,0.0000
2018-10-05,284.1600,292.7600,267.5400,269.8600,66.8913,53610690,0.0000
2018-10-12,266.5000,271.1600,234.2600,246.5400,61.1109,67518058,0.0000
2018-10-19,246.0000,249.8800,227.7000,229.1700,56.8053,58144325,0.0000
2018-10-26,231.2800,235.3200,193.1200,198.2900,49.1510,87401903,0.0000
2018-11-02,203.9900,222.0000,176.0100,214.9200,53.2731,83261723,0.0000
2018-11-09,214.3900,217.4100,201.0400,205.6700,50.9803,52168692,0.0000
2018-11-16,201.9800,206.8800,161.6100,164.4300,40.7580,114815886,0.0000
2018-11-23,161.7900,161.8200,133.3100,145.0000,35.9418,120682894,0.0000
2018-11-30,149.8900,163.8600,146.5600,163.4300,40.5513,90903903,0.1600
2018-12-07,172.6000,174.6800,145.6200,147.6100,36.6259,76922586,0.0000
2018-12-14,145.8000,155.8900,144.8200,146.4500,36.3381,72468220,0.0000
2018-12-21,145.2400,150.3300,128.4600,129.5700,32.1497,89648303,0.0000
2018-12-28,126.4900,137.3900,124.4600,133.6500,33.1621,60611861,0.0000
2019-01-04,135.4000,138.4800,127.6900,136.1900,33.7923,56626612,0.0000
2019-01-11,138.5000,149.7500,136.4300,148.8300,36.9286,87758856,0.0000
2019-01-18,146.7200,157.9800,145.7700,156.9300,38.9384,74051420,0.0000
2019-01-25,155.7100,160.8800,147.5500,160.1500,39.7374,77919129,0.0000
2019-02-01,136.5500,146.7900,131.0000,144.7300,35.9113,152689768,0.0000
2019-02-08,145.3700,155.6000,144.1300,148.1700,36.7649,71805427,0.0000
2019-02-15,146.3900,163.8700,144.5000,157.3400,39.0402,100890638,0.0000
2019-02-22,156.9100,161.2600,155.1800,159.1900,39.4992,48579252,0.0000
2019-03-01,162.5600,165.2800,153.1100,156.4500,38.8596,58171676,0.1600
2019-03-08,158.0000,158.9200,144.8000,150.6400,37.4165,51224022,0.0000
2019-03-15,151.5900,171.5300,149.6900,169.8100,42.1780,84726148,0.0000
2019-03-22,171.0800,185.0000,167.8600,177.5000,44.0881,90826708,0.0000
2019-03-29,175.8600,181.7500,171.1100,179.5600,44.5998,66006254,0.0000
2019-04-05,183.2600,191.6500,180.3700,190.9500,47.4288,66316144,0.0000
2019-04-12,189.7200,193.4700,187.5600,190.0100,47.1954,53881176,0.0000
2019-04-18,189.7000,190.4600,183.1000,186.3000,46.2739,39176208,0.0000
2019-04-26,185.3500,192.8100,173.3000,178.0900,44.2346,57832055,0.0000
2019-05-03,178.4100,184.8700,175.5000,183.0100,45.4567,46015776,0.0000
2019-05-10,175.5000,180.3400,164.0000,168.8200,41.9321,65657672,0.0000
2019-05-17,163.5000,164.4300,154.9400,156.5300,38.8795,87181694,0.0000
2019-05-24,152.5500,155.7000,144.8800,145.1500,36.0529,55230362,0.0000
2019-05-31,145.8600,147.1800,135.3900,135.4600,33.6847,44304371,0.1600
2019-06-07,135.9100,146.8800,132.6000,145.5000,36.1814,59727250,0.0000
2019-06-14,147.7600,152.3600,142.8400,144.6400,35.9675,46201254,0.0000
2019-06-21,144.5700,157.3300,143.6500,151.7600,37.7380,49354940,0.0000
2019-06-28,152.6200,165.3700,150.7200,164.2300,40.8390,50549901,0.0000
2019-07-05,172.5700,173.9500,157.6800,160.2300,39.8443,43873718,0.0000
2019-07-12,157.8300,170.4700,155.0000,167.6100,41.6795,57841860,0.0000
2019-07-19,168.4600,172.7100,164.8400,168.4400,41.8858,44189067,0.0000
2019-07-26,169.3000,178.8900,169.0000,175.0700,43.5345,44430299,0.0000
2019-08-02,174.7800,175.9400,159.2800,161.1900,40.0830,41372747,0.0000
2019-08-09,153.8000,158.3100,148.9000,154.1800,38.3398,49352638,0.0000
2019-08-16,152.0800,161.5400,147.3900,159.5600,39.6777,65736035,0.0000
2019-08-23,164.1200,173.4500,161.6400,162.4400,40.3938,64525225,0.0000
2019-08-30,165.6100,170.8600,159.0000,167.5100,41.6959,37862350,0.1600
2019-09-06,164.5800,181.0900,163.2500,178.6500,44.4689,39952323,0.0000
2019-09-13,179.9000,188.4000,178.7900,181.9400,45.2878,44607032,0.0000
2019-09-20,178.9200,181.6000,172.2800,172.6900,42.9853,33448430,0.0000
2019-09-27,172.7000,179.0200,169.3200,171.7600,42.7538,37348986,0.0000
2019-10-04,172.8000,183.1500,170.1300,181.9700,45.2953,39677941,0.0000
2019-10-11,184.5800,189.3400,176.5000,185.9900,46.2959,50598044,0.0000
2019-10-18,185.6400,199.2900,184.3900,190.4900,47.4160,46932818,0.0000
2019-10-25,192.9600,205.3800,191.0300,204.5400,50.9133,38678410,0.0000
2019-11-01,206.3000,208.9000,197.8100,202.5900,50.4279,30880947,0.0000
2019-11-08,205.8500,211.7000,204.1100,207.7800,51.7198,35408637,0.0000
2019-11-15,207.7500,211.8600,200.6400,204.1900,50.8262,60280411,0.0000
2019-11-22,203.8900,214.5500,203.7700,210.8900,52.4939,49405107,0.0000
2019-11-29,216.0400,221.4100,215.5200,216.7400,53.9896,31275351,0.1600
2019-12-06,216.4600,217.0000,200.3700,212.1700,52.8512,38479755,0.0000
2019-12-13,211.2500,228.9800,210.9000,223.9900,55.7956,39172062,0.0000
2019-12-20,225.9000,240.3900,224.7700,239.3700,59.6267,51133532,0.0000
2019-12-27,240.5200,241.8100,235.8100,236.8700,59.0040,23307114,0.0000
2020-01-03,235.9900,239.9100,230.1300,236.0700,58.8047,23322738,0.0000
2020-01-10,232.3200,248.5500,231.2700,244.3200,60.8598,35781586,0.0000
2020-01-17,247.6600,252.9900,244.5300,249.2800,62.0953,36755842,0.0000
2020-01-24,247.8100,259.5000,246.5700,250.4800,62.3942,26752927,0.0000
2020-01-31,238.2400,249.2700,232.2300,236.4300,58.8944,42547117,0.0000
